time,stage,rewire_side,rewire_phase,rewire_time_s,remaining_layers_before_rewire,parallel_rewire,adaptive_parallel_rewire,absorb_side,it_left,it_right,layers_left,layers_right,u_consumed_total_left,u_consumed_total_right,u_consumed_total,swap_consumed,u_consumed,u_consumed_after_unswap,probe_left_time_s,probe_right_time_s,probe_total_time_s,probe_wall_time_s,probe_left_total_elems,probe_right_total_elems,probe_left_max_bond,probe_right_max_bond,probe_left_hit_max_bond,probe_right_hit_max_bond,probe_left_over_unswap_threshold,probe_right_over_unswap_threshold,selected_total_elems,selected_max_bond,selected_hit_max_bond,compression_max_bond_limit,compression_cutoff,unswap_trigger_max_bond,cycle_start_total_elems,no_progress_unswap_cycles,absorb_score_mode,probe_left_score,probe_right_score,absorb_lookahead_depth,absorb_lookahead_depth_used,absorb_lookahead_candidates,absorb_lookahead_choice,absorb_lookahead_score,absorb_lookahead_time_s,late_gate_beam_plan_id,late_gate_beam_preferred_side,late_gate_beam_plan_remaining,flip_freq_active,flip_schedule,flip_schedule_switch_gate,max_bond,max_links,total_elems,total_shapes,total_links,num_tensors,iteration,side,parity,candidate_pairs,candidate_pairs_total,new_swaps,new_swap_pairs,total_swaps,pair_lookahead_probes,pair_lookahead_candidates,pair_lookahead_current_score,pair_lookahead_best_score,alignment_score,route_proxy_weight,route_proxy_lookahead,route_proxy_rejected_swaps,route_proxy_added_swaps,alignment_weight,alignment_protect_gain,alignment_tie_loss,unswap_cycle,unswap_cycle_time_s,gates_consumed,total_work_gates,remaining_work_gates,cycle_gates_consumed,hit_max_bond,cycle_memory_enabled,cycle_memory_repeat,cycle_memory_repeat_of,cycle_memory_tabu_pairs,work_counters,perm_left,perm_right,next_left,next_right,bond_profile_coarse,routing_state_hash,sabre_trials,adaptive_parallel_rewire_probed,cycle_work_consumed_before_rewire,route_candidates,route_score,route_score_time_s,route_chosen_seed,route_rewire_time_s,rewire_wall_time_s,termination_reason,termination_detail,abort_after_no_progress_unswap_cycles,initial_rewire_time_s,initial_rewire_wall_time_s,post_unswap_rewire_time_s,post_unswap_rewire_wall_time_s,absorb_probe_time_s,absorb_probe_wall_time_s,unswap_time_s,accounted_time_s,accounted_wall_time_s
0.5885960419545881,rewiring,left,initial,0.5008230000385083,597,False,False,,,,,,,,,,,,,,,,,,,,,,,,,,,,,,,,,,,,,,,,,,,,,,,,,,,,,,,,,,,,,,,,,,,,,,,,,,,,,,,,,,,,,,,,,,,,,,,,,,,,,,,,,,,,,,,
0.9855319169582799,rewiring,right,initial,0.39669587498065084,634,False,False,,,,,,,,,,,,,,,,,,,,,,,,,,,,,,,,,,,,,,,,,,,,,,,,,,,,,,,,,,,,,,,,,,,,,,,,,,,,,,,,,,,,,,,,,,,,,,,,,,,,,,,,,,,,,,,
1.061091999989003,absorbing,,,,,,,L,1,0,595,632,0,0,0,9,0,0,0.03322225000010803,0.02723720797803253,0.06045945797814056,0.060911958978977054,176,376,1,4,False,False,False,False,176,1,False,512,0.0006,,176,0,total_elems,176,376,1,1,,,,0.0,,,,,,,1,4,176,262,174,44,,,,,,,,,,,,,,,,,,,,,,,,,,,,,,,,,,,,,,,,,,,,,,,,,,,,,,,,,,,
1.1207198330084793,absorbing,,,,,,,R,1,1,595,632,0,2,2,7,2,2,0.029609583027195185,0.026363999990280718,0.0559735830174759,0.05651541595580056,508,376,4,4,False,False,False,False,376,4,False,512,0.0006,,176,0,total_elems,508,376,1,1,,,,0.0,,,,,,,4,4,376,312,174,44,,,,,,,,,,,,,,,,,,,,,,,,,,,,,,,,,,,,,,,,,,,,,,,,,,,,,,,,,,,
1.17759912495967,absorbing,,,,,,,L,2,1,595,632,2,2,4,8,2,4,0.029174832976423204,0.023618125007487833,0.05279295798391104,0.05337137501919642,780,868,4,4,False,False,False,False,780,4,False,512,0.0006,,176,0,total_elems,780,868,1,1,,,,0.0,,,,,,,4,4,780,362,174,44,,,,,,,,,,,,,,,,,,,,,,,,,,,,,,,,,,,,,,,,,,,,,,,,,,,,,,,,,,,
1.2295955829904415,absorbing,,,,,,,L,3,1,595,632,2,2,4,9,0,4,0.024378375033847988,0.023866750008892268,0.048245125042740256,0.04878166696289554,1140,1320,4,8,False,False,False,False,1140,4,False,512,0.0006,,176,0,total_elems,1140,1320,1,1,,,,0.0,,,,,,,4,4,1140,398,174,44,,,,,,,,,,,,,,,,,,,,,,,,,,,,,,,,,,,,,,,,,,,,,,,,,,,,,,,,,,,
1.2807535419706255,absorbing,,,,,,,R,3,2,595,632,2,2,4,8,0,4,0.023586583032738417,0.02349499997217208,0.0470815830049105,0.047778792039025575,2484,1968,16,16,False,False,False,False,1968,16,False,512,0.0006,,176,0,total_elems,2484,1968,1,1,,,,0.0,,,,,,,16,4,1968,458,174,44,,,,,,,,,,,,,,,,,,,,,,,,,,,,,,,,,,,,,,,,,,,,,,,,,,,,,,,,,,,
1.3346355829853565,absorbing,,,,,,,R,3,3,595,632,2,3,5,10,1,5,0.02441866701701656,0.02563129097688943,0.05004995799390599,0.05058675003238022,4788,3220,16,16,False,False,False,False,3220,16,False,512,0.0006,,176,0,total_elems,4788,3220,1,1,,,,0.0,,,,,,,16,4,3220,528,174,44,,,,,,,,,,,,,,,,,,,,,,,,,,,,,,,,,,,,,,,,,,,,,,,,,,,,,,,,,,,
1.398003082955256,absorbing,,,,,,,L,4,3,595,632,2,3,5,10,0,5,0.025524709024466574,0.03355762496357784,0.05908233398804441,0.059687667002435774,6352,7476,16,16,False,False,False,False,6352,16,False,512,0.0006,,176,0,total_elems,6352,7476,1,1,,,,0.0,,,,,,,16,4,6352,626,174,44,,,,,,,,,,,,,,,,,,,,,,,,,,,,,,,,,,,,,,,,,,,,,,,,,,,,,,,,,,,
1.4595849170000292,absorbing,,,,,,,R,4,4,595,632,2,4,6,9,1,6,0.027758165961131454,0.02951858303276822,0.05727674899389967,0.05783866695128381,15280,14512,64,43,False,False,False,False,14512,43,False,512,0.0006,,176,0,total_elems,15280,14512,1,1,,,,0.0,,,,,,,43,4,14512,854,174,44,,,,,,,,,,,,,,,,,,,,,,,,,,,,,,,,,,,,,,,,,,,,,,,,,,,,,,,,,,,
1.5347063329536468,absorbing,,,,,,,R,4,5,595,632,2,6,8,7,2,8,0.0327142080059275,0.03835845796857029,0.0710726659744978,0.07165404199622571,28112,27916,64,64,False,False,False,False,27916,64,False,512,0.0006,,176,0,total_elems,28112,27916,1,1,,,,0.0,,,,,,,64,4,27916,1066,174,44,,,,,,,,,,,,,,,,,,,,,,,,,,,,,,,,,,,,,,,,,,,,,,,,,,,,,,,,,,,
1.6242670830106363,absorbing,,,,,,,L,5,5,595,632,2,6,8,10,0,8,0.04002374998526648,0.04514904198003933,0.0851727919653058,0.08585412497632205,45132,54052,64,64,False,False,False,False,45132,64,False,512,0.0006,,176,0,total_elems,45132,54052,1,1,,,,0.0,,,,,,,64,4,45132,1324,174,44,,,,,,,,,,,,,,,,,,,,,,,,,,,,,,,,,,,,,,,,,,,,,,,,,,,,,,,,,,,
1.8686976669705473,absorbing,,,,,,,R,5,6,595,632,2,6,8,9,0,8,0.16948983300244436,0.0703625000314787,0.23985233303392306,0.24053095799172297,104868,98628,64,64,False,False,False,False,98628,64,False,512,0.0006,,176,0,total_elems,104868,98628,1,1,,,,0.0,,,,,,,64,4,98628,1636,174,44,,,,,,,,,,,,,,,,,,,,,,,,,,,,,,,,,,,,,,,,,,,,,,,,,,,,,,,,,,,
2.1534673330024816,absorbing,,,,,,,R,5,7,595,632,2,6,8,10,0,8,0.12879404099658132,0.15109891700558364,0.27989295800216496,0.28060474997619167,234116,229600,256,256,False,False,False,False,229600,256,False,512,0.0006,,176,0,total_elems,234116,229600,1,1,,,,0.0,,,,,,,256,4,229600,2276,174,44,,,,,,,,,,,,,,,,,,,,,,,,,,,,,,,,,,,,,,,,,,,,,,,,,,,,,,,,,,,
5.988378416979685,unswapping,,,,,,,,,,,,,,,,,,,,,,,,,,,,,,,,,,,,,,,,,,,,,,,,,,,,,256,4,266656,2404,174,44,0,both,0,22,22,5,"[[2, 3], [10, 11], [12, 13], [26, 27], [34, 35]]",5,,,,,0,,,,,,,,,,,,,,,,,,,,,,,,,,,,,,,,,,,,,,,,,,,,,,
7.000856083002873,unswapping,,,,,,,,,,,,,,,,,,,,,,,,,,,,,,,,,,,,,,,,,,,,,,,,,,,,,64,4,135648,1836,174,44,0,both,1,21,21,3,"[[23, 24], [31, 32], [35, 36]]",8,,,,,0,,,,,,,,,,,,,,,,,,,,,,,,,,,,,,,,,,,,,,,,,,,,,,
7.318158791982569,unswapping,,,,,,,,,,,,,,,,,,,,,,,,,,,,,,,,,,,,,,,,,,,,,,,,,,,,,64,4,112800,1660,174,44,0,left,0,22,22,4,"[[14, 15], [22, 23], [30, 31], [34, 35]]",12,,,,,8,,,,,,,,,,,,,,,,,,,,,,,,,,,,,,,,,,,,,,,,,,,,,,
7.679385749972425,unswapping,,,,,,,,,,,,,,,,,,,,,,,,,,,,,,,,,,,,,,,,,,,,,,,,,,,,,64,4,70464,1390,174,44,0,left,1,21,21,6,"[[1, 2], [11, 12], [13, 14], [29, 30], [33, 34], [37, 38]]",18,,,,,20,,,,,,,,,,,,,,,,,,,,,,,,,,,,,,,,,,,,,,,,,,,,,,
7.8569613749859855,unswapping,,,,,,,,,,,,,,,,,,,,,,,,,,,,,,,,,,,,,,,,,,,,,,,,,,,,,64,4,43020,1122,174,44,0,right,0,22,22,6,"[[4, 5], [6, 7], [28, 29], [32, 33], [36, 37], [40, 41]]",24,,,,,32,,,,,,,,,,,,,,,,,,,,,,,,,,,,,,,,,,,,,,,,,,,,,,
8.013012417010032,unswapping,,,,,,,,,,,,,,,,,,,,,,,,,,,,,,,,,,,,,,,,,,,,,,,,,,,,,64,4,23884,962,174,44,0,right,1,21,21,7,"[[3, 4], [7, 8], [19, 20], [27, 28], [31, 32], [35, 36], [39, 40]]",31,,,,,46,,,,,,,,,,,,,,,,,,,,,,,,,,,,,,,,,,,,,,,,,,,,,,
8.160576583002694,unswapping,,,,,,,,,,,,,,,,,,,,,,,,,,,,,,,,,,,,,,,,,,,,,,,,,,,,,16,4,13608,790,174,44,1,both,0,22,22,6,"[[0, 1], [2, 3], [30, 31], [32, 33], [36, 37], [38, 39]]",6,,,,,62,,,,,,,,,,,,,,,,,,,,,,,,,,,,,,,,,,,,,,,,,,,,,,
8.26674358296441,unswapping,,,,,,,,,,,,,,,,,,,,,,,,,,,,,,,,,,,,,,,,,,,,,,,,,,,,,16,4,10064,702,174,44,1,both,1,21,21,5,"[[11, 12], [13, 14], [31, 32], [39, 40], [41, 42]]",11,,,,,70,,,,,,,,,,,,,,,,,,,,,,,,,,,,,,,,,,,,,,,,,,,,,,
8.320580041967332,unswapping,,,,,,,,,,,,,,,,,,,,,,,,,,,,,,,,,,,,,,,,,,,,,,,,,,,,,16,4,9296,668,174,44,1,left,0,22,22,2,"[[32, 33], [40, 41]]",13,,,,,72,,,,,,,,,,,,,,,,,,,,,,,,,,,,,,,,,,,,,,,,,,,,,,
8.375297166989185,unswapping,,,,,,,,,,,,,,,,,,,,,,,,,,,,,,,,,,,,,,,,,,,,,,,,,,,,,16,4,6572,606,174,44,1,left,1,21,21,4,"[[1, 2], [31, 32], [35, 36], [37, 38]]",17,,,,,76,,,,,,,,,,,,,,,,,,,,,,,,,,,,,,,,,,,,,,,,,,,,,,
8.424418957962189,unswapping,,,,,,,,,,,,,,,,,,,,,,,,,,,,,,,,,,,,,,,,,,,,,,,,,,,,,16,4,5944,566,174,44,1,right,0,22,22,4,"[[8, 9], [20, 21], [26, 27], [36, 37]]",21,,,,,80,,,,,,,,,,,,,,,,,,,,,,,,,,,,,,,,,,,,,,,,,,,,,,
8.470700124977157,unswapping,,,,,,,,,,,,,,,,,,,,,,,,,,,,,,,,,,,,,,,,,,,,,,,,,,,,,16,4,5244,544,174,44,1,right,1,21,21,2,"[[25, 26], [33, 34]]",23,,,,,84,,,,,,,,,,,,,,,,,,,,,,,,,,,,,,,,,,,,,,,,,,,,,,
8.552011457970366,unswapping,,,,,,,,,,,,,,,,,,,,,,,,,,,,,,,,,,,,,,,,,,,,,,,,,,,,,16,4,3424,478,174,44,2,both,0,22,22,5,"[[12, 13], [14, 15], [34, 35], [36, 37], [42, 43]]",5,,,,,98,,,,,,,,,,,,,,,,,,,,,,,,,,,,,,,,,,,,,,,,,,,,,,
8.628585207974538,unswapping,,,,,,,,,,,,,,,,,,,,,,,,,,,,,,,,,,,,,,,,,,,,,,,,,,,,,16,4,2956,444,174,44,2,both,1,21,21,5,"[[9, 10], [13, 14], [21, 22], [33, 34], [41, 42]]",10,,,,,110,,,,,,,,,,,,,,,,,,,,,,,,,,,,,,,,,,,,,,,,,,,,,,
8.646521499962546,unswapping,,,,,,,,,,,,,,,,,,,,,,,,,,,,,,,,,,,,,,,,,,,,,,,,,,,,,16,4,2956,444,174,44,2,left,0,22,22,0,[],10,,,,,110,,,,,,,,,,,,,,,,,,,,,,,,,,,,,,,,,,,,,,,,,,,,,,
8.664931375009473,unswapping,,,,,,,,,,,,,,,,,,,,,,,,,,,,,,,,,,,,,,,,,,,,,,,,,,,,,16,4,2956,444,174,44,2,left,1,21,21,0,[],10,,,,,110,,,,,,,,,,,,,,,,,,,,,,,,,,,,,,,,,,,,,,,,,,,,,,
8.707708708010614,unswapping,,,,,,,,,,,,,,,,,,,,,,,,,,,,,,,,,,,,,,,,,,,,,,,,,,,,,16,4,2896,438,174,44,2,right,0,22,22,1,"[[24, 25]]",11,,,,,112,,,,,,,,,,,,,,,,,,,,,,,,,,,,,,,,,,,,,,,,,,,,,,
8.748114582966082,unswapping,,,,,,,,,,,,,,,,,,,,,,,,,,,,,,,,,,,,,,,,,,,,,,,,,,,,,16,4,2848,434,174,44,2,right,1,21,21,1,"[[33, 34]]",12,,,,,112,,,,,,,,,,,,,,,,,,,,,,,,,,,,,,,,,,,,,,,,,,,,,,
8.819141957967076,unswapping,,,,,,,,,,,,,,,,,,,,,,,,,,,,,,,,,,,,,,,,,,,,,,,,,,,,,16,4,2728,422,174,44,3,both,0,22,22,2,"[[10, 11], [22, 23]]",2,,,,,116,,,,,,,,,,,,,,,,,,,,,,,,,,,,,,,,,,,,,,,,,,,,,,
8.89939062501071,unswapping,,,,,,,,,,,,,,,,,,,,,,,,,,,,,,,,,,,,,,,,,,,,,,,,,,,,,16,4,2668,416,174,44,3,both,1,21,21,1,"[[11, 12]]",3,,,,,120,,,,,,,,,,,,,,,,,,,,,,,,,,,,,,,,,,,,,,,,,,,,,,
8.93434483296005,unswapping,,,,,,,,,,,,,,,,,,,,,,,,,,,,,,,,,,,,,,,,,,,,,,,,,,,,,16,4,2668,416,174,44,3,left,0,22,22,0,[],3,,,,,120,,,,,,,,,,,,,,,,,,,,,,,,,,,,,,,,,,,,,,,,,,,,,,
8.976293042011093,unswapping,,,,,,,,,,,,,,,,,,,,,,,,,,,,,,,,,,,,,,,,,,,,,,,,,,,,,16,4,2644,410,174,44,3,left,1,21,21,1,"[[23, 24]]",4,,,,,122,,,,,,,,,,,,,,,,,,,,,,,,,,,,,,,,,,,,,,,,,,,,,,
8.994227582996245,unswapping,,,,,,,,,,,,,,,,,,,,,,,,,,,,,,,,,,,,,,,,,,,,,,,,,,,,,16,4,2644,410,174,44,3,right,0,22,22,0,[],4,,,,,122,,,,,,,,,,,,,,,,,,,,,,,,,,,,,,,,,,,,,,,,,,,,,,
9.012344416987617,unswapping,,,,,,,,,,,,,,,,,,,,,,,,,,,,,,,,,,,,,,,,,,,,,,,,,,,,,16,4,2644,410,174,44,3,right,1,21,21,0,[],4,,,,,122,,,,,,,,,,,,,,,,,,,,,,,,,,,,,,,,,,,,,,,,,,,,,,
9.087746792007238,unswapping,,,,,,,,,,,,,,,,,,,,,,,,,,,,,,,,,,,,,,,,,,,,,,,,,,,,,16,4,2584,404,174,44,4,both,0,22,22,1,"[[12, 13]]",1,,,,,124,,,,,,,,,,,,,,,,,,,,,,,,,,,,,,,,,,,,,,,,,,,,,,
9.159921957994811,unswapping,,,,,,,,,,,,,,,,,,,,,,,,,,,,,,,,,,,,,,,,,,,,,,,,,,,,,16,4,2512,400,174,44,4,both,1,21,21,1,"[[13, 14]]",2,,,,,124,,,,,,,,,,,,,,,,,,,,,,,,,,,,,,,,,,,,,,,,,,,,,,
9.199875916994642,unswapping,,,,,,,,,,,,,,,,,,,,,,,,,,,,,,,,,,,,,,,,,,,,,,,,,,,,,16,4,2224,392,174,44,4,left,0,22,22,1,"[[14, 15]]",3,,,,,124,,,,,,,,,,,,,,,,,,,,,,,,,,,,,,,,,,,,,,,,,,,,,,
9.216783582989592,unswapping,,,,,,,,,,,,,,,,,,,,,,,,,,,,,,,,,,,,,,,,,,,,,,,,,,,,,16,4,2224,392,174,44,4,left,1,21,21,0,[],3,,,,,124,,,,,,,,,,,,,,,,,,,,,,,,,,,,,,,,,,,,,,,,,,,,,,
9.234215957985725,unswapping,,,,,,,,,,,,,,,,,,,,,,,,,,,,,,,,,,,,,,,,,,,,,,,,,,,,,16,4,2224,392,174,44,4,right,0,22,22,0,[],3,,,,,124,,,,,,,,,,,,,,,,,,,,,,,,,,,,,,,,,,,,,,,,,,,,,,
9.25102116697235,unswapping,,,,,,,,,,,,,,,,,,,,,,,,,,,,,,,,,,,,,,,,,,,,,,,,,,,,,16,4,2224,392,174,44,4,right,1,21,21,0,[],3,,,,,124,,,,,,,,,,,,,,,,,,,,,,,,,,,,,,,,,,,,,,,,,,,,,,
9.284880957973655,unswapping,,,,,,,,,,,,,,,,,,,,,,,,,,,,,,,,,,,,,,,,,,,,,,,,,,,,,16,4,2224,392,174,44,5,both,0,22,22,0,[],0,,,,,124,,,,,,,,,,,,,,,,,,,,,,,,,,,,,,,,,,,,,,,,,,,,,,
9.317921000008937,unswapping,,,,,,,,,,,,,,,,,,,,,,,,,,,,,,,,,,,,,,,,,,,,,,,,,,,,,16,4,2224,392,174,44,5,both,1,21,21,0,[],0,,,,,124,,,,,,,,,,,,,,,,,,,,,,,,,,,,,,,,,,,,,,,,,,,,,,
9.335395707981661,unswapping,,,,,,,,,,,,,,,,,,,,,,,,,,,,,,,,,,,,,,,,,,,,,,,,,,,,,16,4,2224,392,174,44,5,left,0,22,22,0,[],0,,,,,124,,,,,,,,,,,,,,,,,,,,,,,,,,,,,,,,,,,,,,,,,,,,,,
9.352450500009581,unswapping,,,,,,,,,,,,,,,,,,,,,,,,,,,,,,,,,,,,,,,,,,,,,,,,,,,,,16,4,2224,392,174,44,5,left,1,21,21,0,[],0,,,,,124,,,,,,,,,,,,,,,,,,,,,,,,,,,,,,,,,,,,,,,,,,,,,,
9.369635957991704,unswapping,,,,,,,,,,,,,,,,,,,,,,,,,,,,,,,,,,,,,,,,,,,,,,,,,,,,,16,4,2224,392,174,44,5,right,0,22,22,0,[],0,,,,,124,,,,,,,,,,,,,,,,,,,,,,,,,,,,,,,,,,,,,,,,,,,,,,
9.386739542009309,unswapping,,,,,,,,,,,,,,,,,,,,,,,,,,,,,,,,,,,,,,,,,,,,,,,,,,,,,16,4,2224,392,174,44,5,right,1,21,21,0,[],0,,,,,124,,,,,,,,,,,,,,,,,,,,,,,,,,,,,,,,,,,,,,,,,,,,,,
9.484200999955647,unswap_cycle_summary,,,,,,,,,,,,2,6,8,,,,,,,,,,,,,,,,,,,512,0.0006,,,,,,,,,,,,,,,,,,,16,4,2224,392,174,44,,,,,,,,,,,,,,,,,,,,,1,6.5033896249951795,8,902,894,8,False,False,False,,0,"[2, 6]","[3, 2, 0, 1, 4, 5, 6, 7, 8, 11, 10, 12, 14, 13, 15, 9, 16, 17, 18, 19, 20, 24, 22, 23, 21, 25, 27, 26, 28, 32, 30, 31, 36, 38, 29, 33, 39, 35, 34, 40, 42, 43, 37, 41]","[1, 0, 5, 3, 2, 4, 7, 8, 9, 11, 13, 14, 15, 10, 6, 12, 16, 17, 18, 20, 21, 22, 24, 19, 29, 23, 25, 27, 26, 28, 33, 31, 30, 35, 37, 32, 34, 36, 41, 39, 38, 43, 42, 40]","{'index': 6, 'interactions': [('unitary', (24, 25))]}","{'index': 10, 'interactions': [('unitary', (8, 9))]}","[1, 0, 0, 0, 0, 0, 0, 0, 0, 0, 0, 0, 0, 1, 2, 4, 4, 2, 0, 0, 0, 0, 0, 0, 0, 0, 0, 0, 0, 0, 1, 2, 2, 1, 1, 2, 2, 2, 2, 2, 2, 0, 0]",1b9468b9614a7a698ca244c9e0bd18fd29cc52ba64e5ea6d8a00bcfa8d6af0a0,,,,,,,,,,,,,,,,,,,,,
10.083883791987319,rewiring,left,post_unswap,0.5946061669965275,592,False,False,,,,,,,,,,,,,,,,,,,,,,,,,,,,,,,,,,,,,,,,,,,,,,,,,,,,,,,,,,,,,,,,,,,,,,,,,1,,,,,,,,,,,,,,,,,,50,False,8,1,none,0.0,2024,0.594596459006425,1.2860595000092871,,,,,,,,,,,,
10.774701249960344,rewiring,right,post_unswap,0.6905487080221064,627,False,False,,,,,,,,,,,,,,,,,,,,,,,,,,,,,,,,,,,,,,,,,,,,,,,,,,,,,,,,,,,,,,,,,,,,,,,,,1,,,,,,,,,,,,,,,,,,50,False,8,1,none,0.0,2024,0.6905421250266954,1.2860595000092871,,,,,,,,,,,,
10.783187958004419,cycle_progress,,,,,,,,,,,,2,6,8,,,,,,,,,,,,,,,,,,,512,0.0006,,176,0,,,,,,,,,,,,,,,,16,4,2224,392,174,44,,,,,,,,,,,,,,,,,,,,,1,,8,902,894,8,False,,,,,,,,,,,,,,,,,,,,1.2860595000092871,,,,,,,,,,,,
10.859033749962691,absorbing,,,,,,,L,1,0,695,578,2,6,8,8,0,0,0.028572125011123717,0.029437124961987138,0.058009249973110855,0.06763512501493096,2224,2808,16,16,False,False,False,False,2224,16,False,512,0.0006,,2224,0,total_elems,2224,2808,1,1,,,,0.0,,,,,,,16,4,2224,392,174,44,,,,,,,,,,,,,,,,,,,,,,,,,,,,,,,,,,,,,,,,,,,,,,,,,,,,,,,,,,,
10.918213207973167,absorbing,,,,,,,R,1,1,695,578,2,6,8,8,0,0,0.026503417000640184,0.025723082944750786,0.05222649994539097,0.05294654204044491,2944,2808,16,16,False,False,False,False,2808,16,False,512,0.0006,,2224,0,total_elems,2944,2808,1,1,,,,0.0,,,,,,,16,4,2808,454,174,44,,,,,,,,,,,,,,,,,,,,,,,,,,,,,,,,,,,,,,,,,,,,,,,,,,,,,,,,,,,
10.976572832965758,absorbing,,,,,,,L,2,1,695,578,3,6,9,10,1,1,0.02691191603662446,0.024550542002543807,0.05146245803916827,0.05201512499479577,3536,5604,16,16,False,False,False,False,3536,16,False,512,0.0006,,2224,0,total_elems,3536,5604,1,1,,,,0.0,,,,,,,16,4,3536,492,174,44,,,,,,,,,,,,,,,,,,,,,,,,,,,,,,,,,,,,,,,,,,,,,,,,,,,,,,,,,,,
11.035654374980368,absorbing,,,,,,,L,3,1,695,578,4,6,10,10,1,2,0.026864292041864246,0.024869415967259556,0.0517337080091238,0.052346708020195365,4992,6132,16,16,False,False,False,False,4992,16,False,512,0.0006,,2224,0,total_elems,4992,6132,1,1,,,,0.0,,,,,,,16,4,4992,580,174,44,,,,,,,,,,,,,,,,,,,,,,,,,,,,,,,,,,,,,,,,,,,,,,,,,,,,,,,,,,,
11.09441604197491,absorbing,,,,,,,R,3,2,695,578,4,6,10,10,0,2,0.02691733301617205,0.024117459019180387,0.05103479203535244,0.05158554099034518,10984,9160,31,16,False,False,False,False,9160,16,False,512,0.0006,,2224,0,total_elems,10984,9160,1,1,,,,0.0,,,,,,,16,4,9160,668,174,44,,,,,,,,,,,,,,,,,,,,,,,,,,,,,,,,,,,,,,,,,,,,,,,,,,,,,,,,,,,
11.169221916992683,absorbing,,,,,,,L,4,2,695,578,5,6,11,8,1,3,0.033809833985287696,0.03381212503882125,0.06762195902410895,0.06824562500696629,18336,21580,64,64,False,False,False,False,18336,64,False,512,0.0006,,2224,0,total_elems,18336,21580,1,1,,,,0.0,,,,,,,64,4,18336,866,174,44,,,,,,,,,,,,,,,,,,,,,,,,,,,,,,,,,,,,,,,,,,,,,,,,,,,,,,,,,,,
11.252035874989815,absorbing,,,,,,,L,5,2,695,578,5,6,11,7,0,3,0.03531987499445677,0.0407153750420548,0.07603525003651157,0.07656949997181073,26232,39720,64,64,False,False,False,False,26232,64,False,512,0.0006,,2224,0,total_elems,26232,39720,1,1,,,,0.0,,,,,,,64,4,26232,980,174,44,,,,,,,,,,,,,,,,,,,,,,,,,,,,,,,,,,,,,,,,,,,,,,,,,,,,,,,,,,,
11.393961832975037,absorbing,,,,,,,L,6,2,695,578,6,6,12,7,1,4,0.041652249987237155,0.09357158304192126,0.1352238330291584,0.13576433301204816,37176,46764,64,64,False,False,False,False,37176,64,False,512,0.0006,,2224,0,total_elems,37176,46764,1,1,,,,0.0,,,,,,,64,4,37176,1170,174,44,,,,,,,,,,,,,,,,,,,,,,,,,,,,,,,,,,,,,,,,,,,,,,,,,,,,,,,,,,,
11.524807541980408,absorbing,,,,,,,R,6,3,695,578,6,6,12,10,0,4,0.06721458298852667,0.05658316699555144,0.12379774998407811,0.12442833301611245,70252,57356,64,64,False,False,False,False,57356,64,False,512,0.0006,,2224,0,total_elems,70252,57356,1,1,,,,0.0,,,,,,,64,4,57356,1342,174,44,,,,,,,,,,,,,,,,,,,,,,,,,,,,,,,,,,,,,,,,,,,,,,,,,,,,,,,,,,,
11.661236124986317,absorbing,,,,,,,R,6,4,695,578,6,6,12,3,0,4,0.07450383296236396,0.054168457980267704,0.12867229094263166,0.12939412496052682,90472,56196,64,64,False,False,False,False,56196,64,False,512,0.0006,,2224,0,total_elems,90472,56196,1,1,,,,0.0,,,,,,,64,4,56196,1334,174,44,,,,,,,,,,,,,,,,,,,,,,,,,,,,,,,,,,,,,,,,,,,,,,,,,,,,,,,,,,,
11.792875874962192,absorbing,,,,,,,R,6,5,695,578,6,6,12,4,0,4,0.07246920798206702,0.05061962502077222,0.12308883300283924,0.12365420802962035,89380,56484,64,64,False,False,False,False,56484,64,False,512,0.0006,,2224,0,total_elems,89380,56484,1,1,,,,0.0,,,,,,,64,4,56484,1376,174,44,,,,,,,,,,,,,,,,,,,,,,,,,,,,,,,,,,,,,,,,,,,,,,,,,,,,,,,,,,,
11.915195624984335,absorbing,,,,,,,R,6,6,695,578,6,6,12,6,0,4,0.06502670800546184,0.04985762503929436,0.1148843330447562,0.11552370799472556,89972,72116,64,64,False,False,False,False,72116,64,False,512,0.0006,,2224,0,total_elems,89972,72116,1,1,,,,0.0,,,,,,,64,4,72116,1516,174,44,,,,,,,,,,,,,,,,,,,,,,,,,,,,,,,,,,,,,,,,,,,,,,,,,,,,,,,,,,,
12.055967041989788,absorbing,,,,,,,R,6,7,695,578,6,6,12,5,0,4,0.07337408303283155,0.05821870802901685,0.1315927910618484,0.1328062919783406,106728,73704,64,64,False,False,False,False,73704,64,False,512,0.0006,,2224,0,total_elems,106728,73704,1,1,,,,0.0,,,,,,,64,4,73704,1568,174,44,,,,,,,,,,,,,,,,,,,,,,,,,,,,,,,,,,,,,,,,,,,,,,,,,,,,,,,,,,,
12.212626332999207,absorbing,,,,,,,R,6,8,695,578,6,6,12,7,0,4,0.07475450000492856,0.07200116600142792,0.14675566600635648,0.1481605420121923,108504,84380,64,64,False,False,False,False,84380,64,False,512,0.0006,,2224,0,total_elems,108504,84380,1,1,,,,0.0,,,,,,,64,4,84380,1740,174,44,,,,,,,,,,,,,,,,,,,,,,,,,,,,,,,,,,,,,,,,,,,,,,,,,,,,,,,,,,,
12.405666292004753,absorbing,,,,,,,L,7,8,695,578,6,6,12,6,0,4,0.07969958300236613,0.09548945899587125,0.17518904199823737,0.1757776250015013,119764,122776,64,64,False,False,False,False,119764,64,False,512,0.0006,,2224,0,total_elems,119764,122776,1,1,,,,0.0,,,,,,,64,4,119764,2018,174,44,,,,,,,,,,,,,,,,,,,,,,,,,,,,,,,,,,,,,,,,,,,,,,,,,,,,,,,,,,,
12.71494029200403,absorbing,,,,,,,R,7,9,695,578,6,7,13,6,1,5,0.17948662501294166,0.12240316701354459,0.30188979202648625,0.3025582500267774,171732,162384,64,64,False,False,False,False,162384,64,False,512,0.0006,,2224,0,total_elems,171732,162384,1,1,,,,0.0,,,,,,,64,4,162384,2396,174,44,,,,,,,,,,,,,,,,,,,,,,,,,,,,,,,,,,,,,,,,,,,,,,,,,,,,,,,,,,,
13.077564957959112,absorbing,,,,,,,R,7,10,695,578,6,7,13,5,0,5,0.2067314170417376,0.14741137495730072,0.3541427919990383,0.35478600003989413,223184,185240,64,64,False,False,False,False,185240,64,False,512,0.0006,,2224,0,total_elems,223184,185240,1,1,,,,0.0,,,,,,,64,4,185240,2602,174,44,,,,,,,,,,,,,,,,,,,,,,,,,,,,,,,,,,,,,,,,,,,,,,,,,,,,,,,,,,,
13.446137707971502,absorbing,,,,,,,R,7,11,695,578,6,7,13,5,0,5,0.2063739169971086,0.15344225004082546,0.35981616703793406,0.36103516700677574,239896,239168,64,64,False,False,False,False,239168,64,False,512,0.0006,,2224,0,total_elems,239896,239168,1,1,,,,0.0,,,,,,,64,4,239168,2890,174,44,,,,,,,,,,,,,,,,,,,,,,,,,,,,,,,,,,,,,,,,,,,,,,,,,,,,,,,,,,,
13.980362583009992,absorbing,,,,,,,R,7,12,695,578,6,7,13,6,0,5,0.2885390000301413,0.23582958400947973,0.524368584039621,0.5258642499684356,293440,287392,64,64,False,False,False,False,287392,64,False,512,0.0006,,2224,0,total_elems,293440,287392,1,1,,,,0.0,,,,,,,64,4,287392,3084,174,44,,,,,,,,,,,,,,,,,,,,,,,,,,,,,,,,,,,,,,,,,,,,,,,,,,,,,,,,,,,
14.673782041994855,absorbing,,,,,,,R,7,13,695,578,6,8,14,6,1,6,0.3617652500397526,0.32252804102608934,0.6842932910658419,0.6854393749963492,341664,327712,64,128,False,False,False,False,327712,128,False,512,0.0006,,2224,0,total_elems,341664,327712,1,1,,,,0.0,,,,,,,128,4,327712,3350,174,44,,,,,,,,,,,,,,,,,,,,,,,,,,,,,,,,,,,,,,,,,,,,,,,,,,,,,,,,,,,
15.424592749972362,absorbing,,,,,,,L,8,13,695,578,7,8,15,5,1,7,0.33456358301918954,0.4075364170130342,0.7421000000322238,0.7429211660055444,365728,607264,128,256,False,False,False,True,365728,128,False,512,0.0006,,2224,0,total_elems,365728,607264,1,1,,,,0.0,,,,,,,128,4,365728,3512,174,44,,,,,,,,,,,,,,,,,,,,,,,,,,,,,,,,,,,,,,,,,,,,,,,,,,,,,,,,,,,
16.848272625007667,absorbing,,,,,,,L,9,13,695,578,7,8,15,7,0,7,0.46258666703943163,0.9518942499998957,1.4144809170393273,1.4164828329812735,365088,699936,128,256,False,False,False,True,365088,128,False,512,0.0006,,2224,0,total_elems,365088,699936,1,1,,,,0.0,,,,,,,128,4,365088,3532,174,44,,,,,,,,,,,,,,,,,,,,,,,,,,,,,,,,,,,,,,,,,,,,,,,,,,,,,,,,,,,
22.11322379199555,unswapping,,,,,,,,,,,,,,,,,,,,,,,,,,,,,,,,,,,,,,,,,,,,,,,,,,,,,256,4,486496,3926,174,44,0,both,0,22,22,4,"[[20, 21], [22, 23], [28, 29], [32, 33]]",4,,,,,0,,,,,,,,,,,,,,,,,,,,,,,,,,,,,,,,,,,,,,,,,,,,,,
23.739909457974136,unswapping,,,,,,,,,,,,,,,,,,,,,,,,,,,,,,,,,,,,,,,,,,,,,,,,,,,,,64,4,234668,2780,174,44,0,both,1,21,21,9,"[[5, 6], [7, 8], [11, 12], [13, 14], [21, 22], [25, 26], [27, 28], [33, 34], [39, 40]]",13,,,,,0,,,,,,,,,,,,,,,,,,,,,,,,,,,,,,,,,,,,,,,,,,,,,,
24.25426558300387,unswapping,,,,,,,,,,,,,,,,,,,,,,,,,,,,,,,,,,,,,,,,,,,,,,,,,,,,,64,4,215480,2624,174,44,0,left,0,22,22,4,"[[0, 1], [6, 7], [20, 21], [26, 27]]",17,,,,,8,,,,,,,,,,,,,,,,,,,,,,,,,,,,,,,,,,,,,,,,,,,,,,
24.86849462497048,unswapping,,,,,,,,,,,,,,,,,,,,,,,,,,,,,,,,,,,,,,,,,,,,,,,,,,,,,64,4,169136,2398,174,44,0,left,1,21,21,6,"[[1, 2], [15, 16], [17, 18], [19, 20], [25, 26], [37, 38]]",23,,,,,20,,,,,,,,,,,,,,,,,,,,,,,,,,,,,,,,,,,,,,,,,,,,,,
25.267477416957263,unswapping,,,,,,,,,,,,,,,,,,,,,,,,,,,,,,,,,,,,,,,,,,,,,,,,,,,,,64,4,117248,1950,174,44,0,right,0,22,22,8,"[[12, 13], [14, 15], [16, 17], [18, 19], [20, 21], [24, 25], [34, 35], [40, 41]]",31,,,,,32,,,,,,,,,,,,,,,,,,,,,,,,,,,,,,,,,,,,,,,,,,,,,,
25.57358754199231,unswapping,,,,,,,,,,,,,,,,,,,,,,,,,,,,,,,,,,,,,,,,,,,,,,,,,,,,,64,4,68480,1606,174,44,0,right,1,21,21,6,"[[19, 20], [25, 26], [33, 34], [35, 36], [39, 40], [41, 42]]",37,,,,,42,,,,,,,,,,,,,,,,,,,,,,,,,,,,,,,,,,,,,,,,,,,,,,
25.916192499978933,unswapping,,,,,,,,,,,,,,,,,,,,,,,,,,,,,,,,,,,,,,,,,,,,,,,,,,,,,48,4,44516,1300,174,44,1,both,0,22,22,7,"[[2, 3], [20, 21], [22, 23], [24, 25], [36, 37], [38, 39], [40, 41]]",7,,,,,54,,,,,,,,,,,,,,,,,,,,,,,,,,,,,,,,,,,,,,,,,,,,,,
26.15361933299573,unswapping,,,,,,,,,,,,,,,,,,,,,,,,,,,,,,,,,,,,,,,,,,,,,,,,,,,,,48,4,33768,1178,174,44,1,both,1,21,21,4,"[[13, 14], [21, 22], [23, 24], [41, 42]]",11,,,,,62,,,,,,,,,,,,,,,,,,,,,,,,,,,,,,,,,,,,,,,,,,,,,,
26.255720957997255,unswapping,,,,,,,,,,,,,,,,,,,,,,,,,,,,,,,,,,,,,,,,,,,,,,,,,,,,,32,4,22372,1028,174,44,1,left,0,22,22,4,"[[16, 17], [22, 23], [24, 25], [40, 41]]",15,,,,,68,,,,,,,,,,,,,,,,,,,,,,,,,,,,,,,,,,,,,,,,,,,,,,
26.331719957990572,unswapping,,,,,,,,,,,,,,,,,,,,,,,,,,,,,,,,,,,,,,,,,,,,,,,,,,,,,32,4,19460,948,174,44,1,left,1,21,21,4,"[[23, 24], [25, 26], [37, 38], [39, 40]]",19,,,,,74,,,,,,,,,,,,,,,,,,,,,,,,,,,,,,,,,,,,,,,,,,,,,,
26.408110249962192,unswapping,,,,,,,,,,,,,,,,,,,,,,,,,,,,,,,,,,,,,,,,,,,,,,,,,,,,,32,4,17892,922,174,44,1,right,0,22,22,1,"[[26, 27]]",20,,,,,74,,,,,,,,,,,,,,,,,,,,,,,,,,,,,,,,,,,,,,,,,,,,,,
26.47484112496022,unswapping,,,,,,,,,,,,,,,,,,,,,,,,,,,,,,,,,,,,,,,,,,,,,,,,,,,,,32,4,15636,870,174,44,1,right,1,21,21,3,"[[23, 24], [25, 26], [27, 28]]",23,,,,,76,,,,,,,,,,,,,,,,,,,,,,,,,,,,,,,,,,,,,,,,,,,,,,
26.604348791996017,unswapping,,,,,,,,,,,,,,,,,,,,,,,,,,,,,,,,,,,,,,,,,,,,,,,,,,,,,32,4,12396,770,174,44,2,both,0,22,22,6,"[[14, 15], [20, 21], [22, 23], [24, 25], [28, 29], [42, 43]]",6,,,,,84,,,,,,,,,,,,,,,,,,,,,,,,,,,,,,,,,,,,,,,,,,,,,,
26.69990179198794,unswapping,,,,,,,,,,,,,,,,,,,,,,,,,,,,,,,,,,,,,,,,,,,,,,,,,,,,,32,4,10872,710,174,44,2,both,1,21,21,3,"[[15, 16], [21, 22], [29, 30]]",9,,,,,92,,,,,,,,,,,,,,,,,,,,,,,,,,,,,,,,,,,,,,,,,,,,,,
26.75905754195992,unswapping,,,,,,,,,,,,,,,,,,,,,,,,,,,,,,,,,,,,,,,,,,,,,,,,,,,,,32,4,9884,684,174,44,2,left,0,22,22,1,"[[36, 37]]",10,,,,,92,,,,,,,,,,,,,,,,,,,,,,,,,,,,,,,,,,,,,,,,,,,,,,
26.815277332963888,unswapping,,,,,,,,,,,,,,,,,,,,,,,,,,,,,,,,,,,,,,,,,,,,,,,,,,,,,32,4,8924,660,174,44,2,left,1,21,21,1,"[[35, 36]]",11,,,,,94,,,,,,,,,,,,,,,,,,,,,,,,,,,,,,,,,,,,,,,,,,,,,,
26.84512479195837,unswapping,,,,,,,,,,,,,,,,,,,,,,,,,,,,,,,,,,,,,,,,,,,,,,,,,,,,,32,4,8924,660,174,44,2,right,0,22,22,0,[],11,,,,,94,,,,,,,,,,,,,,,,,,,,,,,,,,,,,,,,,,,,,,,,,,,,,,
26.89809645799687,unswapping,,,,,,,,,,,,,,,,,,,,,,,,,,,,,,,,,,,,,,,,,,,,,,,,,,,,,32,4,8904,658,174,44,2,right,1,21,21,1,"[[41, 42]]",12,,,,,94,,,,,,,,,,,,,,,,,,,,,,,,,,,,,,,,,,,,,,,,,,,,,,
27.006978374964092,unswapping,,,,,,,,,,,,,,,,,,,,,,,,,,,,,,,,,,,,,,,,,,,,,,,,,,,,,32,4,7652,636,174,44,3,both,0,22,22,3,"[[16, 17], [30, 31], [40, 41]]",3,,,,,98,,,,,,,,,,,,,,,,,,,,,,,,,,,,,,,,,,,,,,,,,,,,,,
27.09958091698354,unswapping,,,,,,,,,,,,,,,,,,,,,,,,,,,,,,,,,,,,,,,,,,,,,,,,,,,,,16,4,4764,562,174,44,3,both,1,21,21,3,"[[17, 18], [31, 32], [41, 42]]",6,,,,,104,,,,,,,,,,,,,,,,,,,,,,,,,,,,,,,,,,,,,,,,,,,,,,
27.14789787499467,unswapping,,,,,,,,,,,,,,,,,,,,,,,,,,,,,,,,,,,,,,,,,,,,,,,,,,,,,16,4,4108,544,174,44,3,left,0,22,22,2,"[[18, 19], [34, 35]]",8,,,,,106,,,,,,,,,,,,,,,,,,,,,,,,,,,,,,,,,,,,,,,,,,,,,,
27.186663041997235,unswapping,,,,,,,,,,,,,,,,,,,,,,,,,,,,,,,,,,,,,,,,,,,,,,,,,,,,,16,4,2956,520,174,44,3,left,1,21,21,1,"[[33, 34]]",9,,,,,106,,,,,,,,,,,,,,,,,,,,,,,,,,,,,,,,,,,,,,,,,,,,,,
27.22960887500085,unswapping,,,,,,,,,,,,,,,,,,,,,,,,,,,,,,,,,,,,,,,,,,,,,,,,,,,,,10,4,2572,496,174,44,3,right,0,22,22,1,"[[32, 33]]",10,,,,,108,,,,,,,,,,,,,,,,,,,,,,,,,,,,,,,,,,,,,,,,,,,,,,
27.2738396669738,unswapping,,,,,,,,,,,,,,,,,,,,,,,,,,,,,,,,,,,,,,,,,,,,,,,,,,,,,10,4,2488,490,174,44,3,right,1,21,21,1,"[[39, 40]]",11,,,,,110,,,,,,,,,,,,,,,,,,,,,,,,,,,,,,,,,,,,,,,,,,,,,,
27.352433749998454,unswapping,,,,,,,,,,,,,,,,,,,,,,,,,,,,,,,,,,,,,,,,,,,,,,,,,,,,,10,4,2396,480,174,44,4,both,0,22,22,2,"[[18, 19], [38, 39]]",2,,,,,112,,,,,,,,,,,,,,,,,,,,,,,,,,,,,,,,,,,,,,,,,,,,,,
27.427737207966857,unswapping,,,,,,,,,,,,,,,,,,,,,,,,,,,,,,,,,,,,,,,,,,,,,,,,,,,,,10,4,2304,470,174,44,4,both,1,21,21,2,"[[19, 20], [37, 38]]",4,,,,,116,,,,,,,,,,,,,,,,,,,,,,,,,,,,,,,,,,,,,,,,,,,,,,
27.4591345419758,unswapping,,,,,,,,,,,,,,,,,,,,,,,,,,,,,,,,,,,,,,,,,,,,,,,,,,,,,10,4,2244,464,174,44,4,left,0,22,22,1,"[[36, 37]]",5,,,,,118,,,,,,,,,,,,,,,,,,,,,,,,,,,,,,,,,,,,,,,,,,,,,,
27.47669441695325,unswapping,,,,,,,,,,,,,,,,,,,,,,,,,,,,,,,,,,,,,,,,,,,,,,,,,,,,,10,4,2244,464,174,44,4,left,1,21,21,0,[],5,,,,,118,,,,,,,,,,,,,,,,,,,,,,,,,,,,,,,,,,,,,,,,,,,,,,
27.493957458005752,unswapping,,,,,,,,,,,,,,,,,,,,,,,,,,,,,,,,,,,,,,,,,,,,,,,,,,,,,10,4,2244,464,174,44,4,right,0,22,22,0,[],5,,,,,118,,,,,,,,,,,,,,,,,,,,,,,,,,,,,,,,,,,,,,,,,,,,,,
27.511412499996368,unswapping,,,,,,,,,,,,,,,,,,,,,,,,,,,,,,,,,,,,,,,,,,,,,,,,,,,,,10,4,2244,464,174,44,4,right,1,21,21,0,[],5,,,,,118,,,,,,,,,,,,,,,,,,,,,,,,,,,,,,,,,,,,,,,,,,,,,,
27.545169999997597,unswapping,,,,,,,,,,,,,,,,,,,,,,,,,,,,,,,,,,,,,,,,,,,,,,,,,,,,,10,4,2244,464,174,44,5,both,0,22,22,0,[],0,,,,,118,,,,,,,,,,,,,,,,,,,,,,,,,,,,,,,,,,,,,,,,,,,,,,
27.608268249954563,unswapping,,,,,,,,,,,,,,,,,,,,,,,,,,,,,,,,,,,,,,,,,,,,,,,,,,,,,10,4,2172,460,174,44,5,both,1,21,21,1,"[[35, 36]]",1,,,,,118,,,,,,,,,,,,,,,,,,,,,,,,,,,,,,,,,,,,,,,,,,,,,,
27.64975354197668,unswapping,,,,,,,,,,,,,,,,,,,,,,,,,,,,,,,,,,,,,,,,,,,,,,,,,,,,,10,4,2076,452,174,44,5,left,0,22,22,1,"[[34, 35]]",2,,,,,120,,,,,,,,,,,,,,,,,,,,,,,,,,,,,,,,,,,,,,,,,,,,,,
27.666935207962524,unswapping,,,,,,,,,,,,,,,,,,,,,,,,,,,,,,,,,,,,,,,,,,,,,,,,,,,,,10,4,2076,452,174,44,5,left,1,21,21,0,[],2,,,,,120,,,,,,,,,,,,,,,,,,,,,,,,,,,,,,,,,,,,,,,,,,,,,,
27.698420666973107,unswapping,,,,,,,,,,,,,,,,,,,,,,,,,,,,,,,,,,,,,,,,,,,,,,,,,,,,,10,4,2004,446,174,44,5,right,0,22,22,1,"[[34, 35]]",3,,,,,120,,,,,,,,,,,,,,,,,,,,,,,,,,,,,,,,,,,,,,,,,,,,,,
27.716302957967855,unswapping,,,,,,,,,,,,,,,,,,,,,,,,,,,,,,,,,,,,,,,,,,,,,,,,,,,,,10,4,2004,446,174,44,5,right,1,21,21,0,[],3,,,,,120,,,,,,,,,,,,,,,,,,,,,,,,,,,,,,,,,,,,,,,,,,,,,,
27.752682749996893,unswapping,,,,,,,,,,,,,,,,,,,,,,,,,,,,,,,,,,,,,,,,,,,,,,,,,,,,,10,4,2004,446,174,44,6,both,0,22,22,0,[],0,,,,,120,,,,,,,,,,,,,,,,,,,,,,,,,,,,,,,,,,,,,,,,,,,,,,
27.788223124982323,unswapping,,,,,,,,,,,,,,,,,,,,,,,,,,,,,,,,,,,,,,,,,,,,,,,,,,,,,10,4,2004,446,174,44,6,both,1,21,21,0,[],0,,,,,120,,,,,,,,,,,,,,,,,,,,,,,,,,,,,,,,,,,,,,,,,,,,,,
27.806933041953016,unswapping,,,,,,,,,,,,,,,,,,,,,,,,,,,,,,,,,,,,,,,,,,,,,,,,,,,,,10,4,2004,446,174,44,6,left,0,22,22,0,[],0,,,,,120,,,,,,,,,,,,,,,,,,,,,,,,,,,,,,,,,,,,,,,,,,,,,,
27.825119582994375,unswapping,,,,,,,,,,,,,,,,,,,,,,,,,,,,,,,,,,,,,,,,,,,,,,,,,,,,,10,4,2004,446,174,44,6,left,1,21,21,0,[],0,,,,,120,,,,,,,,,,,,,,,,,,,,,,,,,,,,,,,,,,,,,,,,,,,,,,
27.84453174995724,unswapping,,,,,,,,,,,,,,,,,,,,,,,,,,,,,,,,,,,,,,,,,,,,,,,,,,,,,10,4,2004,446,174,44,6,right,0,22,22,0,[],0,,,,,120,,,,,,,,,,,,,,,,,,,,,,,,,,,,,,,,,,,,,,,,,,,,,,
27.862438832991756,unswapping,,,,,,,,,,,,,,,,,,,,,,,,,,,,,,,,,,,,,,,,,,,,,,,,,,,,,10,4,2004,446,174,44,6,right,1,21,21,0,[],0,,,,,120,,,,,,,,,,,,,,,,,,,,,,,,,,,,,,,,,,,,,,,,,,,,,,
28.116642916982528,unswap_cycle_summary,,,,,,,,,,,,7,8,15,,,,,,,,,,,,,,,,,,,512,0.0006,,,,,,,,,,,,,,,,,,,10,4,2004,446,174,44,,,,,,,,,,,,,,,,,,,,,2,10.174321125028655,15,902,887,7,False,False,False,,0,"[7, 8]","[1, 2, 3, 0, 4, 6, 8, 5, 7, 9, 10, 12, 11, 13, 16, 18, 15, 17, 14, 22, 23, 24, 21, 29, 26, 19, 20, 25, 28, 30, 31, 33, 27, 40, 42, 34, 32, 35, 38, 36, 41, 43, 37, 39]","[0, 1, 3, 2, 4, 6, 5, 8, 7, 9, 10, 12, 14, 15, 13, 17, 16, 19, 23, 22, 11, 20, 21, 18, 29, 25, 26, 27, 28, 30, 31, 33, 35, 24, 37, 34, 36, 43, 32, 41, 38, 39, 42, 40]","{'index': 11, 'interactions': [('unitary', (27, 26))]}","{'index': 13, 'interactions': [('unitary', (17, 18)), ('unitary', (37, 38))]}","[1, 0, 0, 2, 2, 2, 2, 2, 2, 2, 2, 2, 2, 2, 2, 0, 1, 0, 0, 0, 2, 2, 2, 2, 2, 4, 2, 2, 2, 2, 3, 2, 2, 2, 0, 1, 0, 0, 0, 0, 2, 0, 0]",7cd65191c8009d337005de16051b84a43c60ef6b2c50455b20e98f99c6f2226f,,,,,,,,,,,,,,,,,,,,,
28.808139749977272,rewiring,left,post_unswap,0.6835796249797568,688,False,False,,,,,,,,,,,,,,,,,,,,,,,,,,,,,,,,,,,,,,,,,,,,,,,,,,,,,,,,,,,,,,,,,,,,,,,,,2,,,,,,,,,,,,,,,,,,50,False,7,1,none,0.0,2024,0.6835749999736436,1.1350624169572257,,,,,,,,,,,,
29.259206207992975,rewiring,right,post_unswap,0.4508338749874383,567,False,False,,,,,,,,,,,,,,,,,,,,,,,,,,,,,,,,,,,,,,,,,,,,,,,,,,,,,,,,,,,,,,,,,,,,,,,,,2,,,,,,,,,,,,,,,,,,50,False,7,1,none,0.0,2024,0.45082704100059345,1.1350624169572257,,,,,,,,,,,,
29.274140874971636,cycle_progress,,,,,,,,,,,,7,8,15,,,,,,,,,,,,,,,,,,,512,0.0006,,2224,0,,,,,,,,,,,,,,,,10,4,2004,446,174,44,,,,,,,,,,,,,,,,,,,,,2,,15,902,887,7,False,,,,,,,,,,,,,,,,,,,,1.1350624169572257,,,,,,,,,,,,
29.33971383300377,absorbing,,,,,,,L,1,0,678,577,7,8,15,7,0,0,0.02414537500590086,0.024241791979875416,0.048387166985776275,0.056198750040493906,2004,3360,10,16,False,False,False,False,2004,10,False,512,0.0006,,2004,0,total_elems,2004,3360,1,1,,,,0.0,,,,,,,10,4,2004,446,174,44,,,,,,,,,,,,,,,,,,,,,,,,,,,,,,,,,,,,,,,,,,,,,,,,,,,,,,,,,,,
29.399507166992407,absorbing,,,,,,,L,2,0,678,577,7,8,15,10,0,0,0.02534695900976658,0.02439016697462648,0.04973712598439306,0.050312291947193444,2828,3360,16,16,False,False,False,False,2828,16,False,512,0.0006,,2004,0,total_elems,2828,3360,1,1,,,,0.0,,,,,,,16,4,2828,510,174,44,,,,,,,,,,,,,,,,,,,,,,,,,,,,,,,,,,,,,,,,,,,,,,,,,,,,,,,,,,,
29.45952212496195,absorbing,,,,,,,R,2,1,678,577,7,8,15,9,0,0,0.024297084019053727,0.025140624959021807,0.049437708978075534,0.049998208007309586,5744,4276,16,16,False,False,False,False,4276,16,False,512,0.0006,,2004,0,total_elems,5744,4276,1,1,,,,0.0,,,,,,,16,4,4276,614,174,44,,,,,,,,,,,,,,,,,,,,,,,,,,,,,,,,,,,,,,,,,,,,,,,,,,,,,,,,,,,
29.523626624955796,absorbing,,,,,,,L,3,1,678,577,7,8,15,9,0,0,0.026749458047561347,0.02672816696576774,0.05347762501332909,0.0540640419931151,7200,8792,16,16,False,False,False,False,7200,16,False,512,0.0006,,2004,0,total_elems,7200,8792,1,1,,,,0.0,,,,,,,16,4,7200,712,174,44,,,,,,,,,,,,,,,,,,,,,,,,,,,,,,,,,,,,,,,,,,,,,,,,,,,,,,,,,,,
29.58323449996533,absorbing,,,,,,,R,3,2,678,577,7,8,15,9,0,0,0.025538459012750536,0.02406420902116224,0.04960266803391278,0.05012987495865673,12128,12064,16,16,False,False,False,False,12064,16,False,512,0.0006,,2004,0,total_elems,12128,12064,1,1,,,,0.0,,,,,,,16,4,12064,828,174,44,,,,,,,,,,,,,,,,,,,,,,,,,,,,,,,,,,,,,,,,,,,,,,,,,,,,,,,,,,,
29.657534374971874,absorbing,,,,,,,L,4,2,678,577,7,8,15,8,0,0,0.03072108398191631,0.03365370898973197,0.06437479297164828,0.06501870800275356,22176,28160,64,64,False,False,False,False,22176,64,False,512,0.0006,,2004,0,total_elems,22176,28160,1,1,,,,0.0,,,,,,,64,4,22176,1048,174,44,,,,,,,,,,,,,,,,,,,,,,,,,,,,,,,,,,,,,,,,,,,,,,,,,,,,,,,,,,,
29.75989370798925,absorbing,,,,,,,L,5,2,678,577,7,8,15,9,0,0,0.0417386670014821,0.0484082080074586,0.0901468750089407,0.09195349999936298,26400,47136,64,64,False,False,False,False,26400,64,False,512,0.0006,,2004,0,total_elems,26400,47136,1,1,,,,0.0,,,,,,,64,4,26400,1144,174,44,,,,,,,,,,,,,,,,,,,,,,,,,,,,,,,,,,,,,,,,,,,,,,,,,,,,,,,,,,,
29.91823370795464,absorbing,,,,,,,L,6,2,678,577,8,8,16,7,1,1,0.08240091695915908,0.06396204198244959,0.14636295894160867,0.14790345804067329,48864,52128,64,64,False,False,False,False,48864,64,False,512,0.0006,,2004,0,total_elems,48864,52128,1,1,,,,0.0,,,,,,,64,4,48864,1408,174,44,,,,,,,,,,,,,,,,,,,,,,,,,,,,,,,,,,,,,,,,,,,,,,,,,,,,,,,,,,,
30.060025541984942,absorbing,,,,,,,L,7,2,678,577,8,8,16,7,0,1,0.06142958300188184,0.06843291700351983,0.12986250000540167,0.13045108399819583,68832,76512,64,64,False,False,False,False,68832,64,False,512,0.0006,,2004,0,total_elems,68832,76512,1,1,,,,0.0,,,,,,,64,4,68832,1672,174,44,,,,,,,,,,,,,,,,,,,,,,,,,,,,,,,,,,,,,,,,,,,,,,,,,,,,,,,,,,,
30.215727041999344,absorbing,,,,,,,L,8,2,678,577,8,8,16,8,0,1,0.06561108300229535,0.07897699996829033,0.14458808297058567,0.14591112500056624,93280,104544,64,64,False,False,False,False,93280,64,False,512,0.0006,,2004,0,total_elems,93280,104544,1,1,,,,0.0,,,,,,,64,4,93280,1928,174,44,,,,,,,,,,,,,,,,,,,,,,,,,,,,,,,,,,,,,,,,,,,,,,,,,,,,,,,,,,,
30.49462729197694,absorbing,,,,,,,R,8,3,678,577,8,8,16,11,0,1,0.15310887503437698,0.11448995803948492,0.2675988330738619,0.2683919999981299,223328,129120,256,64,False,False,False,False,129120,64,False,512,0.0006,,2004,0,total_elems,223328,129120,1,1,,,,0.0,,,,,,,64,4,129120,2336,174,44,,,,,,,,,,,,,,,,,,,,,,,,,,,,,,,,,,,,,,,,,,,,,,,,,,,,,,,,,,,
30.847869999997783,absorbing,,,,,,,R,8,4,678,577,8,9,17,9,1,2,0.1887782079866156,0.15226079197600484,0.34103899996262044,0.341782208008226,282720,222944,256,64,False,False,False,False,222944,64,False,512,0.0006,,2004,0,total_elems,282720,222944,1,1,,,,0.0,,,,,,,64,4,222944,2922,174,44,,,,,,,,,,,,,,,,,,,,,,,,,,,,,,,,,,,,,,,,,,,,,,,,,,,,,,,,,,,
31.51098737498978,absorbing,,,,,,,R,8,5,678,577,8,10,18,8,1,3,0.3404787499457598,0.3101480419863947,0.6506267919321544,0.6520673329941928,477792,473216,256,256,False,False,False,False,473216,256,False,512,0.0006,,2004,0,total_elems,477792,473216,1,1,,,,0.0,,,,,,,256,4,473216,3972,174,44,,,,,,,,,,,,,,,,,,,,,,,,,,,,,,,,,,,,,,,,,,,,,,,,,,,,,,,,,,,
38.58648199995514,unswapping,,,,,,,,,,,,,,,,,,,,,,,,,,,,,,,,,,,,,,,,,,,,,,,,,,,,,256,4,425184,3688,174,44,0,both,0,22,22,8,"[[14, 15], [18, 19], [28, 29], [30, 31], [32, 33], [34, 35], [36, 37], [40, 41]]",8,,,,,0,,,,,,,,,,,,,,,,,,,,,,,,,,,,,,,,,,,,,,,,,,,,,,
40.1017202080111,unswapping,,,,,,,,,,,,,,,,,,,,,,,,,,,,,,,,,,,,,,,,,,,,,,,,,,,,,256,4,229152,2632,174,44,0,both,1,21,21,8,"[[9, 10], [19, 20], [21, 22], [23, 24], [29, 30], [31, 32], [39, 40], [41, 42]]",16,,,,,0,,,,,,,,,,,,,,,,,,,,,,,,,,,,,,,,,,,,,,,,,,,,,,
40.52361795800971,unswapping,,,,,,,,,,,,,,,,,,,,,,,,,,,,,,,,,,,,,,,,,,,,,,,,,,,,,64,4,95904,1864,174,44,0,left,0,22,22,7,"[[10, 11], [20, 21], [26, 27], [30, 31], [32, 33], [38, 39], [40, 41]]",23,,,,,14,,,,,,,,,,,,,,,,,,,,,,,,,,,,,,,,,,,,,,,,,,,,,,
40.75137824995909,unswapping,,,,,,,,,,,,,,,,,,,,,,,,,,,,,,,,,,,,,,,,,,,,,,,,,,,,,64,4,60416,1582,174,44,0,left,1,21,21,8,"[[1, 2], [11, 12], [17, 18], [21, 22], [25, 26], [31, 32], [33, 34], [37, 38]]",31,,,,,30,,,,,,,,,,,,,,,,,,,,,,,,,,,,,,,,,,,,,,,,,,,,,,
40.90123383299215,unswapping,,,,,,,,,,,,,,,,,,,,,,,,,,,,,,,,,,,,,,,,,,,,,,,,,,,,,64,4,53336,1464,174,44,0,right,0,22,22,5,"[[6, 7], [18, 19], [24, 25], [36, 37], [40, 41]]",36,,,,,36,,,,,,,,,,,,,,,,,,,,,,,,,,,,,,,,,,,,,,,,,,,,,,
41.02728462498635,unswapping,,,,,,,,,,,,,,,,,,,,,,,,,,,,,,,,,,,,,,,,,,,,,,,,,,,,,64,4,49360,1364,174,44,0,right,1,21,21,5,"[[5, 6], [7, 8], [13, 14], [17, 18], [35, 36]]",41,,,,,44,,,,,,,,,,,,,,,,,,,,,,,,,,,,,,,,,,,,,,,,,,,,,,
41.262855207955,unswapping,,,,,,,,,,,,,,,,,,,,,,,,,,,,,,,,,,,,,,,,,,,,,,,,,,,,,64,4,30076,1168,174,44,1,both,0,22,22,9,"[[0, 1], [2, 3], [8, 9], [10, 11], [20, 21], [26, 27], [34, 35], [38, 39], [42, 43]]",9,,,,,54,,,,,,,,,,,,,,,,,,,,,,,,,,,,,,,,,,,,,,,,,,,,,,
41.42004683299456,unswapping,,,,,,,,,,,,,,,,,,,,,,,,,,,,,,,,,,,,,,,,,,,,,,,,,,,,,32,4,18984,972,174,44,1,both,1,21,21,6,"[[9, 10], [19, 20], [27, 28], [33, 34], [37, 38], [39, 40]]",15,,,,,70,,,,,,,,,,,,,,,,,,,,,,,,,,,,,,,,,,,,,,,,,,,,,,
41.48945041699335,unswapping,,,,,,,,,,,,,,,,,,,,,,,,,,,,,,,,,,,,,,,,,,,,,,,,,,,,,32,4,16384,876,174,44,1,left,0,22,22,5,"[[8, 9], [12, 13], [18, 19], [22, 23], [38, 39]]",20,,,,,80,,,,,,,,,,,,,,,,,,,,,,,,,,,,,,,,,,,,,,,,,,,,,,
41.56337649998022,unswapping,,,,,,,,,,,,,,,,,,,,,,,,,,,,,,,,,,,,,,,,,,,,,,,,,,,,,32,4,14556,800,174,44,1,left,1,21,21,7,"[[1, 2], [3, 4], [7, 8], [9, 10], [23, 24], [39, 40], [41, 42]]",27,,,,,90,,,,,,,,,,,,,,,,,,,,,,,,,,,,,,,,,,,,,,,,,,,,,,
41.62534112500725,unswapping,,,,,,,,,,,,,,,,,,,,,,,,,,,,,,,,,,,,,,,,,,,,,,,,,,,,,16,4,10944,716,174,44,1,right,0,22,22,4,"[[4, 5], [6, 7], [16, 17], [32, 33]]",31,,,,,96,,,,,,,,,,,,,,,,,,,,,,,,,,,,,,,,,,,,,,,,,,,,,,
41.682520249974914,unswapping,,,,,,,,,,,,,,,,,,,,,,,,,,,,,,,,,,,,,,,,,,,,,,,,,,,,,16,4,9752,688,174,44,1,right,1,21,21,2,"[[17, 18], [31, 32]]",33,,,,,100,,,,,,,,,,,,,,,,,,,,,,,,,,,,,,,,,,,,,,,,,,,,,,
41.789306207967456,unswapping,,,,,,,,,,,,,,,,,,,,,,,,,,,,,,,,,,,,,,,,,,,,,,,,,,,,,16,4,8460,642,174,44,2,both,0,22,22,6,"[[2, 3], [8, 9], [10, 11], [18, 19], [26, 27], [30, 31]]",6,,,,,104,,,,,,,,,,,,,,,,,,,,,,,,,,,,,,,,,,,,,,,,,,,,,,
41.88278608297696,unswapping,,,,,,,,,,,,,,,,,,,,,,,,,,,,,,,,,,,,,,,,,,,,,,,,,,,,,16,4,7660,610,174,44,2,both,1,21,21,6,"[[9, 10], [11, 12], [15, 16], [17, 18], [29, 30], [37, 38]]",12,,,,,108,,,,,,,,,,,,,,,,,,,,,,,,,,,,,,,,,,,,,,,,,,,,,,
41.938304999959655,unswapping,,,,,,,,,,,,,,,,,,,,,,,,,,,,,,,,,,,,,,,,,,,,,,,,,,,,,16,4,6108,578,174,44,2,left,0,22,22,2,"[[24, 25], [28, 29]]",14,,,,,112,,,,,,,,,,,,,,,,,,,,,,,,,,,,,,,,,,,,,,,,,,,,,,
41.987398999975994,unswapping,,,,,,,,,,,,,,,,,,,,,,,,,,,,,,,,,,,,,,,,,,,,,,,,,,,,,16,4,4556,546,174,44,2,left,1,21,21,1,"[[25, 26]]",15,,,,,114,,,,,,,,,,,,,,,,,,,,,,,,,,,,,,,,,,,,,,,,,,,,,,
42.00723020796431,unswapping,,,,,,,,,,,,,,,,,,,,,,,,,,,,,,,,,,,,,,,,,,,,,,,,,,,,,16,4,4556,546,174,44,2,right,0,22,22,0,[],15,,,,,114,,,,,,,,,,,,,,,,,,,,,,,,,,,,,,,,,,,,,,,,,,,,,,
42.05453458300326,unswapping,,,,,,,,,,,,,,,,,,,,,,,,,,,,,,,,,,,,,,,,,,,,,,,,,,,,,16,4,4296,526,174,44,2,right,1,21,21,3,"[[3, 4], [19, 20], [29, 30]]",18,,,,,116,,,,,,,,,,,,,,,,,,,,,,,,,,,,,,,,,,,,,,,,,,,,,,
42.139307707955595,unswapping,,,,,,,,,,,,,,,,,,,,,,,,,,,,,,,,,,,,,,,,,,,,,,,,,,,,,16,4,3372,496,174,44,3,both,0,22,22,4,"[[10, 11], [12, 13], [26, 27], [36, 37]]",4,,,,,122,,,,,,,,,,,,,,,,,,,,,,,,,,,,,,,,,,,,,,,,,,,,,,
42.20923437498277,unswapping,,,,,,,,,,,,,,,,,,,,,,,,,,,,,,,,,,,,,,,,,,,,,,,,,,,,,16,4,3360,494,174,44,3,both,1,21,21,1,"[[11, 12]]",5,,,,,122,,,,,,,,,,,,,,,,,,,,,,,,,,,,,,,,,,,,,,,,,,,,,,
42.22912929195445,unswapping,,,,,,,,,,,,,,,,,,,,,,,,,,,,,,,,,,,,,,,,,,,,,,,,,,,,,16,4,3360,494,174,44,3,left,0,22,22,0,[],5,,,,,122,,,,,,,,,,,,,,,,,,,,,,,,,,,,,,,,,,,,,,,,,,,,,,
42.24827699997695,unswapping,,,,,,,,,,,,,,,,,,,,,,,,,,,,,,,,,,,,,,,,,,,,,,,,,,,,,16,4,3360,494,174,44,3,left,1,21,21,0,[],5,,,,,122,,,,,,,,,,,,,,,,,,,,,,,,,,,,,,,,,,,,,,,,,,,,,,
42.26777716696961,unswapping,,,,,,,,,,,,,,,,,,,,,,,,,,,,,,,,,,,,,,,,,,,,,,,,,,,,,16,4,3360,494,174,44,3,right,0,22,22,0,[],5,,,,,122,,,,,,,,,,,,,,,,,,,,,,,,,,,,,,,,,,,,,,,,,,,,,,
42.28666699997848,unswapping,,,,,,,,,,,,,,,,,,,,,,,,,,,,,,,,,,,,,,,,,,,,,,,,,,,,,16,4,3360,494,174,44,3,right,1,21,21,0,[],5,,,,,122,,,,,,,,,,,,,,,,,,,,,,,,,,,,,,,,,,,,,,,,,,,,,,
42.328957207966596,unswapping,,,,,,,,,,,,,,,,,,,,,,,,,,,,,,,,,,,,,,,,,,,,,,,,,,,,,16,4,3360,494,174,44,4,both,0,22,22,0,[],0,,,,,122,,,,,,,,,,,,,,,,,,,,,,,,,,,,,,,,,,,,,,,,,,,,,,
42.36713066697121,unswapping,,,,,,,,,,,,,,,,,,,,,,,,,,,,,,,,,,,,,,,,,,,,,,,,,,,,,16,4,3360,494,174,44,4,both,1,21,21,0,[],0,,,,,122,,,,,,,,,,,,,,,,,,,,,,,,,,,,,,,,,,,,,,,,,,,,,,
42.38699741696473,unswapping,,,,,,,,,,,,,,,,,,,,,,,,,,,,,,,,,,,,,,,,,,,,,,,,,,,,,16,4,3360,494,174,44,4,left,0,22,22,0,[],0,,,,,122,,,,,,,,,,,,,,,,,,,,,,,,,,,,,,,,,,,,,,,,,,,,,,
42.407984582998324,unswapping,,,,,,,,,,,,,,,,,,,,,,,,,,,,,,,,,,,,,,,,,,,,,,,,,,,,,16,4,3360,494,174,44,4,left,1,21,21,0,[],0,,,,,122,,,,,,,,,,,,,,,,,,,,,,,,,,,,,,,,,,,,,,,,,,,,,,
42.42814837500919,unswapping,,,,,,,,,,,,,,,,,,,,,,,,,,,,,,,,,,,,,,,,,,,,,,,,,,,,,16,4,3360,494,174,44,4,right,0,22,22,0,[],0,,,,,122,,,,,,,,,,,,,,,,,,,,,,,,,,,,,,,,,,,,,,,,,,,,,,
42.4484537919634,unswapping,,,,,,,,,,,,,,,,,,,,,,,,,,,,,,,,,,,,,,,,,,,,,,,,,,,,,16,4,3360,494,174,44,4,right,1,21,21,0,[],0,,,,,122,,,,,,,,,,,,,,,,,,,,,,,,,,,,,,,,,,,,,,,,,,,,,,
42.71160591696389,unswap_cycle_summary,,,,,,,,,,,,8,10,18,,,,,,,,,,,,,,,,,,,512,0.0006,,,,,,,,,,,,,,,,,,,16,4,3360,494,174,44,,,,,,,,,,,,,,,,,,,,,3,9.371859916020185,18,902,884,3,False,False,False,,0,"[8, 10]","[2, 3, 4, 0, 1, 5, 6, 12, 8, 11, 13, 9, 7, 10, 15, 16, 14, 17, 19, 21, 20, 22, 24, 23, 27, 29, 26, 18, 32, 25, 31, 33, 28, 34, 35, 30, 42, 37, 38, 36, 41, 43, 39, 40]","[1, 0, 2, 7, 3, 4, 8, 5, 11, 9, 12, 15, 10, 6, 13, 20, 14, 22, 17, 19, 16, 18, 21, 24, 25, 23, 27, 29, 26, 31, 36, 28, 33, 30, 32, 35, 37, 34, 41, 42, 38, 39, 43, 40]","{'index': 9, 'interactions': [('unitary', (28, 29))]}","{'index': 6, 'interactions': [('unitary', (32, 33))]}","[1, 0, 0, 0, 2, 2, 0, 0, 0, 0, 0, 0, 1, 2, 2, 0, 0, 0, 1, 0, 2, 2, 2, 4, 3, 2, 2, 4, 2, 2, 2, 2, 3, 4, 3, 2, 2, 2, 2, 2, 2, 0, 0]",eeed76d362fe145a19eab460d103a2704404dfc191fb0389455500d1dfc1d523,,,,,,,,,,,,,,,,,,,,,
43.58257883298211,rewiring,left,post_unswap,0.8613829999812879,672,False,False,,,,,,,,,,,,,,,,,,,,,,,,,,,,,,,,,,,,,,,,,,,,,,,,,,,,,,,,,,,,,,,,,,,,,,,,,3,,,,,,,,,,,,,,,,,,50,False,3,1,none,0.0,2024,0.86137541703647,1.34373212500941,,,,,,,,,,,,
44.06458174996078,rewiring,right,post_unswap,0.48176083294674754,574,False,False,,,,,,,,,,,,,,,,,,,,,,,,,,,,,,,,,,,,,,,,,,,,,,,,,,,,,,,,,,,,,,,,,,,,,,,,,3,,,,,,,,,,,,,,,,,,50,False,3,1,none,0.0,2024,0.48175508296117187,1.34373212500941,,,,,,,,,,,,
44.084413125005085,cycle_progress,,,,,,,,,,,,8,10,18,,,,,,,,,,,,,,,,,,,512,0.0006,,2004,0,,,,,,,,,,,,,,,,16,4,3360,494,174,44,,,,,,,,,,,,,,,,,,,,,3,,18,902,884,3,False,,,,,,,,,,,,,,,,,,,,1.34373212500941,,,,,,,,,,,,
44.16200312500587,absorbing,,,,,,,L,1,0,635,524,8,10,18,10,0,0,0.025071582989767194,0.025773458008188754,0.05084504099795595,0.06551416701404378,3360,4484,16,16,False,False,False,False,3360,16,False,512,0.0006,,3360,0,total_elems,3360,4484,1,1,,,,0.0,,,,,,,16,4,3360,494,174,44,,,,,,,,,,,,,,,,,,,,,,,,,,,,,,,,,,,,,,,,,,,,,,,,,,,,,,,,,,,
44.22499366698321,absorbing,,,,,,,R,1,1,635,524,8,10,18,10,0,0,0.025989459012635052,0.02416887501021847,0.050158334022853523,0.050712874974124134,5908,4484,16,16,False,False,False,False,4484,16,False,512,0.0006,,3360,0,total_elems,5908,4484,1,1,,,,0.0,,,,,,,16,4,4484,562,174,44,,,,,,,,,,,,,,,,,,,,,,,,,,,,,,,,,,,,,,,,,,,,,,,,,,,,,,,,,,,
44.28925604198594,absorbing,,,,,,,R,1,2,635,524,8,10,18,9,0,0,0.024165875045582652,0.0270237079821527,0.05118958302773535,0.05172854202101007,7452,6584,16,16,False,False,False,False,6584,16,False,512,0.0006,,3360,0,total_elems,7452,6584,1,1,,,,0.0,,,,,,,16,4,6584,670,174,44,,,,,,,,,,,,,,,,,,,,,,,,,,,,,,,,,,,,,,,,,,,,,,,,,,,,,,,,,,,
44.35303937498247,absorbing,,,,,,,L,2,2,635,524,8,10,18,12,0,0,0.0245497910073027,0.02705845795571804,0.05160824896302074,0.052126375027000904,10608,12596,16,16,False,False,False,False,10608,16,False,512,0.0006,,3360,0,total_elems,10608,12596,1,1,,,,0.0,,,,,,,16,4,10608,792,174,44,,,,,,,,,,,,,,,,,,,,,,,,,,,,,,,,,,,,,,,,,,,,,,,,,,,,,,,,,,,
44.454978207999375,absorbing,,,,,,,L,3,2,635,524,8,10,18,12,0,0,0.029061292007099837,0.05977504199836403,0.08883633400546387,0.08946191699942574,16032,22256,16,64,False,False,False,False,16032,16,False,512,0.0006,,3360,0,total_elems,16032,22256,1,1,,,,0.0,,,,,,,16,4,16032,938,174,44,,,,,,,,,,,,,,,,,,,,,,,,,,,,,,,,,,,,,,,,,,,,,,,,,,,,,,,,,,,
44.54896320798434,absorbing,,,,,,,R,3,3,635,524,8,10,18,10,0,0,0.043788167007733136,0.036718000017572194,0.08050616702530533,0.0810727080097422,39360,34048,64,64,False,False,False,False,34048,64,False,512,0.0006,,3360,0,total_elems,39360,34048,1,1,,,,0.0,,,,,,,64,4,34048,1272,174,44,,,,,,,,,,,,,,,,,,,,,,,,,,,,,,,,,,,,,,,,,,,,,,,,,,,,,,,,,,,
44.714837667008396,absorbing,,,,,,,L,4,3,635,524,8,10,18,11,0,0,0.0656989169656299,0.08790699997916818,0.15360591694479808,0.15427287499187514,75904,105236,64,64,False,False,False,False,75904,64,False,512,0.0006,,3360,0,total_elems,75904,105236,1,1,,,,0.0,,,,,,,64,4,75904,1704,174,44,,,,,,,,,,,,,,,,,,,,,,,,,,,,,,,,,,,,,,,,,,,,,,,,,,,,,,,,,,,
45.034452666994184,absorbing,,,,,,,L,5,3,635,524,8,10,18,9,0,0,0.14215412497287616,0.16174549999414012,0.3038996249670163,0.3060832499759272,129344,232680,64,256,False,False,False,False,129344,64,False,512,0.0006,,3360,0,total_elems,129344,232680,1,1,,,,0.0,,,,,,,64,4,129344,2134,174,44,,,,,,,,,,,,,,,,,,,,,,,,,,,,,,,,,,,,,,,,,,,,,,,,,,,,,,,,,,,
45.458040624973364,absorbing,,,,,,,L,6,3,635,524,8,10,18,10,0,0,0.216599875013344,0.19147045799763873,0.4080703330109827,0.408883958007209,302144,303520,256,256,False,False,False,False,302144,256,False,512,0.0006,,3360,0,total_elems,302144,303520,1,1,,,,0.0,,,,,,,256,4,302144,2956,174,44,,,,,,,,,,,,,,,,,,,,,,,,,,,,,,,,,,,,,,,,,,,,,,,,,,,,,,,,,,,
52.40688999998383,unswapping,,,,,,,,,,,,,,,,,,,,,,,,,,,,,,,,,,,,,,,,,,,,,,,,,,,,,256,4,478784,3736,174,44,0,both,0,22,22,1,"[[4, 5]]",1,,,,,0,,,,,,,,,,,,,,,,,,,,,,,,,,,,,,,,,,,,,,,,,,,,,,
53.970127667009365,unswapping,,,,,,,,,,,,,,,,,,,,,,,,,,,,,,,,,,,,,,,,,,,,,,,,,,,,,64,4,122752,2154,174,44,0,both,1,21,21,8,"[[3, 4], [5, 6], [17, 18], [25, 26], [27, 28], [29, 30], [37, 38], [39, 40]]",9,,,,,0,,,,,,,,,,,,,,,,,,,,,,,,,,,,,,,,,,,,,,,,,,,,,,
54.27118345798226,unswapping,,,,,,,,,,,,,,,,,,,,,,,,,,,,,,,,,,,,,,,,,,,,,,,,,,,,,64,4,51588,1492,174,44,0,left,0,22,22,12,"[[2, 3], [6, 7], [8, 9], [10, 11], [16, 17], [20, 21], [22, 23], [24, 25], [26, 27], [28, 29], [30, 31], [40, 41]]",21,,,,,24,,,,,,,,,,,,,,,,,,,,,,,,,,,,,,,,,,,,,,,,,,,,,,
54.440891332982574,unswapping,,,,,,,,,,,,,,,,,,,,,,,,,,,,,,,,,,,,,,,,,,,,,,,,,,,,,63,4,37264,1176,174,44,0,left,1,21,21,15,"[[1, 2], [3, 4], [7, 8], [9, 10], [11, 12], [17, 18], [19, 20], [21, 22], [23, 24], [27, 28], [29, 30], [31, 32], [35, 36], [39, 40], [41, 42]]",36,,,,,54,,,,,,,,,,,,,,,,,,,,,,,,,,,,,,,,,,,,,,,,,,,,,,
54.594555166957434,unswapping,,,,,,,,,,,,,,,,,,,,,,,,,,,,,,,,,,,,,,,,,,,,,,,,,,,,,60,4,33600,1084,174,44,0,right,0,22,22,5,"[[2, 3], [4, 5], [34, 35], [38, 39], [40, 41]]",41,,,,,56,,,,,,,,,,,,,,,,,,,,,,,,,,,,,,,,,,,,,,,,,,,,,,
54.726424249995034,unswapping,,,,,,,,,,,,,,,,,,,,,,,,,,,,,,,,,,,,,,,,,,,,,,,,,,,,,32,4,23156,970,174,44,0,right,1,21,21,8,"[[1, 2], [3, 4], [7, 8], [9, 10], [27, 28], [29, 30], [31, 32], [41, 42]]",49,,,,,60,,,,,,,,,,,,,,,,,,,,,,,,,,,,,,,,,,,,,,,,,,,,,,
54.93530054198345,unswapping,,,,,,,,,,,,,,,,,,,,,,,,,,,,,,,,,,,,,,,,,,,,,,,,,,,,,28,4,17936,888,174,44,1,both,0,22,22,7,"[[10, 11], [20, 21], [24, 25], [28, 29], [30, 31], [32, 33], [40, 41]]",7,,,,,72,,,,,,,,,,,,,,,,,,,,,,,,,,,,,,,,,,,,,,,,,,,,,,
55.092245250009,unswapping,,,,,,,,,,,,,,,,,,,,,,,,,,,,,,,,,,,,,,,,,,,,,,,,,,,,,24,4,12408,776,174,44,1,both,1,21,21,8,"[[11, 12], [23, 24], [29, 30], [31, 32], [33, 34], [35, 36], [37, 38], [39, 40]]",15,,,,,84,,,,,,,,,,,,,,,,,,,,,,,,,,,,,,,,,,,,,,,,,,,,,,
55.155714833003,unswapping,,,,,,,,,,,,,,,,,,,,,,,,,,,,,,,,,,,,,,,,,,,,,,,,,,,,,16,4,9704,688,174,44,1,left,0,22,22,8,"[[0, 1], [2, 3], [4, 5], [8, 9], [32, 33], [34, 35], [38, 39], [42, 43]]",23,,,,,96,,,,,,,,,,,,,,,,,,,,,,,,,,,,,,,,,,,,,,,,,,,,,,
55.20291399996495,unswapping,,,,,,,,,,,,,,,,,,,,,,,,,,,,,,,,,,,,,,,,,,,,,,,,,,,,,16,4,8808,672,174,44,1,left,1,21,21,1,"[[25, 26]]",24,,,,,98,,,,,,,,,,,,,,,,,,,,,,,,,,,,,,,,,,,,,,,,,,,,,,
55.23062533297343,unswapping,,,,,,,,,,,,,,,,,,,,,,,,,,,,,,,,,,,,,,,,,,,,,,,,,,,,,16,4,8808,672,174,44,1,right,0,22,22,0,[],24,,,,,98,,,,,,,,,,,,,,,,,,,,,,,,,,,,,,,,,,,,,,,,,,,,,,
55.276190167001914,unswapping,,,,,,,,,,,,,,,,,,,,,,,,,,,,,,,,,,,,,,,,,,,,,,,,,,,,,16,4,8520,660,174,44,1,right,1,21,21,1,"[[33, 34]]",25,,,,,96,,,,,,,,,,,,,,,,,,,,,,,,,,,,,,,,,,,,,,,,,,,,,,
55.38161170796957,unswapping,,,,,,,,,,,,,,,,,,,,,,,,,,,,,,,,,,,,,,,,,,,,,,,,,,,,,16,4,7308,630,174,44,2,both,0,22,22,3,"[[0, 1], [12, 13], [30, 31]]",3,,,,,100,,,,,,,,,,,,,,,,,,,,,,,,,,,,,,,,,,,,,,,,,,,,,,
55.47941695799818,unswapping,,,,,,,,,,,,,,,,,,,,,,,,,,,,,,,,,,,,,,,,,,,,,,,,,,,,,16,4,6768,594,174,44,2,both,1,21,21,3,"[[13, 14], [37, 38], [41, 42]]",6,,,,,106,,,,,,,,,,,,,,,,,,,,,,,,,,,,,,,,,,,,,,,,,,,,,,
55.53153645800194,unswapping,,,,,,,,,,,,,,,,,,,,,,,,,,,,,,,,,,,,,,,,,,,,,,,,,,,,,16,4,5736,564,174,44,2,left,0,22,22,2,"[[14, 15], [26, 27]]",8,,,,,110,,,,,,,,,,,,,,,,,,,,,,,,,,,,,,,,,,,,,,,,,,,,,,
55.577371958002914,unswapping,,,,,,,,,,,,,,,,,,,,,,,,,,,,,,,,,,,,,,,,,,,,,,,,,,,,,14,4,4776,540,174,44,2,left,1,21,21,1,"[[31, 32]]",9,,,,,112,,,,,,,,,,,,,,,,,,,,,,,,,,,,,,,,,,,,,,,,,,,,,,
55.61417229200015,unswapping,,,,,,,,,,,,,,,,,,,,,,,,,,,,,,,,,,,,,,,,,,,,,,,,,,,,,14,4,4696,536,174,44,2,right,0,22,22,1,"[[32, 33]]",10,,,,,112,,,,,,,,,,,,,,,,,,,,,,,,,,,,,,,,,,,,,,,,,,,,,,
55.63393462495878,unswapping,,,,,,,,,,,,,,,,,,,,,,,,,,,,,,,,,,,,,,,,,,,,,,,,,,,,,14,4,4696,536,174,44,2,right,1,21,21,0,[],10,,,,,112,,,,,,,,,,,,,,,,,,,,,,,,,,,,,,,,,,,,,,,,,,,,,,
55.717167041962966,unswapping,,,,,,,,,,,,,,,,,,,,,,,,,,,,,,,,,,,,,,,,,,,,,,,,,,,,,14,4,3948,514,174,44,3,both,0,22,22,2,"[[30, 31], [36, 37]]",2,,,,,116,,,,,,,,,,,,,,,,,,,,,,,,,,,,,,,,,,,,,,,,,,,,,,
55.79457124997862,unswapping,,,,,,,,,,,,,,,,,,,,,,,,,,,,,,,,,,,,,,,,,,,,,,,,,,,,,13,4,2656,476,174,44,3,both,1,21,21,2,"[[27, 28], [29, 30]]",4,,,,,118,,,,,,,,,,,,,,,,,,,,,,,,,,,,,,,,,,,,,,,,,,,,,,
55.81191950000357,unswapping,,,,,,,,,,,,,,,,,,,,,,,,,,,,,,,,,,,,,,,,,,,,,,,,,,,,,13,4,2656,476,174,44,3,left,0,22,22,0,[],4,,,,,118,,,,,,,,,,,,,,,,,,,,,,,,,,,,,,,,,,,,,,,,,,,,,,
55.844339333008975,unswapping,,,,,,,,,,,,,,,,,,,,,,,,,,,,,,,,,,,,,,,,,,,,,,,,,,,,,13,4,2584,472,174,44,3,left,1,21,21,1,"[[35, 36]]",5,,,,,120,,,,,,,,,,,,,,,,,,,,,,,,,,,,,,,,,,,,,,,,,,,,,,
55.86174312495859,unswapping,,,,,,,,,,,,,,,,,,,,,,,,,,,,,,,,,,,,,,,,,,,,,,,,,,,,,13,4,2584,472,174,44,3,right,0,22,22,0,[],5,,,,,120,,,,,,,,,,,,,,,,,,,,,,,,,,,,,,,,,,,,,,,,,,,,,,
55.8791287500062,unswapping,,,,,,,,,,,,,,,,,,,,,,,,,,,,,,,,,,,,,,,,,,,,,,,,,,,,,13,4,2584,472,174,44,3,right,1,21,21,0,[],5,,,,,120,,,,,,,,,,,,,,,,,,,,,,,,,,,,,,,,,,,,,,,,,,,,,,
55.94357062497875,unswapping,,,,,,,,,,,,,,,,,,,,,,,,,,,,,,,,,,,,,,,,,,,,,,,,,,,,,13,4,2564,470,174,44,4,both,0,22,22,1,"[[36, 37]]",1,,,,,118,,,,,,,,,,,,,,,,,,,,,,,,,,,,,,,,,,,,,,,,,,,,,,
56.01712262496585,unswapping,,,,,,,,,,,,,,,,,,,,,,,,,,,,,,,,,,,,,,,,,,,,,,,,,,,,,13,4,2544,468,174,44,4,both,1,21,21,1,"[[37, 38]]",2,,,,,120,,,,,,,,,,,,,,,,,,,,,,,,,,,,,,,,,,,,,,,,,,,,,,
56.05123358295532,unswapping,,,,,,,,,,,,,,,,,,,,,,,,,,,,,,,,,,,,,,,,,,,,,,,,,,,,,13,4,2480,464,174,44,4,left,0,22,22,1,"[[34, 35]]",3,,,,,122,,,,,,,,,,,,,,,,,,,,,,,,,,,,,,,,,,,,,,,,,,,,,,
56.08604599995306,unswapping,,,,,,,,,,,,,,,,,,,,,,,,,,,,,,,,,,,,,,,,,,,,,,,,,,,,,13,4,2352,456,174,44,4,left,1,21,21,1,"[[33, 34]]",4,,,,,124,,,,,,,,,,,,,,,,,,,,,,,,,,,,,,,,,,,,,,,,,,,,,,
56.103834000008646,unswapping,,,,,,,,,,,,,,,,,,,,,,,,,,,,,,,,,,,,,,,,,,,,,,,,,,,,,13,4,2352,456,174,44,4,right,0,22,22,0,[],4,,,,,124,,,,,,,,,,,,,,,,,,,,,,,,,,,,,,,,,,,,,,,,,,,,,,
56.12159454199718,unswapping,,,,,,,,,,,,,,,,,,,,,,,,,,,,,,,,,,,,,,,,,,,,,,,,,,,,,13,4,2352,456,174,44,4,right,1,21,21,0,[],4,,,,,124,,,,,,,,,,,,,,,,,,,,,,,,,,,,,,,,,,,,,,,,,,,,,,
56.19883766700514,unswapping,,,,,,,,,,,,,,,,,,,,,,,,,,,,,,,,,,,,,,,,,,,,,,,,,,,,,13,4,2332,454,174,44,5,both,0,22,22,1,"[[38, 39]]",1,,,,,124,,,,,,,,,,,,,,,,,,,,,,,,,,,,,,,,,,,,,,,,,,,,,,
56.238961457973346,unswapping,,,,,,,,,,,,,,,,,,,,,,,,,,,,,,,,,,,,,,,,,,,,,,,,,,,,,13,4,2332,454,174,44,5,both,1,21,21,0,[],1,,,,,124,,,,,,,,,,,,,,,,,,,,,,,,,,,,,,,,,,,,,,,,,,,,,,
56.274168249976356,unswapping,,,,,,,,,,,,,,,,,,,,,,,,,,,,,,,,,,,,,,,,,,,,,,,,,,,,,13,4,2284,450,174,44,5,left,0,22,22,1,"[[32, 33]]",2,,,,,126,,,,,,,,,,,,,,,,,,,,,,,,,,,,,,,,,,,,,,,,,,,,,,
56.2926964169601,unswapping,,,,,,,,,,,,,,,,,,,,,,,,,,,,,,,,,,,,,,,,,,,,,,,,,,,,,13,4,2284,450,174,44,5,left,1,21,21,0,[],2,,,,,126,,,,,,,,,,,,,,,,,,,,,,,,,,,,,,,,,,,,,,,,,,,,,,
56.31071745796362,unswapping,,,,,,,,,,,,,,,,,,,,,,,,,,,,,,,,,,,,,,,,,,,,,,,,,,,,,13,4,2284,450,174,44,5,right,0,22,22,0,[],2,,,,,126,,,,,,,,,,,,,,,,,,,,,,,,,,,,,,,,,,,,,,,,,,,,,,
56.32911324995803,unswapping,,,,,,,,,,,,,,,,,,,,,,,,,,,,,,,,,,,,,,,,,,,,,,,,,,,,,13,4,2284,450,174,44,5,right,1,21,21,0,[],2,,,,,126,,,,,,,,,,,,,,,,,,,,,,,,,,,,,,,,,,,,,,,,,,,,,,
56.36533420800697,unswapping,,,,,,,,,,,,,,,,,,,,,,,,,,,,,,,,,,,,,,,,,,,,,,,,,,,,,13,4,2284,450,174,44,6,both,0,22,22,0,[],0,,,,,126,,,,,,,,,,,,,,,,,,,,,,,,,,,,,,,,,,,,,,,,,,,,,,
56.43671183299739,unswapping,,,,,,,,,,,,,,,,,,,,,,,,,,,,,,,,,,,,,,,,,,,,,,,,,,,,,13,4,2260,448,174,44,6,both,1,21,21,1,"[[31, 32]]",1,,,,,126,,,,,,,,,,,,,,,,,,,,,,,,,,,,,,,,,,,,,,,,,,,,,,
56.479820999957155,unswapping,,,,,,,,,,,,,,,,,,,,,,,,,,,,,,,,,,,,,,,,,,,,,,,,,,,,,13,4,2204,444,174,44,6,left,0,22,22,1,"[[30, 31]]",2,,,,,128,,,,,,,,,,,,,,,,,,,,,,,,,,,,,,,,,,,,,,,,,,,,,,
56.498678917007055,unswapping,,,,,,,,,,,,,,,,,,,,,,,,,,,,,,,,,,,,,,,,,,,,,,,,,,,,,13,4,2204,444,174,44,6,left,1,21,21,0,[],2,,,,,128,,,,,,,,,,,,,,,,,,,,,,,,,,,,,,,,,,,,,,,,,,,,,,
56.517130207968876,unswapping,,,,,,,,,,,,,,,,,,,,,,,,,,,,,,,,,,,,,,,,,,,,,,,,,,,,,13,4,2204,444,174,44,6,right,0,22,22,0,[],2,,,,,128,,,,,,,,,,,,,,,,,,,,,,,,,,,,,,,,,,,,,,,,,,,,,,
56.535348832956515,unswapping,,,,,,,,,,,,,,,,,,,,,,,,,,,,,,,,,,,,,,,,,,,,,,,,,,,,,13,4,2204,444,174,44,6,right,1,21,21,0,[],2,,,,,128,,,,,,,,,,,,,,,,,,,,,,,,,,,,,,,,,,,,,,,,,,,,,,
56.574500541959424,unswapping,,,,,,,,,,,,,,,,,,,,,,,,,,,,,,,,,,,,,,,,,,,,,,,,,,,,,13,4,2204,444,174,44,7,both,0,22,22,0,[],0,,,,,128,,,,,,,,,,,,,,,,,,,,,,,,,,,,,,,,,,,,,,,,,,,,,,
56.64485845796298,unswapping,,,,,,,,,,,,,,,,,,,,,,,,,,,,,,,,,,,,,,,,,,,,,,,,,,,,,13,4,2204,444,174,44,7,both,1,21,21,1,"[[31, 32]]",1,,,,,130,,,,,,,,,,,,,,,,,,,,,,,,,,,,,,,,,,,,,,,,,,,,,,
56.66352383297635,unswapping,,,,,,,,,,,,,,,,,,,,,,,,,,,,,,,,,,,,,,,,,,,,,,,,,,,,,13,4,2204,444,174,44,7,left,0,22,22,0,[],1,,,,,130,,,,,,,,,,,,,,,,,,,,,,,,,,,,,,,,,,,,,,,,,,,,,,
56.68249174999073,unswapping,,,,,,,,,,,,,,,,,,,,,,,,,,,,,,,,,,,,,,,,,,,,,,,,,,,,,13,4,2204,444,174,44,7,left,1,21,21,0,[],1,,,,,130,,,,,,,,,,,,,,,,,,,,,,,,,,,,,,,,,,,,,,,,,,,,,,
56.70071358297719,unswapping,,,,,,,,,,,,,,,,,,,,,,,,,,,,,,,,,,,,,,,,,,,,,,,,,,,,,13,4,2204,444,174,44,7,right,0,22,22,0,[],1,,,,,130,,,,,,,,,,,,,,,,,,,,,,,,,,,,,,,,,,,,,,,,,,,,,,
56.71939012495568,unswapping,,,,,,,,,,,,,,,,,,,,,,,,,,,,,,,,,,,,,,,,,,,,,,,,,,,,,13,4,2204,444,174,44,7,right,1,21,21,0,[],1,,,,,130,,,,,,,,,,,,,,,,,,,,,,,,,,,,,,,,,,,,,,,,,,,,,,
57.25795979198301,unswap_cycle_summary,,,,,,,,,,,,8,10,18,,,,,,,,,,,,,,,,,,,512,0.0006,,,,,,,,,,,,,,,,,,,13,4,2204,444,174,44,,,,,,,,,,,,,,,,,,,,,4,10.04944108298514,18,902,884,0,False,False,False,,0,"[8, 10]","[0, 5, 3, 1, 6, 2, 7, 9, 11, 4, 12, 10, 13, 14, 15, 8, 18, 17, 16, 21, 23, 19, 20, 24, 26, 28, 30, 31, 22, 34, 42, 33, 32, 25, 27, 35, 36, 37, 38, 29, 41, 43, 40, 39]","[5, 0, 1, 6, 2, 3, 4, 8, 7, 10, 11, 12, 13, 14, 9, 15, 16, 18, 17, 19, 21, 20, 22, 26, 23, 24, 25, 29, 27, 28, 32, 33, 31, 30, 35, 36, 34, 40, 42, 38, 37, 39, 41, 43]","{'index': 6, 'interactions': [('unitary', (26, 27))]}","{'index': 4, 'interactions': [('unitary', (33, 34))]}","[0, 1, 0, 0, 0, 2, 2, 0, 0, 0, 1, 2, 2, 0, 0, 0, 0, 0, 2, 2, 2, 3, 2, 2, 4, 3, 2, 2, 4, 2, 1, 2, 1, 1, 2, 1, 1, 1, 1, 2, 2, 0, 0]",2d543020daffb5c423cab916f864df1d7f3ab66aa72cfb1c1d44a554557c31f6,,,,,,,,,,,,,,,,,,,,,
57.975180999957956,rewiring,left,post_unswap,0.7051462089875713,631,False,False,,,,,,,,,,,,,,,,,,,,,,,,,,,,,,,,,,,,,,,,,,,,,,,,,,,,,,,,,,,,,,,,,,,,,,,,,4,,,,,,,,,,,,,,,,,,50,False,0,1,none,0.0,2024,0.7051424590172246,1.285379583016038,,,,,,,,,,,,
58.55514645797666,rewiring,right,post_unswap,0.579732000012882,523,False,False,,,,,,,,,,,,,,,,,,,,,,,,,,,,,,,,,,,,,,,,,,,,,,,,,,,,,,,,,,,,,,,,,,,,,,,,,4,,,,,,,,,,,,,,,,,,50,False,0,1,none,0.0,2024,0.579724624985829,1.285379583016038,,,,,,,,,,,,
58.580463082995266,cycle_progress,,,,,,,,,,,,8,10,18,,,,,,,,,,,,,,,,,,,512,0.0006,,3360,0,,,,,,,,,,,,,,,,13,4,2204,444,174,44,,,,,,,,,,,,,,,,,,,,,4,,18,902,884,0,False,,,,,,,,,,,,,,,,,,,,1.285379583016038,,,,,,,,,,,,
58.654041124973446,absorbing,,,,,,,L,1,0,641,617,8,10,18,10,0,0,0.025371208030264825,0.024310499953571707,0.04968170798383653,0.05873479199362919,2204,3848,13,16,False,False,False,False,2204,13,False,512,0.0006,,2204,1,total_elems,2204,3848,1,1,,,,0.0,,,,,,,13,4,2204,444,174,44,,,,,,,,,,,,,,,,,,,,,,,,,,,,,,,,,,,,,,,,,,,,,,,,,,,,,,,,,,,
58.719843166996725,absorbing,,,,,,,R,1,1,641,617,8,10,18,10,0,0,0.026169958000537008,0.024030999979004264,0.05020095797954127,0.05087120900861919,4048,3848,16,16,False,False,False,False,3848,16,False,512,0.0006,,2204,1,total_elems,4048,3848,1,1,,,,0.0,,,,,,,16,4,3848,544,174,44,,,,,,,,,,,,,,,,,,,,,,,,,,,,,,,,,,,,,,,,,,,,,,,,,,,,,,,,,,,
58.79099025001051,absorbing,,,,,,,L,2,1,641,617,8,10,18,11,0,0,0.02569683303590864,0.02815258299233392,0.05384941602824256,0.05437825003173202,3856,10296,16,32,False,False,False,False,3856,16,False,512,0.0006,,2204,1,total_elems,3856,10296,1,1,,,,0.0,,,,,,,16,4,3856,570,174,44,,,,,,,,,,,,,,,,,,,,,,,,,,,,,,,,,,,,,,,,,,,,,,,,,,,,,,,,,,,
58.85798516700743,absorbing,,,,,,,L,3,1,641,617,8,10,18,10,0,0,0.02635224995901808,0.02523916697828099,0.05159141693729907,0.052156416000798345,7376,10076,16,32,False,False,False,False,7376,16,False,512,0.0006,,2204,1,total_elems,7376,10076,1,1,,,,0.0,,,,,,,16,4,7376,708,174,44,,,,,,,,,,,,,,,,,,,,,,,,,,,,,,,,,,,,,,,,,,,,,,,,,,,,,,,,,,,
58.93833720800467,absorbing,,,,,,,R,3,2,641,617,8,10,18,13,0,0,0.03557200002251193,0.029249209037516266,0.0648212090600282,0.06540000002132729,19552,13648,51,32,False,False,False,False,13648,32,False,512,0.0006,,2204,1,total_elems,19552,13648,1,1,,,,0.0,,,,,,,32,4,13648,900,174,44,,,,,,,,,,,,,,,,,,,,,,,,,,,,,,,,,,,,,,,,,,,,,,,,,,,,,,,,,,,
59.04346562497085,absorbing,,,,,,,R,3,3,641,617,8,10,18,12,0,0,0.04172141698654741,0.04587787500349805,0.08759929199004546,0.08820445800665766,30720,26920,51,48,False,False,False,False,26920,48,False,512,0.0006,,2204,1,total_elems,30720,26920,1,1,,,,0.0,,,,,,,48,4,26920,1112,174,44,,,,,,,,,,,,,,,,,,,,,,,,,,,,,,,,,,,,,,,,,,,,,,,,,,,,,,,,,,,
59.19375012500677,absorbing,,,,,,,R,3,4,641,617,8,11,19,10,1,1,0.060758625040762126,0.07343699998455122,0.13419562502531335,0.134855541982688,44984,41184,64,64,False,False,False,False,41184,64,False,512,0.0006,,2204,1,total_elems,44984,41184,1,1,,,,0.0,,,,,,,64,4,41184,1360,174,44,,,,,,,,,,,,,,,,,,,,,,,,,,,,,,,,,,,,,,,,,,,,,,,,,,,,,,,,,,,
59.39587487495737,absorbing,,,,,,,L,4,4,641,617,8,11,19,8,0,1,0.07902841700706631,0.10481141699710861,0.18383983400417492,0.18455512495711446,69936,95008,64,64,False,False,False,False,69936,64,False,512,0.0006,,2204,1,total_elems,69936,95008,1,1,,,,0.0,,,,,,,64,4,69936,1626,174,44,,,,,,,,,,,,,,,,,,,,,,,,,,,,,,,,,,,,,,,,,,,,,,,,,,,,,,,,,,,
59.65447041700827,absorbing,,,,,,,L,5,4,641,617,8,11,19,8,0,1,0.09520854201400653,0.14222241699462757,0.2374309590086341,0.24260183301521465,82400,133216,64,128,False,False,False,False,82400,64,False,512,0.0006,,2204,1,total_elems,82400,133216,1,1,,,,0.0,,,,,,,64,4,82400,1802,174,44,,,,,,,,,,,,,,,,,,,,,,,,,,,,,,,,,,,,,,,,,,,,,,,,,,,,,,,,,,,
59.931726457958575,absorbing,,,,,,,L,6,4,641,617,8,11,19,9,0,1,0.1286007500020787,0.131198332994245,0.2597990829963237,0.2618121660198085,114656,161184,64,128,False,False,False,False,114656,64,False,512,0.0006,,2204,1,total_elems,114656,161184,1,1,,,,0.0,,,,,,,64,4,114656,2070,174,44,,,,,,,,,,,,,,,,,,,,,,,,,,,,,,,,,,,,,,,,,,,,,,,,,,,,,,,,,,,
60.30216487497091,absorbing,,,,,,,L,7,4,641,617,8,11,19,8,0,1,0.17857970902696252,0.17375079198973253,0.35233050101669505,0.3555037910118699,228512,247968,256,256,False,False,False,False,228512,256,False,512,0.0006,,2204,1,total_elems,228512,247968,1,1,,,,0.0,,,,,,,256,4,228512,2660,174,44,,,,,,,,,,,,,,,,,,,,,,,,,,,,,,,,,,,,,,,,,,,,,,,,,,,,,,,,,,,
60.8302965000039,absorbing,,,,,,,L,8,4,641,617,9,11,20,8,1,2,0.1920391249586828,0.31928212504135445,0.5113212500000373,0.5122384579735808,271200,513120,256,256,False,False,False,True,271200,256,False,512,0.0006,,2204,1,total_elems,271200,513120,1,1,,,,0.0,,,,,,,256,4,271200,2978,174,44,,,,,,,,,,,,,,,,,,,,,,,,,,,,,,,,,,,,,,,,,,,,,,,,,,,,,,,,,,,
61.39015287498478,absorbing,,,,,,,L,9,4,641,617,11,11,22,7,2,4,0.2311742919846438,0.30776179098756984,0.5389360829722136,0.5421714999829419,376352,534048,256,256,False,False,False,True,376352,256,False,512,0.0006,,2204,1,total_elems,376352,534048,1,1,,,,0.0,,,,,,,256,4,376352,3648,174,44,,,,,,,,,,,,,,,,,,,,,,,,,,,,,,,,,,,,,,,,,,,,,,,,,,,,,,,,,,,
65.31040566699812,unswapping,,,,,,,,,,,,,,,,,,,,,,,,,,,,,,,,,,,,,,,,,,,,,,,,,,,,,256,4,390560,3554,174,44,0,both,0,22,22,7,"[[10, 11], [18, 19], [24, 25], [26, 27], [28, 29], [36, 37], [38, 39]]",7,,,,,0,,,,,,,,,,,,,,,,,,,,,,,,,,,,,,,,,,,,,,,,,,,,,,
67.3313758749864,unswapping,,,,,,,,,,,,,,,,,,,,,,,,,,,,,,,,,,,,,,,,,,,,,,,,,,,,,184,4,215136,2700,174,44,0,both,1,21,21,10,"[[3, 4], [7, 8], [9, 10], [11, 12], [25, 26], [27, 28], [29, 30], [37, 38], [39, 40], [41, 42]]",17,,,,,0,,,,,,,,,,,,,,,,,,,,,,,,,,,,,,,,,,,,,,,,,,,,,,
67.85095408296911,unswapping,,,,,,,,,,,,,,,,,,,,,,,,,,,,,,,,,,,,,,,,,,,,,,,,,,,,,64,4,88244,1882,174,44,0,left,0,22,22,11,"[[2, 3], [4, 5], [6, 7], [16, 17], [20, 21], [24, 25], [30, 31], [32, 33], [36, 37], [40, 41], [42, 43]]",28,,,,,22,,,,,,,,,,,,,,,,,,,,,,,,,,,,,,,,,,,,,,,,,,,,,,
68.07383824995486,unswapping,,,,,,,,,,,,,,,,,,,,,,,,,,,,,,,,,,,,,,,,,,,,,,,,,,,,,46,4,42724,1366,174,44,0,left,1,21,21,11,"[[1, 2], [3, 4], [5, 6], [7, 8], [21, 22], [23, 24], [27, 28], [29, 30], [31, 32], [33, 34], [35, 36]]",39,,,,,44,,,,,,,,,,,,,,,,,,,,,,,,,,,,,,,,,,,,,,,,,,,,,,
68.18665200000396,unswapping,,,,,,,,,,,,,,,,,,,,,,,,,,,,,,,,,,,,,,,,,,,,,,,,,,,,,32,4,35748,1258,174,44,0,right,0,22,22,4,"[[2, 3], [8, 9], [26, 27], [30, 31]]",43,,,,,44,,,,,,,,,,,,,,,,,,,,,,,,,,,,,,,,,,,,,,,,,,,,,,
68.2881529169972,unswapping,,,,,,,,,,,,,,,,,,,,,,,,,,,,,,,,,,,,,,,,,,,,,,,,,,,,,32,4,33444,1198,174,44,0,right,1,21,21,4,"[[1, 2], [11, 12], [15, 16], [17, 18]]",47,,,,,48,,,,,,,,,,,,,,,,,,,,,,,,,,,,,,,,,,,,,,,,,,,,,,
68.50732683297247,unswapping,,,,,,,,,,,,,,,,,,,,,,,,,,,,,,,,,,,,,,,,,,,,,,,,,,,,,32,4,22884,998,174,44,1,both,0,22,22,9,"[[6, 7], [12, 13], [14, 15], [20, 21], [22, 23], [30, 31], [32, 33], [34, 35], [40, 41]]",9,,,,,64,,,,,,,,,,,,,,,,,,,,,,,,,,,,,,,,,,,,,,,,,,,,,,
68.64611145795789,unswapping,,,,,,,,,,,,,,,,,,,,,,,,,,,,,,,,,,,,,,,,,,,,,,,,,,,,,32,4,16980,886,174,44,1,both,1,21,21,4,"[[5, 6], [13, 14], [31, 32], [33, 34]]",13,,,,,74,,,,,,,,,,,,,,,,,,,,,,,,,,,,,,,,,,,,,,,,,,,,,,
68.71390720800264,unswapping,,,,,,,,,,,,,,,,,,,,,,,,,,,,,,,,,,,,,,,,,,,,,,,,,,,,,32,4,15444,822,174,44,1,left,0,22,22,5,"[[0, 1], [2, 3], [4, 5], [14, 15], [32, 33]]",18,,,,,84,,,,,,,,,,,,,,,,,,,,,,,,,,,,,,,,,,,,,,,,,,,,,,
68.77963099995395,unswapping,,,,,,,,,,,,,,,,,,,,,,,,,,,,,,,,,,,,,,,,,,,,,,,,,,,,,32,4,13784,776,174,44,1,left,1,21,21,3,"[[3, 4], [19, 20], [23, 24]]",21,,,,,88,,,,,,,,,,,,,,,,,,,,,,,,,,,,,,,,,,,,,,,,,,,,,,
68.84234191698488,unswapping,,,,,,,,,,,,,,,,,,,,,,,,,,,,,,,,,,,,,,,,,,,,,,,,,,,,,32,4,13340,746,174,44,1,right,0,22,22,2,"[[4, 5], [18, 19]]",23,,,,,90,,,,,,,,,,,,,,,,,,,,,,,,,,,,,,,,,,,,,,,,,,,,,,
68.90323937498033,unswapping,,,,,,,,,,,,,,,,,,,,,,,,,,,,,,,,,,,,,,,,,,,,,,,,,,,,,32,4,12408,732,174,44,1,right,1,21,21,2,"[[29, 30], [41, 42]]",25,,,,,92,,,,,,,,,,,,,,,,,,,,,,,,,,,,,,,,,,,,,,,,,,,,,,
69.01804524997715,unswapping,,,,,,,,,,,,,,,,,,,,,,,,,,,,,,,,,,,,,,,,,,,,,,,,,,,,,32,4,12204,722,174,44,2,both,0,22,22,2,"[[0, 1], [34, 35]]",2,,,,,92,,,,,,,,,,,,,,,,,,,,,,,,,,,,,,,,,,,,,,,,,,,,,,
69.12802187498892,unswapping,,,,,,,,,,,,,,,,,,,,,,,,,,,,,,,,,,,,,,,,,,,,,,,,,,,,,32,4,11600,700,174,44,2,both,1,21,21,3,"[[15, 16], [31, 32], [33, 34]]",5,,,,,94,,,,,,,,,,,,,,,,,,,,,,,,,,,,,,,,,,,,,,,,,,,,,,
69.18573279195698,unswapping,,,,,,,,,,,,,,,,,,,,,,,,,,,,,,,,,,,,,,,,,,,,,,,,,,,,,32,4,9360,664,174,44,2,left,0,22,22,2,"[[24, 25], [30, 31]]",7,,,,,94,,,,,,,,,,,,,,,,,,,,,,,,,,,,,,,,,,,,,,,,,,,,,,
69.22838220797712,unswapping,,,,,,,,,,,,,,,,,,,,,,,,,,,,,,,,,,,,,,,,,,,,,,,,,,,,,16,4,7056,616,174,44,2,left,1,21,21,1,"[[25, 26]]",8,,,,,96,,,,,,,,,,,,,,,,,,,,,,,,,,,,,,,,,,,,,,,,,,,,,,
69.25201629195362,unswapping,,,,,,,,,,,,,,,,,,,,,,,,,,,,,,,,,,,,,,,,,,,,,,,,,,,,,16,4,7056,616,174,44,2,right,0,22,22,0,[],8,,,,,96,,,,,,,,,,,,,,,,,,,,,,,,,,,,,,,,,,,,,,,,,,,,,,
69.27506016695406,unswapping,,,,,,,,,,,,,,,,,,,,,,,,,,,,,,,,,,,,,,,,,,,,,,,,,,,,,16,4,7056,616,174,44,2,right,1,21,21,0,[],8,,,,,96,,,,,,,,,,,,,,,,,,,,,,,,,,,,,,,,,,,,,,,,,,,,,,
69.36856949998764,unswapping,,,,,,,,,,,,,,,,,,,,,,,,,,,,,,,,,,,,,,,,,,,,,,,,,,,,,16,4,6996,610,174,44,3,both,0,22,22,1,"[[16, 17]]",1,,,,,98,,,,,,,,,,,,,,,,,,,,,,,,,,,,,,,,,,,,,,,,,,,,,,
69.46626545797335,unswapping,,,,,,,,,,,,,,,,,,,,,,,,,,,,,,,,,,,,,,,,,,,,,,,,,,,,,16,4,6488,596,174,44,3,both,1,21,21,2,"[[17, 18], [29, 30]]",3,,,,,100,,,,,,,,,,,,,,,,,,,,,,,,,,,,,,,,,,,,,,,,,,,,,,
69.50887124997098,unswapping,,,,,,,,,,,,,,,,,,,,,,,,,,,,,,,,,,,,,,,,,,,,,,,,,,,,,16,4,5336,572,174,44,3,left,0,22,22,1,"[[26, 27]]",4,,,,,102,,,,,,,,,,,,,,,,,,,,,,,,,,,,,,,,,,,,,,,,,,,,,,
69.55797354195965,unswapping,,,,,,,,,,,,,,,,,,,,,,,,,,,,,,,,,,,,,,,,,,,,,,,,,,,,,16,4,5016,564,174,44,3,left,1,21,21,1,"[[27, 28]]",5,,,,,102,,,,,,,,,,,,,,,,,,,,,,,,,,,,,,,,,,,,,,,,,,,,,,
69.59380533295916,unswapping,,,,,,,,,,,,,,,,,,,,,,,,,,,,,,,,,,,,,,,,,,,,,,,,,,,,,16,4,4696,556,174,44,3,right,0,22,22,1,"[[30, 31]]",6,,,,,100,,,,,,,,,,,,,,,,,,,,,,,,,,,,,,,,,,,,,,,,,,,,,,
69.61496470798738,unswapping,,,,,,,,,,,,,,,,,,,,,,,,,,,,,,,,,,,,,,,,,,,,,,,,,,,,,16,4,4696,556,174,44,3,right,1,21,21,0,[],6,,,,,100,,,,,,,,,,,,,,,,,,,,,,,,,,,,,,,,,,,,,,,,,,,,,,
69.7028231669683,unswapping,,,,,,,,,,,,,,,,,,,,,,,,,,,,,,,,,,,,,,,,,,,,,,,,,,,,,14,4,4504,552,174,44,4,both,0,22,22,1,"[[28, 29]]",1,,,,,104,,,,,,,,,,,,,,,,,,,,,,,,,,,,,,,,,,,,,,,,,,,,,,
69.77370479196543,unswapping,,,,,,,,,,,,,,,,,,,,,,,,,,,,,,,,,,,,,,,,,,,,,,,,,,,,,14,4,4072,540,174,44,4,both,1,21,21,1,"[[27, 28]]",2,,,,,108,,,,,,,,,,,,,,,,,,,,,,,,,,,,,,,,,,,,,,,,,,,,,,
69.81110741698649,unswapping,,,,,,,,,,,,,,,,,,,,,,,,,,,,,,,,,,,,,,,,,,,,,,,,,,,,,12,4,3864,534,174,44,4,left,0,22,22,1,"[[28, 29]]",3,,,,,108,,,,,,,,,,,,,,,,,,,,,,,,,,,,,,,,,,,,,,,,,,,,,,
69.83140349999303,unswapping,,,,,,,,,,,,,,,,,,,,,,,,,,,,,,,,,,,,,,,,,,,,,,,,,,,,,12,4,3864,534,174,44,4,left,1,21,21,0,[],3,,,,,108,,,,,,,,,,,,,,,,,,,,,,,,,,,,,,,,,,,,,,,,,,,,,,
69.85160383296898,unswapping,,,,,,,,,,,,,,,,,,,,,,,,,,,,,,,,,,,,,,,,,,,,,,,,,,,,,12,4,3864,534,174,44,4,right,0,22,22,0,[],3,,,,,108,,,,,,,,,,,,,,,,,,,,,,,,,,,,,,,,,,,,,,,,,,,,,,
69.87083145795623,unswapping,,,,,,,,,,,,,,,,,,,,,,,,,,,,,,,,,,,,,,,,,,,,,,,,,,,,,12,4,3864,534,174,44,4,right,1,21,21,0,[],3,,,,,108,,,,,,,,,,,,,,,,,,,,,,,,,,,,,,,,,,,,,,,,,,,,,,
69.91348487499636,unswapping,,,,,,,,,,,,,,,,,,,,,,,,,,,,,,,,,,,,,,,,,,,,,,,,,,,,,12,4,3864,534,174,44,5,both,0,22,22,0,[],0,,,,,108,,,,,,,,,,,,,,,,,,,,,,,,,,,,,,,,,,,,,,,,,,,,,,
69.9528816670063,unswapping,,,,,,,,,,,,,,,,,,,,,,,,,,,,,,,,,,,,,,,,,,,,,,,,,,,,,12,4,3864,534,174,44,5,both,1,21,21,0,[],0,,,,,108,,,,,,,,,,,,,,,,,,,,,,,,,,,,,,,,,,,,,,,,,,,,,,
69.97307958296733,unswapping,,,,,,,,,,,,,,,,,,,,,,,,,,,,,,,,,,,,,,,,,,,,,,,,,,,,,12,4,3864,534,174,44,5,left,0,22,22,0,[],0,,,,,108,,,,,,,,,,,,,,,,,,,,,,,,,,,,,,,,,,,,,,,,,,,,,,
69.99267983296886,unswapping,,,,,,,,,,,,,,,,,,,,,,,,,,,,,,,,,,,,,,,,,,,,,,,,,,,,,12,4,3864,534,174,44,5,left,1,21,21,0,[],0,,,,,108,,,,,,,,,,,,,,,,,,,,,,,,,,,,,,,,,,,,,,,,,,,,,,
70.01253604196245,unswapping,,,,,,,,,,,,,,,,,,,,,,,,,,,,,,,,,,,,,,,,,,,,,,,,,,,,,12,4,3864,534,174,44,5,right,0,22,22,0,[],0,,,,,108,,,,,,,,,,,,,,,,,,,,,,,,,,,,,,,,,,,,,,,,,,,,,,
70.03132899996126,unswapping,,,,,,,,,,,,,,,,,,,,,,,,,,,,,,,,,,,,,,,,,,,,,,,,,,,,,12,4,3864,534,174,44,5,right,1,21,21,0,[],0,,,,,108,,,,,,,,,,,,,,,,,,,,,,,,,,,,,,,,,,,,,,,,,,,,,,
70.51870329200756,unswap_cycle_summary,,,,,,,,,,,,11,11,22,,,,,,,,,,,,,,,,,,,512,0.0006,,,,,,,,,,,,,,,,,,,12,4,3864,534,174,44,,,,,,,,,,,,,,,,,,,,,5,7.251434667035937,22,902,880,4,False,False,False,,0,"[11, 11]","[0, 4, 5, 7, 1, 2, 8, 3, 6, 11, 9, 12, 13, 15, 14, 17, 16, 19, 10, 22, 18, 21, 27, 23, 25, 24, 26, 39, 20, 29, 31, 33, 34, 32, 30, 28, 35, 37, 36, 40, 38, 42, 43, 41]","[4, 0, 1, 2, 8, 3, 5, 6, 11, 7, 9, 10, 13, 16, 12, 15, 19, 18, 14, 17, 21, 20, 23, 22, 25, 27, 29, 30, 24, 26, 31, 28, 33, 34, 35, 32, 37, 39, 36, 40, 42, 41, 38, 43]","{'index': 9, 'interactions': [('unitary', (29, 30)), ('unitary', (31, 32))]}","{'index': 5, 'interactions': [('unitary', (16, 17)), ('unitary', (25, 26))]}","[0, 1, 0, 0, 0, 2, 2, 2, 2, 2, 2, 2, 2, 2, 0, 0, 0, 0, 2, 2, 2, 2, 2, 3, 3, 3, 2, 3, 4, 4, 3, 3, 2, 2, 2, 2, 2, 2, 2, 2, 2, 2, 0]",4d0a92ecc95f6d6e07d48c6ef316c187578f29632bb24ca63d7a0b95afad29ac,,,,,,,,,,,,,,,,,,,,,
71.2451653329772,rewiring,left,post_unswap,0.7113924589939415,634,False,False,,,,,,,,,,,,,,,,,,,,,,,,,,,,,,,,,,,,,,,,,,,,,,,,,,,,,,,,,,,,,,,,,,,,,,,,,5,,,,,,,,,,,,,,,,,,50,False,4,1,none,0.0,2024,0.7113884160062298,1.3351870830520056,,,,,,,,,,,,
71.86870774999261,rewiring,right,post_unswap,0.6233205000171438,615,False,False,,,,,,,,,,,,,,,,,,,,,,,,,,,,,,,,,,,,,,,,,,,,,,,,,,,,,,,,,,,,,,,,,,,,,,,,,5,,,,,,,,,,,,,,,,,,50,False,4,1,none,0.0,2024,0.623316082987003,1.3351870830520056,,,,,,,,,,,,
71.89801066700602,cycle_progress,,,,,,,,,,,,11,11,22,,,,,,,,,,,,,,,,,,,512,0.0006,,2204,1,,,,,,,,,,,,,,,,12,4,3864,534,174,44,,,,,,,,,,,,,,,,,,,,,5,,22,902,880,4,False,,,,,,,,,,,,,,,,,,,,1.3351870830520056,,,,,,,,,,,,
71.97800429200288,absorbing,,,,,,,L,1,0,579,570,11,11,22,8,0,0,0.02527995902346447,0.02783199999248609,0.05311195901595056,0.0634959579911083,3864,5988,12,16,False,False,False,False,3864,12,False,512,0.0006,,3864,0,total_elems,3864,5988,1,1,,,,0.0,,,,,,,12,4,3864,534,174,44,,,,,,,,,,,,,,,,,,,,,,,,,,,,,,,,,,,,,,,,,,,,,,,,,,,,,,,,,,,
72.04755320795812,absorbing,,,,,,,R,1,1,579,570,11,12,23,10,1,1,0.02460933302063495,0.02763125003548339,0.05224058305611834,0.05280133301857859,6072,5988,16,16,False,False,False,False,5988,16,False,512,0.0006,,3864,0,total_elems,6072,5988,1,1,,,,0.0,,,,,,,16,4,5988,656,174,44,,,,,,,,,,,,,,,,,,,,,,,,,,,,,,,,,,,,,,,,,,,,,,,,,,,,,,,,,,,
72.11797562497668,absorbing,,,,,,,L,2,1,579,570,11,12,23,9,0,1,0.02490000001853332,0.026659625000320375,0.051559625018853694,0.05208712496096268,8344,11108,16,16,False,False,False,False,8344,16,False,512,0.0006,,3864,0,total_elems,8344,11108,1,1,,,,0.0,,,,,,,16,4,8344,734,174,44,,,,,,,,,,,,,,,,,,,,,,,,,,,,,,,,,,,,,,,,,,,,,,,,,,,,,,,,,,,
72.21597687498434,absorbing,,,,,,,R,2,2,579,570,11,12,23,12,0,1,0.04882579197874293,0.03177537495503202,0.08060116693377495,0.08121487504104152,17024,14304,32,16,False,False,False,False,14304,16,False,512,0.0006,,3864,0,total_elems,17024,14304,1,1,,,,0.0,,,,,,,16,4,14304,900,174,44,,,,,,,,,,,,,,,,,,,,,,,,,,,,,,,,,,,,,,,,,,,,,,,,,,,,,,,,,,,
72.33048383297864,absorbing,,,,,,,L,3,2,579,570,13,12,25,6,2,3,0.05388241697801277,0.03990054200403392,0.0937829589820467,0.09454791696043685,28576,29536,64,64,False,False,False,False,28576,64,False,512,0.0006,,3864,0,total_elems,28576,29536,1,1,,,,0.0,,,,,,,64,4,28576,1176,174,44,,,,,,,,,,,,,,,,,,,,,,,,,,,,,,,,,,,,,,,,,,,,,,,,,,,,,,,,,,,
72.47512699995423,absorbing,,,,,,,L,4,2,579,570,15,12,27,5,2,5,0.05554970900993794,0.07133025000803173,0.12687995901796967,0.1275345419999212,41696,62496,64,64,False,False,False,False,41696,64,False,512,0.0006,,3864,0,total_elems,41696,62496,1,1,,,,0.0,,,,,,,64,4,41696,1426,174,44,,,,,,,,,,,,,,,,,,,,,,,,,,,,,,,,,,,,,,,,,,,,,,,,,,,,,,,,,,,
72.64065779198427,absorbing,,,,,,,L,5,2,579,570,15,12,27,6,0,5,0.07097724999766797,0.07527479203417897,0.14625204203184694,0.14692466700216755,84320,85792,64,64,False,False,False,False,84320,64,False,512,0.0006,,3864,0,total_elems,84320,85792,1,1,,,,0.0,,,,,,,64,4,84320,1678,174,44,,,,,,,,,,,,,,,,,,,,,,,,,,,,,,,,,,,,,,,,,,,,,,,,,,,,,,,,,,,
73.07544437499018,absorbing,,,,,,,R,5,3,579,570,15,12,27,10,0,5,0.28117554198252037,0.1352372500114143,0.41641279199393466,0.4171386249945499,407456,211488,256,256,False,False,False,False,211488,256,False,512,0.0006,,3864,0,total_elems,407456,211488,1,1,,,,0.0,,,,,,,256,4,211488,2396,174,44,,,,,,,,,,,,,,,,,,,,,,,,,,,,,,,,,,,,,,,,,,,,,,,,,,,,,,,,,,,
77.66891654196661,unswapping,,,,,,,,,,,,,,,,,,,,,,,,,,,,,,,,,,,,,,,,,,,,,,,,,,,,,256,4,196384,2142,174,44,0,both,0,22,22,6,"[[2, 3], [6, 7], [8, 9], [14, 15], [18, 19], [36, 37]]",6,,,,,0,,,,,,,,,,,,,,,,,,,,,,,,,,,,,,,,,,,,,,,,,,,,,,
78.37063816696173,unswapping,,,,,,,,,,,,,,,,,,,,,,,,,,,,,,,,,,,,,,,,,,,,,,,,,,,,,64,4,53408,1408,174,44,0,both,1,21,21,9,"[[1, 2], [3, 4], [5, 6], [9, 10], [17, 18], [19, 20], [27, 28], [37, 38], [41, 42]]",15,,,,,0,,,,,,,,,,,,,,,,,,,,,,,,,,,,,,,,,,,,,,,,,,,,,,
78.50667841697577,unswapping,,,,,,,,,,,,,,,,,,,,,,,,,,,,,,,,,,,,,,,,,,,,,,,,,,,,,64,4,29408,1158,174,44,0,left,0,22,22,5,"[[2, 3], [4, 5], [6, 7], [28, 29], [40, 41]]",20,,,,,10,,,,,,,,,,,,,,,,,,,,,,,,,,,,,,,,,,,,,,,,,,,,,,
78.59111741697416,unswapping,,,,,,,,,,,,,,,,,,,,,,,,,,,,,,,,,,,,,,,,,,,,,,,,,,,,,32,4,15136,896,174,44,0,left,1,21,21,8,"[[1, 2], [5, 6], [7, 8], [11, 12], [21, 22], [23, 24], [31, 32], [39, 40]]",28,,,,,26,,,,,,,,,,,,,,,,,,,,,,,,,,,,,,,,,,,,,,,,,,,,,,
78.65013962500961,unswapping,,,,,,,,,,,,,,,,,,,,,,,,,,,,,,,,,,,,,,,,,,,,,,,,,,,,,32,4,14348,854,174,44,0,right,0,22,22,4,"[[0, 1], [12, 13], [16, 17], [24, 25]]",32,,,,,34,,,,,,,,,,,,,,,,,,,,,,,,,,,,,,,,,,,,,,,,,,,,,,
78.70861037500435,unswapping,,,,,,,,,,,,,,,,,,,,,,,,,,,,,,,,,,,,,,,,,,,,,,,,,,,,,32,4,13828,832,174,44,0,right,1,21,21,3,"[[15, 16], [17, 18], [29, 30]]",35,,,,,40,,,,,,,,,,,,,,,,,,,,,,,,,,,,,,,,,,,,,,,,,,,,,,
78.82577291695634,unswapping,,,,,,,,,,,,,,,,,,,,,,,,,,,,,,,,,,,,,,,,,,,,,,,,,,,,,32,4,9808,740,174,44,1,both,0,22,22,6,"[[4, 5], [6, 7], [8, 9], [32, 33], [40, 41], [42, 43]]",6,,,,,44,,,,,,,,,,,,,,,,,,,,,,,,,,,,,,,,,,,,,,,,,,,,,,
78.92397412500577,unswapping,,,,,,,,,,,,,,,,,,,,,,,,,,,,,,,,,,,,,,,,,,,,,,,,,,,,,16,4,6172,620,174,44,1,both,1,21,21,5,"[[3, 4], [7, 8], [31, 32], [39, 40], [41, 42]]",11,,,,,48,,,,,,,,,,,,,,,,,,,,,,,,,,,,,,,,,,,,,,,,,,,,,,
78.97632254200289,unswapping,,,,,,,,,,,,,,,,,,,,,,,,,,,,,,,,,,,,,,,,,,,,,,,,,,,,,16,4,5148,594,174,44,1,left,0,22,22,3,"[[2, 3], [30, 31], [40, 41]]",14,,,,,54,,,,,,,,,,,,,,,,,,,,,,,,,,,,,,,,,,,,,,,,,,,,,,
79.0247424999834,unswapping,,,,,,,,,,,,,,,,,,,,,,,,,,,,,,,,,,,,,,,,,,,,,,,,,,,,,16,4,4800,574,174,44,1,left,1,21,21,3,"[[3, 4], [9, 10], [29, 30]]",17,,,,,58,,,,,,,,,,,,,,,,,,,,,,,,,,,,,,,,,,,,,,,,,,,,,,
79.07492295798147,unswapping,,,,,,,,,,,,,,,,,,,,,,,,,,,,,,,,,,,,,,,,,,,,,,,,,,,,,16,4,4656,562,174,44,1,right,0,22,22,2,"[[18, 19], [40, 41]]",19,,,,,58,,,,,,,,,,,,,,,,,,,,,,,,,,,,,,,,,,,,,,,,,,,,,,
79.09868599998299,unswapping,,,,,,,,,,,,,,,,,,,,,,,,,,,,,,,,,,,,,,,,,,,,,,,,,,,,,16,4,4656,562,174,44,1,right,1,21,21,0,[],19,,,,,58,,,,,,,,,,,,,,,,,,,,,,,,,,,,,,,,,,,,,,,,,,,,,,
79.19193312496645,unswapping,,,,,,,,,,,,,,,,,,,,,,,,,,,,,,,,,,,,,,,,,,,,,,,,,,,,,16,4,4496,546,174,44,2,both,0,22,22,3,"[[4, 5], [10, 11], [42, 43]]",3,,,,,66,,,,,,,,,,,,,,,,,,,,,,,,,,,,,,,,,,,,,,,,,,,,,,
79.27428208297351,unswapping,,,,,,,,,,,,,,,,,,,,,,,,,,,,,,,,,,,,,,,,,,,,,,,,,,,,,16,4,4436,540,174,44,2,both,1,21,21,1,"[[5, 6]]",4,,,,,68,,,,,,,,,,,,,,,,,,,,,,,,,,,,,,,,,,,,,,,,,,,,,,
79.32220954197692,unswapping,,,,,,,,,,,,,,,,,,,,,,,,,,,,,,,,,,,,,,,,,,,,,,,,,,,,,16,4,4376,534,174,44,2,left,0,22,22,1,"[[8, 9]]",5,,,,,70,,,,,,,,,,,,,,,,,,,,,,,,,,,,,,,,,,,,,,,,,,,,,,
79.34371891699266,unswapping,,,,,,,,,,,,,,,,,,,,,,,,,,,,,,,,,,,,,,,,,,,,,,,,,,,,,16,4,4376,534,174,44,2,left,1,21,21,0,[],5,,,,,70,,,,,,,,,,,,,,,,,,,,,,,,,,,,,,,,,,,,,,,,,,,,,,
79.3909795829677,unswapping,,,,,,,,,,,,,,,,,,,,,,,,,,,,,,,,,,,,,,,,,,,,,,,,,,,,,16,4,4316,528,174,44,2,right,0,22,22,1,"[[6, 7]]",6,,,,,72,,,,,,,,,,,,,,,,,,,,,,,,,,,,,,,,,,,,,,,,,,,,,,
79.42722183297155,unswapping,,,,,,,,,,,,,,,,,,,,,,,,,,,,,,,,,,,,,,,,,,,,,,,,,,,,,16,4,4268,524,174,44,2,right,1,21,21,1,"[[11, 12]]",7,,,,,74,,,,,,,,,,,,,,,,,,,,,,,,,,,,,,,,,,,,,,,,,,,,,,
79.51088483299827,unswapping,,,,,,,,,,,,,,,,,,,,,,,,,,,,,,,,,,,,,,,,,,,,,,,,,,,,,16,4,4208,518,174,44,3,both,0,22,22,2,"[[10, 11], [12, 13]]",2,,,,,72,,,,,,,,,,,,,,,,,,,,,,,,,,,,,,,,,,,,,,,,,,,,,,
79.58843516698107,unswapping,,,,,,,,,,,,,,,,,,,,,,,,,,,,,,,,,,,,,,,,,,,,,,,,,,,,,16,4,4196,516,174,44,3,both,1,21,21,1,"[[11, 12]]",3,,,,,70,,,,,,,,,,,,,,,,,,,,,,,,,,,,,,,,,,,,,,,,,,,,,,
79.6087847079616,unswapping,,,,,,,,,,,,,,,,,,,,,,,,,,,,,,,,,,,,,,,,,,,,,,,,,,,,,16,4,4196,516,174,44,3,left,0,22,22,0,[],3,,,,,70,,,,,,,,,,,,,,,,,,,,,,,,,,,,,,,,,,,,,,,,,,,,,,
79.630090541963,unswapping,,,,,,,,,,,,,,,,,,,,,,,,,,,,,,,,,,,,,,,,,,,,,,,,,,,,,16,4,4196,516,174,44,3,left,1,21,21,0,[],3,,,,,70,,,,,,,,,,,,,,,,,,,,,,,,,,,,,,,,,,,,,,,,,,,,,,
79.65015995799331,unswapping,,,,,,,,,,,,,,,,,,,,,,,,,,,,,,,,,,,,,,,,,,,,,,,,,,,,,16,4,4196,516,174,44,3,right,0,22,22,0,[],3,,,,,70,,,,,,,,,,,,,,,,,,,,,,,,,,,,,,,,,,,,,,,,,,,,,,
79.67267833300866,unswapping,,,,,,,,,,,,,,,,,,,,,,,,,,,,,,,,,,,,,,,,,,,,,,,,,,,,,16,4,4196,516,174,44,3,right,1,21,21,0,[],3,,,,,70,,,,,,,,,,,,,,,,,,,,,,,,,,,,,,,,,,,,,,,,,,,,,,
79.7161315829726,unswapping,,,,,,,,,,,,,,,,,,,,,,,,,,,,,,,,,,,,,,,,,,,,,,,,,,,,,16,4,4196,516,174,44,4,both,0,22,22,0,[],0,,,,,70,,,,,,,,,,,,,,,,,,,,,,,,,,,,,,,,,,,,,,,,,,,,,,
79.7551548749907,unswapping,,,,,,,,,,,,,,,,,,,,,,,,,,,,,,,,,,,,,,,,,,,,,,,,,,,,,16,4,4196,516,174,44,4,both,1,21,21,0,[],0,,,,,70,,,,,,,,,,,,,,,,,,,,,,,,,,,,,,,,,,,,,,,,,,,,,,
79.77672191697638,unswapping,,,,,,,,,,,,,,,,,,,,,,,,,,,,,,,,,,,,,,,,,,,,,,,,,,,,,16,4,4196,516,174,44,4,left,0,22,22,0,[],0,,,,,70,,,,,,,,,,,,,,,,,,,,,,,,,,,,,,,,,,,,,,,,,,,,,,
79.79729358298937,unswapping,,,,,,,,,,,,,,,,,,,,,,,,,,,,,,,,,,,,,,,,,,,,,,,,,,,,,16,4,4196,516,174,44,4,left,1,21,21,0,[],0,,,,,70,,,,,,,,,,,,,,,,,,,,,,,,,,,,,,,,,,,,,,,,,,,,,,
79.81793845799984,unswapping,,,,,,,,,,,,,,,,,,,,,,,,,,,,,,,,,,,,,,,,,,,,,,,,,,,,,16,4,4196,516,174,44,4,right,0,22,22,0,[],0,,,,,70,,,,,,,,,,,,,,,,,,,,,,,,,,,,,,,,,,,,,,,,,,,,,,
79.8364066669601,unswapping,,,,,,,,,,,,,,,,,,,,,,,,,,,,,,,,,,,,,,,,,,,,,,,,,,,,,16,4,4196,516,174,44,4,right,1,21,21,0,[],0,,,,,70,,,,,,,,,,,,,,,,,,,,,,,,,,,,,,,,,,,,,,,,,,,,,,
80.32369666697923,unswap_cycle_summary,,,,,,,,,,,,15,12,27,,,,,,,,,,,,,,,,,,,512,0.0006,,,,,,,,,,,,,,,,,,,16,4,4196,516,174,44,,,,,,,,,,,,,,,,,,,,,6,6.0322334169759415,27,902,875,5,False,False,False,,0,"[15, 12]","[0, 4, 6, 1, 7, 9, 3, 10, 8, 2, 5, 13, 12, 11, 15, 14, 16, 19, 17, 20, 18, 22, 21, 24, 23, 25, 26, 28, 29, 33, 27, 30, 32, 31, 34, 35, 37, 38, 36, 40, 43, 42, 41, 39]","[3, 0, 1, 7, 2, 6, 10, 4, 5, 9, 13, 12, 11, 8, 15, 19, 14, 17, 20, 16, 18, 21, 22, 23, 25, 24, 26, 28, 27, 30, 29, 33, 31, 32, 34, 35, 37, 38, 36, 42, 43, 39, 41, 40]","{'index': 5, 'interactions': [('unitary', (4, 5))]}","{'index': 3, 'interactions': [('unitary', (17, 18)), ('unitary', (24, 25)), ('unitary', (30, 31))]}","[0, 1, 0, 0, 0, 0, 0, 2, 0, 0, 0, 0, 1, 2, 2, 0, 0, 0, 0, 2, 2, 2, 2, 2, 4, 4, 2, 2, 2, 3, 3, 4, 3, 2, 2, 2, 2, 2, 2, 2, 2, 2, 0]",ea45c1f5b44b775aed56477b1917828289a397a9e7f06a2165ffa5877e476cc4,,,,,,,,,,,,,,,,,,,,,
81.04882320796605,rewiring,left,post_unswap,0.7078369159717113,576,False,False,,,,,,,,,,,,,,,,,,,,,,,,,,,,,,,,,,,,,,,,,,,,,,,,,,,,,,,,,,,,,,,,,,,,,,,,,6,,,,,,,,,,,,,,,,,,50,False,5,1,none,0.0,2024,0.707831333973445,1.462393958994653,,,,,,,,,,,,
81.80308208300266,rewiring,right,post_unswap,0.7540435420232825,569,False,False,,,,,,,,,,,,,,,,,,,,,,,,,,,,,,,,,,,,,,,,,,,,,,,,,,,,,,,,,,,,,,,,,,,,,,,,,6,,,,,,,,,,,,,,,,,,50,False,5,1,none,0.0,2024,0.7540367910405621,1.462393958994653,,,,,,,,,,,,
81.83808333298657,cycle_progress,,,,,,,,,,,,15,12,27,,,,,,,,,,,,,,,,,,,512,0.0006,,3864,0,,,,,,,,,,,,,,,,16,4,4196,516,174,44,,,,,,,,,,,,,,,,,,,,,6,,27,902,875,5,False,,,,,,,,,,,,,,,,,,,,1.462393958994653,,,,,,,,,,,,
81.92352387495339,absorbing,,,,,,,L,1,0,647,682,17,12,29,8,2,2,0.03126483300002292,0.02722858398919925,0.05849341698922217,0.06523616594495252,4260,4956,17,16,False,False,False,False,4260,17,False,512,0.0006,,4196,0,total_elems,4260,4956,1,1,,,,0.0,,,,,,,17,4,4260,518,174,44,,,,,,,,,,,,,,,,,,,,,,,,,,,,,,,,,,,,,,,,,,,,,,,,,,,,,,,,,,,
82.00228049996076,absorbing,,,,,,,L,2,0,647,682,17,12,29,14,0,2,0.026663999946322292,0.03194524999707937,0.058609249943401664,0.0591777500230819,4552,4956,16,16,False,False,False,False,4552,16,False,512,0.0006,,4196,0,total_elems,4552,4956,1,1,,,,0.0,,,,,,,16,4,4552,550,174,44,,,,,,,,,,,,,,,,,,,,,,,,,,,,,,,,,,,,,,,,,,,,,,,,,,,,,,,,,,,
82.09179649996804,absorbing,,,,,,,R,2,1,647,682,17,13,30,12,1,3,0.039259166980627924,0.02986745798261836,0.06912662496324629,0.06986737495753914,8320,5964,16,16,False,False,False,False,5964,16,False,512,0.0006,,4196,0,total_elems,8320,5964,1,1,,,,0.0,,,,,,,16,4,5964,644,174,44,,,,,,,,,,,,,,,,,,,,,,,,,,,,,,,,,,,,,,,,,,,,,,,,,,,,,,,,,,,
82.1845188330044,absorbing,,,,,,,L,3,1,647,682,19,13,32,10,2,5,0.04013366700382903,0.032153791980817914,0.07228745898464695,0.07288816699292511,11424,11460,16,31,False,False,False,False,11424,16,False,512,0.0006,,4196,0,total_elems,11424,11460,1,1,,,,0.0,,,,,,,16,4,11424,800,174,44,,,,,,,,,,,,,,,,,,,,,,,,,,,,,,,,,,,,,,,,,,,,,,,,,,,,,,,,,,,
82.29017737496179,absorbing,,,,,,,L,4,1,647,682,21,13,34,5,2,7,0.04444566700840369,0.0404055830440484,0.08485125005245209,0.08554416702827439,16896,22464,16,64,False,False,False,False,16896,16,False,512,0.0006,,4196,0,total_elems,16896,22464,1,1,,,,0.0,,,,,,,16,4,16896,974,174,44,,,,,,,,,,,,,,,,,,,,,,,,,,,,,,,,,,,,,,,,,,,,,,,,,,,,,,,,,,,
82.37995862500975,absorbing,,,,,,,L,5,1,647,682,21,13,34,4,0,7,0.02892870898358524,0.04022091702790931,0.06914962601149455,0.06981291703414172,20160,28704,16,64,False,False,False,False,20160,16,False,512,0.0006,,4196,0,total_elems,20160,28704,1,1,,,,0.0,,,,,,,16,4,20160,1048,174,44,,,,,,,,,,,,,,,,,,,,,,,,,,,,,,,,,,,,,,,,,,,,,,,,,,,,,,,,,,,
82.49317674996564,absorbing,,,,,,,L,6,1,647,682,21,13,34,6,0,7,0.03629041701788083,0.05473920900840312,0.09102962602628395,0.09173799998825416,26880,32896,64,64,False,False,False,False,26880,64,False,512,0.0006,,4196,0,total_elems,26880,32896,1,1,,,,0.0,,,,,,,64,4,26880,1178,174,44,,,,,,,,,,,,,,,,,,,,,,,,,,,,,,,,,,,,,,,,,,,,,,,,,,,,,,,,,,,
82.63509974995395,absorbing,,,,,,,R,6,2,647,682,21,14,35,10,1,8,0.05757141701178625,0.06323337502544746,0.12080479203723371,0.12141229101689532,45456,40368,64,64,False,False,False,False,40368,64,False,512,0.0006,,4196,0,total_elems,45456,40368,1,1,,,,0.0,,,,,,,64,4,40368,1438,174,44,,,,,,,,,,,,,,,,,,,,,,,,,,,,,,,,,,,,,,,,,,,,,,,,,,,,,,,,,,,
82.80075695796404,absorbing,,,,,,,L,7,2,647,682,22,14,36,7,1,9,0.07222233299398795,0.06941558397375047,0.14163791696773842,0.14237866702023894,68152,80128,64,64,False,False,False,False,68152,64,False,512,0.0006,,4196,0,total_elems,68152,80128,1,1,,,,0.0,,,,,,,64,4,68152,1582,174,44,,,,,,,,,,,,,,,,,,,,,,,,,,,,,,,,,,,,,,,,,,,,,,,,,,,,,,,,,,,
83.08897879195865,absorbing,,,,,,,L,8,2,647,682,23,14,37,6,1,10,0.07486662501469254,0.19187858398072422,0.26674520899541676,0.2675742079736665,94496,191264,64,256,False,False,False,False,94496,64,False,512,0.0006,,4196,0,total_elems,94496,191264,1,1,,,,0.0,,,,,,,64,4,94496,1882,174,44,,,,,,,,,,,,,,,,,,,,,,,,,,,,,,,,,,,,,,,,,,,,,,,,,,,,,,,,,,,
83.35799275001045,absorbing,,,,,,,L,9,2,647,682,24,14,38,6,1,11,0.08245829201769084,0.16656862501986325,0.24902691703755409,0.2496042909915559,116640,240480,64,256,False,False,False,False,116640,64,False,512,0.0006,,4196,0,total_elems,116640,240480,1,1,,,,0.0,,,,,,,64,4,116640,2116,174,44,,,,,,,,,,,,,,,,,,,,,,,,,,,,,,,,,,,,,,,,,,,,,,,,,,,,,,,,,,,
83.67585075000534,absorbing,,,,,,,L,10,2,647,682,25,14,39,7,1,12,0.11652295896783471,0.17656529101077467,0.2930882499786094,0.2977266249945387,146080,263840,64,256,False,False,False,False,146080,64,False,512,0.0006,,4196,0,total_elems,146080,263840,1,1,,,,0.0,,,,,,,64,4,146080,2408,174,44,,,,,,,,,,,,,,,,,,,,,,,,,,,,,,,,,,,,,,,,,,,,,,,,,,,,,,,,,,,
84.08043187495787,absorbing,,,,,,,L,11,2,647,682,25,14,39,9,0,12,0.15956691704923287,0.2214977500261739,0.38106466707540676,0.3817930829827674,192736,301984,64,256,False,False,False,False,192736,64,False,512,0.0006,,4196,0,total_elems,192736,301984,1,1,,,,0.0,,,,,,,64,4,192736,2834,174,44,,,,,,,,,,,,,,,,,,,,,,,,,,,,,,,,,,,,,,,,,,,,,,,,,,,,,,,,,,,
84.5597722500097,absorbing,,,,,,,L,12,2,647,682,25,14,39,12,0,12,0.18291195802157745,0.2719665829790756,0.45487854100065306,0.45846512500429526,257664,431392,64,256,False,False,False,False,257664,64,False,512,0.0006,,4196,0,total_elems,257664,431392,1,1,,,,0.0,,,,,,,64,4,257664,3232,174,44,,,,,,,,,,,,,,,,,,,,,,,,,,,,,,,,,,,,,,,,,,,,,,,,,,,,,,,,,,,
85.33650749997469,absorbing,,,,,,,R,12,3,647,682,25,15,40,9,1,13,0.46314729197183624,0.293287499982398,0.7564347919542342,0.7571289169718511,586528,494688,256,256,False,False,True,False,494688,256,False,512,0.0006,,4196,0,total_elems,586528,494688,1,1,,,,0.0,,,,,,,256,4,494688,4294,174,44,,,,,,,,,,,,,,,,,,,,,,,,,,,,,,,,,,,,,,,,,,,,,,,,,,,,,,,,,,,
85.35649041697616,termination,,,,,,,,,,,,25,15,40,,,,,,,,,,,,,,,,,,,512,0.0006,,,0,,,,,,,,,,,,,,,,256,4,494688,4294,174,44,,,,,,,,,,,,,,,,,,,,,6,,40,902,862,,False,,,,,,,,,,,,,,,,,,,,,max_work_gates,consumed 40 work gates; target was 40,60,,,,,,,,,
85.35679804196116,timing_summary,,,8.741702708939556,,,,,,,,,,,,,,,,,,,,,,,,,,,,,,,,,,,,,,,,,,,0.0,,,,,,,,,,,,,,,,,,,,,,,,,,,,,,,,,,,,,,,,,,,,,,,,,,,,,,,,,,,8.745871917053591,,,,0.8975188750191592,0.8980572500149719,7.844183833920397,7.8478146670386195,23.470982093247585,23.619253746874165,49.38267983304104,81.74363628885476,81.7478054969688
