index,p5,p4,majority5,majority4,agreement,bias5,bias4,bootstrap_stability5,bootstrap_stability4,confidence_interval5,confidence_interval4
0,0.604,0.555,1,1,True,0.10399999999999998,0.05500000000000005,1.0,1.0,"[0.5733454840711704, 0.6338585501638342]","[0.5240461066241248, 0.5855329499424643]"
1,0.472,0.888,0,1,False,0.028000000000000025,0.388,0.967,1.0,"[0.44122510067058457, 0.5029891978046065]","[0.8669499763240903, 0.906080459091119]"
2,0.734,0.613,1,1,True,0.23399999999999999,0.11299999999999999,1.0,1.0,"[0.7057558002431918, 0.7604532767855683]","[0.5824343266729659, 0.6427008259092986]"
3,0.562,0.589,1,1,True,0.062000000000000055,0.08899999999999997,1.0,1.0,"[0.5310701383860444, 0.5924553435617469]","[0.5582210567913957, 0.6190977801981754]"
4,0.358,0.405,0,0,True,0.14200000000000002,0.09499999999999997,1.0,1.0,"[0.328881603627749, 0.3882051957821486]","[0.37499439177359234, 0.43573269233866313]"
5,0.69,0.427,1,0,False,0.18999999999999995,0.07300000000000001,1.0,1.0,"[0.6606534768407168, 0.7178923549347722]","[0.3966791104990976, 0.4578795962397934]"
6,0.745,0.699,1,1,True,0.245,0.19899999999999995,1.0,1.0,"[0.7170834253930005, 0.7710414629490774]","[0.6698531605689392, 0.7266237895538098]"
7,0.761,0.244,1,0,False,0.261,0.256,1.0,1.0,"[0.7336003718062974, 0.7864020602642429]","[0.2183928321652609, 0.2715664681793434]"
8,0.237,0.474,0,0,True,0.263,0.026000000000000023,1.0,0.9445,"[0.21168136426041648, 0.2643315107029855]","[0.4432107820528304, 0.5049882093884185]"
9,0.542,0.394,1,0,False,0.04200000000000004,0.10599999999999998,0.9955,1.0,"[0.5110177730722398, 0.5726607792149736]","[0.3641755734830001, 0.4246356993159376]"
10,0.361,0.333,0,0,True,0.139,0.16699999999999998,1.0,1.0,"[0.3318160018268193, 0.391247837032165]","[0.3044779033483562, 0.3628002339858192]"
11,0.674,0.275,1,0,False,0.17400000000000004,0.22499999999999998,1.0,1.0,"[0.6443294194831642, 0.7023388685638626]","[0.24822587402252644, 0.30349616729597334]"
12,0.445,0.542,0,1,False,0.05499999999999999,0.04200000000000004,0.9995,0.993,"[0.41446705005753576, 0.4759538933758753]","[0.5110177730722398, 0.5726607792149736]"
13,0.003,0.996,0,1,False,0.497,0.496,1.0,1.0,"[0.0010207838811386186, 0.008783014053503173]","[0.9897604437227377, 0.9984434118595916]"
14,0.495,0.212,0,0,True,0.0050000000000000044,0.28800000000000003,0.6355,1.0,"[0.4640902748007247, 0.525947992784131]","[0.1877940523073313, 0.2384101605803485]"
15,0.488,0.479,0,0,True,0.01200000000000001,0.02100000000000002,0.7915,0.9125,"[0.4571243966097442, 0.5189674455939091]","[0.4481771504618109, 0.5099835733945823]"
16,0.641,0.577,1,1,True,0.14100000000000001,0.07699999999999996,1.0,1.0,"[0.6107804510612619, 0.6701404030458117]","[0.546142492951032, 0.6072681862421924]"
17,0.343,0.547,0,1,False,0.15699999999999997,0.04700000000000004,1.0,0.9975,"[0.3142286235426158, 0.3729729786218485]","[0.5160261711771321, 0.5776141135252257]"
18,0.748,0.507,1,1,True,0.248,0.007000000000000006,1.0,0.6595,"[0.720176639029259, 0.7739252887619057]","[0.47604583278568624, 0.537900592595516]"
19,0.421,0.683,0,1,False,0.07900000000000001,0.18300000000000005,1.0,1.0,"[0.39075893140651674, 0.4518456964342009]","[0.6535068964204829, 0.7110925099738041]"
20,0.557,0.936,1,1,True,0.05700000000000005,0.43600000000000005,1.0,1.0,"[0.5260523439907523, 0.5875114055418946]","[0.9190992674988255, 0.9495637991017706]"
21,0.592,0.231,1,0,False,0.09199999999999997,0.269,1.0,1.0,"[0.5612435983142355, 0.6220522781244223]","[0.20593646391387108, 0.2581223321513576]"
22,0.271,0.607,0,1,False,0.22899999999999998,0.10699999999999998,1.0,1.0,"[0.2443667197375407, 0.2993859356488436]","[0.5763739069246411, 0.63680716675945]"
23,0.461,0.481,0,0,True,0.03899999999999998,0.019000000000000017,0.9935,0.8815,"[0.4303127166140634, 0.49198577054780995]","[0.4501645630755934, 0.5119808537468576]"
24,0.419,0.147,0,0,True,0.08100000000000002,0.353,1.0,1.0,"[0.3887865610288496, 0.4498333738458103]","[0.12640395855176664, 0.1702977329390353]"
25,0.658,0.439,1,0,False,0.15800000000000003,0.061,1.0,0.9995,"[0.6280436431236505, 0.6867471011949142]","[0.4085331921433528, 0.4699336723918849]"
26,0.31,0.323,0,0,True,0.19,0.177,1.0,1.0,"[0.28210764506522773, 0.3393465231592832]","[0.2947418927752481, 0.35261277972863847]"
27,0.364,0.653,0,1,False,0.136,0.15300000000000002,1.0,1.0,"[0.33475165091277503, 0.3942892273952959]","[0.6229619706570872, 0.681867041246333]"
28,0.529,0.715,1,1,True,0.029000000000000026,0.21499999999999997,0.971,1.0,"[0.49801049370900147, 0.5597675542988364]","[0.6862402708362823, 0.7421142230149289]"
29,0.423,0.622,0,1,False,0.07700000000000001,0.122,1.0,1.0,"[0.3927318137578076, 0.4538575070489678]","[0.5915339669665516, 0.651532303962973]"
30,0.349,0.454,0,0,True,0.15100000000000002,0.045999999999999985,1.0,0.9985,"[0.3200859840139804, 0.3790696970486572]","[0.4233763038248614, 0.48497575795580966]"
31,0.641,0.968,1,1,True,0.14100000000000001,0.46799999999999997,1.0,1.0,"[0.6107804510612619, 0.6701404030458117]","[0.9551752619162314, 0.9772428921412891]"
32,0.605,0.436,1,0,False,0.10499999999999998,0.064,1.0,1.0,"[0.5743548264576065, 0.634841554260427]","[0.4055679635294317, 0.46692186155671933]"
33,0.51,0.958,1,1,True,0.010000000000000009,0.45799999999999996,0.7215,1.0,"[0.47903749580454597, 0.5408859690257428]","[0.9437155747733968, 0.9687791144538346]"
34,0.588,0.37,1,0,False,0.08799999999999997,0.13,1.0,1.0,"[0.5572138017865, 0.6181126887200421]","[0.3406266753339855, 0.4003682818722588]"
35,0.468,0.152,0,0,True,0.03199999999999997,0.348,0.973,1.0,"[0.43725522419222734, 0.4989896883508483]","[0.13108250256297901, 0.17558092134296735]"
36,0.094,0.405,0,0,True,0.406,0.09499999999999997,1.0,1.0,"[0.07743417357376373, 0.11367315431650704]","[0.37499439177359234, 0.43573269233866313]"
37,0.736,0.113,1,0,False,0.236,0.387,1.0,1.0,"[0.7078137382308571, 0.7623800317639609]","[0.09484035831643467, 0.13412155275138501]"
38,0.888,0.168,1,0,False,0.388,0.33199999999999996,1.0,1.0,"[0.8669499763240903, 0.906080459091119]","[0.14610794675394784, 0.19243302088046083]"
39,0.406,0.609,0,1,False,0.09399999999999997,0.10899999999999999,1.0,1.0,"[0.37597870513494724, 0.43674072546033715]","[0.5783935161547875, 0.6387722504953615]"
40,0.336,0.684,0,1,False,0.16399999999999998,0.18400000000000005,1.0,1.0,"[0.30740158982270954, 0.36585358696055253]","[0.6545273749814833, 0.7120643778958327]"
41,0.897,0.841,1,1,True,0.397,0.34099999999999997,1.0,1.0,"[0.8766163637675564, 0.9143451899949129]","[0.8170364534597756, 0.8623536972530759]"
42,0.282,0.284,0,0,True,0.21800000000000003,0.21600000000000003,1.0,1.0,"[0.25498602521354063, 0.3106824414861613]","[0.2569190250903582, 0.3127341345754016]"
43,0.113,0.059,0,0,True,0.387,0.441,1.0,1.0,"[0.09484035831643467, 0.13412155275138501]","[0.04601429821280047, 0.07536090277145915]"
44,0.327,0.711,0,1,False,0.173,0.21099999999999997,1.0,1.0,"[0.2986345103891364, 0.35668954804686565]","[0.6821395598954265, 0.7382455480236692]"
45,0.074,0.217,0,0,True,0.426,0.28300000000000003,1.0,1.0,"[0.05935499258410698, 0.09190540564558597]","[0.19256080207751963, 0.24360514322530458]"
46,0.19,0.696,0,1,False,0.31,0.19599999999999995,1.0,1.0,"[0.1668892700644027, 0.2154833201966415]","[0.6667851800100445, 0.7237147306636179]"
47,0.759,0.404,1,0,False,0.259,0.09599999999999997,1.0,1.0,"[0.7315330470912914, 0.784484692013191]","[0.3740102086208163, 0.43472452900841035]"
48,0.998,0.488,1,0,False,0.498,0.01200000000000001,1.0,0.791,"[0.9927371921365079, 0.9994513564118793]","[0.4571243966097442, 0.5189674455939091]"
49,0.387,0.54,0,1,False,0.11299999999999999,0.040000000000000036,1.0,0.9925,"[0.35729917409070144, 0.417565673327034]","[0.5090152862022621, 0.5706785731188935]"
50,0.585,0.614,1,1,True,0.08499999999999996,0.11399999999999999,1.0,1.0,"[0.5541928113038582, 0.6151566397535974]","[0.5834448620601524, 0.643682637005141]"
51,0.032,0.99,0,1,False,0.46799999999999997,0.49,1.0,1.0,"[0.022757107858710962, 0.04482473808376865]","[0.9816905311296853, 0.9945592455544707]"
52,0.746,0.904,1,1,True,0.246,0.404,1.0,1.0,"[0.7181143099237187, 0.7720029249013881]","[0.8841648792420682, 0.9207430999016033]"
53,0.592,0.653,1,1,True,0.09199999999999997,0.15300000000000002,1.0,1.0,"[0.5612435983142355, 0.6220522781244223]","[0.6229619706570872, 0.681867041246333]"
54,0.248,0.422,0,0,True,0.252,0.07800000000000001,1.0,1.0,"[0.2222322443017442, 0.2756964419749756]","[0.3917453086472168, 0.4528516656765298]"
55,0.221,0.519,0,1,False,0.279,0.019000000000000017,1.0,0.876,"[0.1963781575648541, 0.2477571736700857]","[0.48801914625314236, 0.5498354369244066]"
56,0.653,0.649,1,1,True,0.15300000000000002,0.14900000000000002,1.0,1.0,"[0.6229619706570872, 0.681867041246333]","[0.6188992039590456, 0.6779604220122589]"
57,0.955,0.893,1,1,True,0.45499999999999996,0.393,1.0,1.0,"[0.9403171620637766, 0.9662004877143683]","[0.8723150421383737, 0.91067712569198]"
58,0.141,0.742,0,1,False,0.359,0.242,1.0,1.0,"[0.12080112670494819, 0.1639464858876804]","[0.7139918832868724, 0.768155965606119]"
59,0.586,0.263,1,0,False,0.08599999999999997,0.237,1.0,1.0,"[0.5551996791811112, 0.6161421183593733]","[0.23665685979107837, 0.2911570237310747]"
60,0.445,0.332,0,0,True,0.05499999999999999,0.16799999999999998,1.0,1.0,"[0.41446705005753576, 0.4759538933758753]","[0.30350363489239063, 0.36178215595875596]"
61,0.69,0.703,1,1,True,0.18999999999999995,0.20299999999999996,1.0,1.0,"[0.6606534768407168, 0.7178923549347722]","[0.6739460359438715, 0.730500300110993]"
62,0.534,0.425,1,0,False,0.03400000000000003,0.07500000000000001,0.9845,1.0,"[0.5030108102327143, 0.5647289701902679]","[0.39470520710516793, 0.4558688066676653]"
63,0.541,0.415,1,0,False,0.041000000000000036,0.08500000000000002,0.9935,1.0,"[0.5100164673887266, 0.5716697384154579]","[0.3848433602464026, 0.4458071886961417]"
64,0.53,0.809,1,1,True,0.030000000000000027,0.30900000000000005,0.972,1.0,"[0.49901030909301675, 0.56076008539785]","[0.7834719955714221, 0.832163067684505]"
65,0.528,0.464,1,0,False,0.028000000000000025,0.035999999999999976,0.9565,0.99,"[0.4970108021953935, 0.5587748993294154]","[0.43328733184788387, 0.49498819476307615]"
66,0.422,0.484,0,0,True,0.07800000000000001,0.016000000000000014,1.0,0.85,"[0.3917453086472168, 0.4528516656765298]","[0.4531466082917357, 0.514975847979802]"
67,0.696,0.335,1,0,False,0.19599999999999995,0.16499999999999998,1.0,1.0,"[0.6667851800100445, 0.7237147306636179]","[0.30642688114062866, 0.3648359491596046]"
68,0.439,0.562,0,1,False,0.061,0.062000000000000055,1.0,1.0,"[0.4085331921433528, 0.4699336723918849]","[0.5310701383860444, 0.5924553435617469]"
69,0.156,0.212,0,0,True,0.344,0.28800000000000003,1.0,1.0,"[0.13483131538945653, 0.17980149444860544]","[0.1877940523073313, 0.2384101605803485]"
70,0.42,0.224,0,0,True,0.08000000000000002,0.276,1.0,1.0,"[0.3897726821587803, 0.4508395991989084]","[0.1992434366609871, 0.2508689340230394]"
71,0.802,0.797,1,1,True,0.30200000000000005,0.29700000000000004,1.0,1.0,"[0.776166200305855, 0.8255224375688698]","[0.7709550842197117, 0.8207718212398687]"
72,0.585,0.892,1,1,True,0.08499999999999996,0.392,1.0,1.0,"[0.5541928113038582, 0.6151566397535974]","[0.8712410199098767, 0.9097588014374481]"
73,0.591,0.606,1,1,True,0.09099999999999997,0.10599999999999998,1.0,1.0,"[0.560235954911328, 0.6210675750443009]","[0.5753643006840624, 0.6358244265169998]"
74,0.738,0.7,1,1,True,0.238,0.19999999999999996,1.0,1.0,"[0.7098723945402419, 0.764306068420634]","[0.6708761390827828, 0.7275931575229951]"
75,0.285,0.833,0,1,False,0.21500000000000002,0.33299999999999996,1.0,1.0,"[0.25788577698507104, 0.3137597291637176]","[0.8086179403533302, 0.85483343849529]"
76,0.305,0.482,0,0,True,0.195,0.018000000000000016,1.0,0.8825,"[0.2772552724809733, 0.3342371633283932]","[0.4511584546689284, 0.5129793086365515]"
77,0.652,0.569,1,1,True,0.15200000000000002,0.06899999999999995,1.0,1.0,"[0.6219460655735375, 0.6808905998468539]","[0.5381003510964657, 0.5993715562325277]"
78,0.511,0.59,1,1,True,0.01100000000000001,0.08999999999999997,0.749,1.0,"[0.4800349634365892, 0.5418808478767286]","[0.5592284411186709, 0.6200827423539291]"
79,0.434,0.825,0,1,False,0.066,0.32499999999999996,1.0,1.0,"[0.40359177593584417, 0.4649133561842491]","[0.800218354614785, 0.8472942523696041]"
80,0.501,0.33,1,0,False,0.0010000000000000009,0.16999999999999998,0.51,1.0,"[0.47006583523375295, 0.5319265112492759]","[0.3015555405204304, 0.35974555736465835]"
81,0.669,0.913,1,1,True,0.16900000000000004,0.41300000000000003,1.0,1.0,"[0.63923606946991, 0.6974704861619725]","[0.8939135189433066, 0.928925578547625]"
82,0.258,0.237,0,0,True,0.242,0.263,1.0,1.0,"[0.23184403439388107, 0.2860081167131276]","[0.21168136426041648, 0.2643315107029855]"
83,0.476,0.423,0,0,True,0.02400000000000002,0.07700000000000001,0.947,1.0,"[0.4451969584283181, 0.5069867259789885]","[0.3927318137578076, 0.4538575070489678]"
84,0.538,0.537,1,1,True,0.038000000000000034,0.03700000000000003,0.989,0.9885,"[0.5070132970793998, 0.5686958692756982]","[0.5060124890263216, 0.5677043308457475]"
85,0.396,0.781,0,1,False,0.10399999999999998,0.281,1.0,1.0,"[0.36614144983616576, 0.4266545159288297]","[0.7543184071059555, 0.8055309546251624]"
86,0.304,0.528,0,1,False,0.196,0.028000000000000025,1.0,0.9615,"[0.27628526933638214, 0.33321481998995545]","[0.4970108021953935, 0.5587748993294154]"
87,0.516,0.299,1,0,False,0.016000000000000014,0.201,0.824,1.0,"[0.48502415202019794, 0.5468533917082643]","[0.27143763442230356, 0.3281007224888896]"
88,0.28,0.87,0,1,False,0.21999999999999997,0.37,1.0,1.0,"[0.25305370081259326, 0.30863007292105105]","[0.8477319733455312, 0.8894362253751581]"
89,0.522,0.547,1,1,True,0.02200000000000002,0.04700000000000004,0.914,0.998,"[0.4910152521271681, 0.5528163704994674]","[0.5160261711771321, 0.5776141135252257]"
90,0.388,0.416,0,0,True,0.11199999999999999,0.08400000000000002,1.0,1.0,"[0.3582811184771855, 0.41857607542357883]","[0.38582896762102037, 0.44681392780455287]"
91,0.377,0.447,0,0,True,0.123,0.05299999999999999,1.0,0.9995,"[0.347487093401629, 0.4074542891858176]","[0.4164460077014887, 0.4779596286979802]"
92,0.105,0.905,0,1,False,0.395,0.405,1.0,1.0,"[0.08748778261441682, 0.1255353565891717]","[0.8852455602057479, 0.9216547654209526]"
93,0.518,0.503,1,1,True,0.018000000000000016,0.0030000000000000027,0.873,0.5695,"[0.48702069136344844, 0.5488415453310715]","[0.4720586747142764, 0.5339183647348104]"
94,0.587,0.401,1,0,False,0.08699999999999997,0.09899999999999998,1.0,1.0,"[0.5562066759628382, 0.6171274680606752]","[0.37105844196706284, 0.43169925621307714]"
95,0.135,0.343,0,0,True,0.365,0.15699999999999997,1.0,1.0,"[0.11521137849166019, 0.15758215520279512]","[0.3142286235426158, 0.3729729786218485]"
96,0.477,0.684,0,1,False,0.02300000000000002,0.18400000000000005,0.928,1.0,"[0.44619023214492903, 0.5079857987454065]","[0.6545273749814833, 0.7120643778958327]"
97,0.625,0.387,1,0,False,0.125,0.11299999999999999,1.0,1.0,"[0.5945696046115923, 0.6544737057670189]","[0.35729917409070144, 0.417565673327034]"
