time,stage,absorb_side,it_left,it_right,layers_left,layers_right,u_consumed_total_left,u_consumed_total_right,u_consumed_total,swap_consumed,u_consumed,u_consumed_after_unswap,probe_left_time_s,probe_right_time_s,probe_total_time_s,probe_wall_time_s,probe_left_total_elems,probe_right_total_elems,probe_left_max_bond,probe_right_max_bond,probe_left_hit_max_bond,probe_right_hit_max_bond,probe_left_over_unswap_threshold,probe_right_over_unswap_threshold,selected_total_elems,selected_max_bond,selected_hit_max_bond,compression_max_bond_limit,compression_cutoff,unswap_trigger_max_bond,cycle_start_total_elems,no_progress_unswap_cycles,absorb_score_mode,probe_left_score,probe_right_score,absorb_lookahead_depth,absorb_lookahead_depth_used,absorb_lookahead_candidates,absorb_lookahead_choice,absorb_lookahead_score,absorb_lookahead_time_s,late_gate_beam_plan_id,late_gate_beam_preferred_side,late_gate_beam_plan_remaining,flip_freq_active,flip_schedule,flip_schedule_switch_gate,max_bond,max_links,total_elems,total_shapes,total_links,num_tensors,iteration,side,parity,candidate_pairs,candidate_pairs_total,new_swaps,new_swap_pairs,total_swaps,pair_lookahead_probes,pair_lookahead_candidates,pair_lookahead_current_score,pair_lookahead_best_score,alignment_score,route_proxy_weight,route_proxy_lookahead,route_proxy_rejected_swaps,route_proxy_added_swaps,alignment_weight,alignment_protect_gain,alignment_tie_loss,unswap_cycle,unswap_cycle_time_s,gates_consumed,total_work_gates,remaining_work_gates,cycle_gates_consumed,hit_max_bond,cycle_memory_enabled,cycle_memory_repeat,cycle_memory_repeat_of,cycle_memory_tabu_pairs,work_counters,perm_left,perm_right,next_left,next_right,bond_profile_coarse,routing_state_hash,rewire_side,rewire_phase,rewire_time_s,sabre_trials,remaining_layers_before_rewire,parallel_rewire,adaptive_parallel_rewire,adaptive_parallel_rewire_probed,cycle_work_consumed_before_rewire,route_candidates,route_score,route_score_time_s,route_chosen_seed,route_rewire_time_s,rewire_wall_time_s
0.9878130829893053,absorbing,L,1,0,595,632,0,0,0,9,0,0,0.03397725004469976,0.027262667019385844,0.0612399170640856,0.06172870803857222,176,376,1,4,False,False,False,False,176,1,False,512,0.0006,,176,0,total_elems,176,376,1,1,,,,0.0,,,,,,,1,4,176,262,174,44,,,,,,,,,,,,,,,,,,,,,,,,,,,,,,,,,,,,,,,,,,,,,,,,,,,,,
1.0422304579988122,absorbing,R,1,1,595,632,0,2,2,7,2,2,0.02582833298947662,0.025107124994974583,0.050935457984451205,0.051463124982547015,508,376,4,4,False,False,False,False,376,4,False,512,0.0006,,176,0,total_elems,508,376,1,1,,,,0.0,,,,,,,4,4,376,312,174,44,,,,,,,,,,,,,,,,,,,,,,,,,,,,,,,,,,,,,,,,,,,,,,,,,,,,,
1.0959879999863915,absorbing,L,2,1,595,632,2,2,4,8,2,4,0.026639125018846244,0.023624249966815114,0.05026337498566136,0.050746291992254555,780,868,4,4,False,False,False,False,780,4,False,512,0.0006,,176,0,total_elems,780,868,1,1,,,,0.0,,,,,,,4,4,780,362,174,44,,,,,,,,,,,,,,,,,,,,,,,,,,,,,,,,,,,,,,,,,,,,,,,,,,,,,
1.147009040985722,absorbing,L,3,1,595,632,2,2,4,9,0,4,0.023290625016670674,0.024147166986949742,0.047437792003620416,0.04791433300124481,1140,1320,4,8,False,False,False,False,1140,4,False,512,0.0006,,176,0,total_elems,1140,1320,1,1,,,,0.0,,,,,,,4,4,1140,398,174,44,,,,,,,,,,,,,,,,,,,,,,,,,,,,,,,,,,,,,,,,,,,,,,,,,,,,,
1.195172207953874,absorbing,R,3,2,595,632,2,2,4,8,0,4,0.022068458958528936,0.022627374972216785,0.04469583393074572,0.045189208001829684,2484,1968,16,16,False,False,False,False,1968,16,False,512,0.0006,,176,0,total_elems,2484,1968,1,1,,,,0.0,,,,,,,16,4,1968,458,174,44,,,,,,,,,,,,,,,,,,,,,,,,,,,,,,,,,,,,,,,,,,,,,,,,,,,,,
1.2474689579685219,absorbing,R,3,3,595,632,2,3,5,10,1,5,0.02350704197306186,0.02504541602684185,0.04855245799990371,0.04904958396218717,4788,3220,16,16,False,False,False,False,3220,16,False,512,0.0006,,176,0,total_elems,4788,3220,1,1,,,,0.0,,,,,,,16,4,3220,528,174,44,,,,,,,,,,,,,,,,,,,,,,,,,,,,,,,,,,,,,,,,,,,,,,,,,,,,,
1.3017994999536313,absorbing,L,4,3,595,632,2,3,5,10,0,5,0.023902625020127743,0.026794540986884385,0.05069716600701213,0.051202167000155896,6352,7476,16,16,False,False,False,False,6352,16,False,512,0.0006,,176,0,total_elems,6352,7476,1,1,,,,0.0,,,,,,,16,4,6352,626,174,44,,,,,,,,,,,,,,,,,,,,,,,,,,,,,,,,,,,,,,,,,,,,,,,,,,,,,
1.3608783750096336,absorbing,R,4,4,595,632,2,4,6,9,1,6,0.026205459027551115,0.02917904098285362,0.055384500010404736,0.05592670803889632,15280,14512,64,43,False,False,False,False,14512,43,False,512,0.0006,,176,0,total_elems,15280,14512,1,1,,,,0.0,,,,,,,43,4,14512,854,174,44,,,,,,,,,,,,,,,,,,,,,,,,,,,,,,,,,,,,,,,,,,,,,,,,,,,,,
1.436382332991343,absorbing,R,4,5,595,632,2,6,8,7,2,8,0.03418637497816235,0.03749866597354412,0.07168504095170647,0.07234004099154845,28112,27916,64,64,False,False,False,False,27916,64,False,512,0.0006,,176,0,total_elems,28112,27916,1,1,,,,0.0,,,,,,,64,4,27916,1066,174,44,,,,,,,,,,,,,,,,,,,,,,,,,,,,,,,,,,,,,,,,,,,,,,,,,,,,,
1.5285729999886826,absorbing,L,5,5,595,632,2,6,8,10,0,8,0.040152458008378744,0.048016332963015884,0.08816879097139463,0.0886800839798525,45132,54052,64,64,False,False,False,False,45132,64,False,512,0.0006,,176,0,total_elems,45132,54052,1,1,,,,0.0,,,,,,,64,4,45132,1324,174,44,,,,,,,,,,,,,,,,,,,,,,,,,,,,,,,,,,,,,,,,,,,,,,,,,,,,,
1.7520844159880653,absorbing,R,5,6,595,632,2,6,8,9,0,8,0.14320195803884417,0.07584920799126849,0.21905116603011265,0.21960491605568677,104868,98628,64,64,False,False,False,False,98628,64,False,512,0.0006,,176,0,total_elems,104868,98628,1,1,,,,0.0,,,,,,,64,4,98628,1636,174,44,,,,,,,,,,,,,,,,,,,,,,,,,,,,,,,,,,,,,,,,,,,,,,,,,,,,,
2.0600458330009133,absorbing,R,5,7,595,632,2,6,8,10,0,8,0.1447215000516735,0.15883608302101493,0.30355758307268843,0.3041650829836726,234116,229600,256,256,False,False,False,False,229600,256,False,512,0.0006,,176,0,total_elems,234116,229600,1,1,,,,0.0,,,,,,,256,4,229600,2276,174,44,,,,,,,,,,,,,,,,,,,,,,,,,,,,,,,,,,,,,,,,,,,,,,,,,,,,,
5.8846736249979585,unswapping,,,,,,,,,,,,,,,,,,,,,,,,,,,,,,,,,,,,,,,,,,,,,,,256,4,266656,2404,174,44,0,both,0,22,22,5,"[[2, 3], [10, 11], [12, 13], [26, 27], [34, 35]]",5,,,,,0,,,,,,,,,,,,,,,,,,,,,,,,,,,,,,,,,,,,,,,,
6.902355249971151,unswapping,,,,,,,,,,,,,,,,,,,,,,,,,,,,,,,,,,,,,,,,,,,,,,,64,4,135648,1836,174,44,0,both,1,21,21,3,"[[23, 24], [31, 32], [35, 36]]",8,,,,,0,,,,,,,,,,,,,,,,,,,,,,,,,,,,,,,,,,,,,,,,
7.235637582954951,unswapping,,,,,,,,,,,,,,,,,,,,,,,,,,,,,,,,,,,,,,,,,,,,,,,64,4,112800,1660,174,44,0,left,0,22,22,4,"[[14, 15], [22, 23], [30, 31], [34, 35]]",12,,,,,8,,,,,,,,,,,,,,,,,,,,,,,,,,,,,,,,,,,,,,,,
7.5953339579864405,unswapping,,,,,,,,,,,,,,,,,,,,,,,,,,,,,,,,,,,,,,,,,,,,,,,64,4,70464,1390,174,44,0,left,1,21,21,6,"[[1, 2], [11, 12], [13, 14], [29, 30], [33, 34], [37, 38]]",18,,,,,20,,,,,,,,,,,,,,,,,,,,,,,,,,,,,,,,,,,,,,,,
7.767912832961883,unswapping,,,,,,,,,,,,,,,,,,,,,,,,,,,,,,,,,,,,,,,,,,,,,,,64,4,43020,1122,174,44,0,right,0,22,22,6,"[[4, 5], [6, 7], [28, 29], [32, 33], [36, 37], [40, 41]]",24,,,,,32,,,,,,,,,,,,,,,,,,,,,,,,,,,,,,,,,,,,,,,,
7.920657415990718,unswapping,,,,,,,,,,,,,,,,,,,,,,,,,,,,,,,,,,,,,,,,,,,,,,,64,4,23884,962,174,44,0,right,1,21,21,7,"[[3, 4], [7, 8], [19, 20], [27, 28], [31, 32], [35, 36], [39, 40]]",31,,,,,46,,,,,,,,,,,,,,,,,,,,,,,,,,,,,,,,,,,,,,,,
8.057158165960573,unswapping,,,,,,,,,,,,,,,,,,,,,,,,,,,,,,,,,,,,,,,,,,,,,,,16,4,13608,790,174,44,1,both,0,22,22,6,"[[0, 1], [2, 3], [30, 31], [32, 33], [36, 37], [38, 39]]",6,,,,,62,,,,,,,,,,,,,,,,,,,,,,,,,,,,,,,,,,,,,,,,
8.161540000000969,unswapping,,,,,,,,,,,,,,,,,,,,,,,,,,,,,,,,,,,,,,,,,,,,,,,16,4,10064,702,174,44,1,both,1,21,21,5,"[[11, 12], [13, 14], [31, 32], [39, 40], [41, 42]]",11,,,,,70,,,,,,,,,,,,,,,,,,,,,,,,,,,,,,,,,,,,,,,,
8.216377875010949,unswapping,,,,,,,,,,,,,,,,,,,,,,,,,,,,,,,,,,,,,,,,,,,,,,,16,4,9296,668,174,44,1,left,0,22,22,2,"[[32, 33], [40, 41]]",13,,,,,72,,,,,,,,,,,,,,,,,,,,,,,,,,,,,,,,,,,,,,,,
8.27564224996604,unswapping,,,,,,,,,,,,,,,,,,,,,,,,,,,,,,,,,,,,,,,,,,,,,,,16,4,6572,606,174,44,1,left,1,21,21,4,"[[1, 2], [31, 32], [35, 36], [37, 38]]",17,,,,,76,,,,,,,,,,,,,,,,,,,,,,,,,,,,,,,,,,,,,,,,
8.326103125000373,unswapping,,,,,,,,,,,,,,,,,,,,,,,,,,,,,,,,,,,,,,,,,,,,,,,16,4,5944,566,174,44,1,right,0,22,22,4,"[[8, 9], [20, 21], [26, 27], [36, 37]]",21,,,,,80,,,,,,,,,,,,,,,,,,,,,,,,,,,,,,,,,,,,,,,,
8.375346165965311,unswapping,,,,,,,,,,,,,,,,,,,,,,,,,,,,,,,,,,,,,,,,,,,,,,,16,4,5244,544,174,44,1,right,1,21,21,2,"[[25, 26], [33, 34]]",23,,,,,84,,,,,,,,,,,,,,,,,,,,,,,,,,,,,,,,,,,,,,,,
8.460125457961112,unswapping,,,,,,,,,,,,,,,,,,,,,,,,,,,,,,,,,,,,,,,,,,,,,,,16,4,3424,478,174,44,2,both,0,22,22,5,"[[12, 13], [14, 15], [34, 35], [36, 37], [42, 43]]",5,,,,,98,,,,,,,,,,,,,,,,,,,,,,,,,,,,,,,,,,,,,,,,
8.542161290999502,unswapping,,,,,,,,,,,,,,,,,,,,,,,,,,,,,,,,,,,,,,,,,,,,,,,16,4,2956,444,174,44,2,both,1,21,21,5,"[[9, 10], [13, 14], [21, 22], [33, 34], [41, 42]]",10,,,,,110,,,,,,,,,,,,,,,,,,,,,,,,,,,,,,,,,,,,,,,,
8.56236350000836,unswapping,,,,,,,,,,,,,,,,,,,,,,,,,,,,,,,,,,,,,,,,,,,,,,,16,4,2956,444,174,44,2,left,0,22,22,0,[],10,,,,,110,,,,,,,,,,,,,,,,,,,,,,,,,,,,,,,,,,,,,,,,
8.582367666007485,unswapping,,,,,,,,,,,,,,,,,,,,,,,,,,,,,,,,,,,,,,,,,,,,,,,16,4,2956,444,174,44,2,left,1,21,21,0,[],10,,,,,110,,,,,,,,,,,,,,,,,,,,,,,,,,,,,,,,,,,,,,,,
8.629486582998652,unswapping,,,,,,,,,,,,,,,,,,,,,,,,,,,,,,,,,,,,,,,,,,,,,,,16,4,2896,438,174,44,2,right,0,22,22,1,"[[24, 25]]",11,,,,,112,,,,,,,,,,,,,,,,,,,,,,,,,,,,,,,,,,,,,,,,
8.674897582968697,unswapping,,,,,,,,,,,,,,,,,,,,,,,,,,,,,,,,,,,,,,,,,,,,,,,16,4,2848,434,174,44,2,right,1,21,21,1,"[[33, 34]]",12,,,,,112,,,,,,,,,,,,,,,,,,,,,,,,,,,,,,,,,,,,,,,,
8.760388333001174,unswapping,,,,,,,,,,,,,,,,,,,,,,,,,,,,,,,,,,,,,,,,,,,,,,,16,4,2728,422,174,44,3,both,0,22,22,2,"[[10, 11], [22, 23]]",2,,,,,116,,,,,,,,,,,,,,,,,,,,,,,,,,,,,,,,,,,,,,,,
8.836488166009076,unswapping,,,,,,,,,,,,,,,,,,,,,,,,,,,,,,,,,,,,,,,,,,,,,,,16,4,2668,416,174,44,3,both,1,21,21,1,"[[11, 12]]",3,,,,,120,,,,,,,,,,,,,,,,,,,,,,,,,,,,,,,,,,,,,,,,
8.857913124957122,unswapping,,,,,,,,,,,,,,,,,,,,,,,,,,,,,,,,,,,,,,,,,,,,,,,16,4,2668,416,174,44,3,left,0,22,22,0,[],3,,,,,120,,,,,,,,,,,,,,,,,,,,,,,,,,,,,,,,,,,,,,,,
8.902620999957435,unswapping,,,,,,,,,,,,,,,,,,,,,,,,,,,,,,,,,,,,,,,,,,,,,,,16,4,2644,410,174,44,3,left,1,21,21,1,"[[23, 24]]",4,,,,,122,,,,,,,,,,,,,,,,,,,,,,,,,,,,,,,,,,,,,,,,
8.924459457979538,unswapping,,,,,,,,,,,,,,,,,,,,,,,,,,,,,,,,,,,,,,,,,,,,,,,16,4,2644,410,174,44,3,right,0,22,22,0,[],4,,,,,122,,,,,,,,,,,,,,,,,,,,,,,,,,,,,,,,,,,,,,,,
8.94567200000165,unswapping,,,,,,,,,,,,,,,,,,,,,,,,,,,,,,,,,,,,,,,,,,,,,,,16,4,2644,410,174,44,3,right,1,21,21,0,[],4,,,,,122,,,,,,,,,,,,,,,,,,,,,,,,,,,,,,,,,,,,,,,,
9.035405999980867,unswapping,,,,,,,,,,,,,,,,,,,,,,,,,,,,,,,,,,,,,,,,,,,,,,,16,4,2584,404,174,44,4,both,0,22,22,1,"[[12, 13]]",1,,,,,124,,,,,,,,,,,,,,,,,,,,,,,,,,,,,,,,,,,,,,,,
9.121391166001558,unswapping,,,,,,,,,,,,,,,,,,,,,,,,,,,,,,,,,,,,,,,,,,,,,,,16,4,2512,400,174,44,4,both,1,21,21,1,"[[13, 14]]",2,,,,,124,,,,,,,,,,,,,,,,,,,,,,,,,,,,,,,,,,,,,,,,
9.171946624992415,unswapping,,,,,,,,,,,,,,,,,,,,,,,,,,,,,,,,,,,,,,,,,,,,,,,16,4,2224,392,174,44,4,left,0,22,22,1,"[[14, 15]]",3,,,,,124,,,,,,,,,,,,,,,,,,,,,,,,,,,,,,,,,,,,,,,,
9.191769415978342,unswapping,,,,,,,,,,,,,,,,,,,,,,,,,,,,,,,,,,,,,,,,,,,,,,,16,4,2224,392,174,44,4,left,1,21,21,0,[],3,,,,,124,,,,,,,,,,,,,,,,,,,,,,,,,,,,,,,,,,,,,,,,
9.211829290958121,unswapping,,,,,,,,,,,,,,,,,,,,,,,,,,,,,,,,,,,,,,,,,,,,,,,16,4,2224,392,174,44,4,right,0,22,22,0,[],3,,,,,124,,,,,,,,,,,,,,,,,,,,,,,,,,,,,,,,,,,,,,,,
9.231032915995456,unswapping,,,,,,,,,,,,,,,,,,,,,,,,,,,,,,,,,,,,,,,,,,,,,,,16,4,2224,392,174,44,4,right,1,21,21,0,[],3,,,,,124,,,,,,,,,,,,,,,,,,,,,,,,,,,,,,,,,,,,,,,,
9.272209290997125,unswapping,,,,,,,,,,,,,,,,,,,,,,,,,,,,,,,,,,,,,,,,,,,,,,,16,4,2224,392,174,44,5,both,0,22,22,0,[],0,,,,,124,,,,,,,,,,,,,,,,,,,,,,,,,,,,,,,,,,,,,,,,
9.30967404099647,unswapping,,,,,,,,,,,,,,,,,,,,,,,,,,,,,,,,,,,,,,,,,,,,,,,16,4,2224,392,174,44,5,both,1,21,21,0,[],0,,,,,124,,,,,,,,,,,,,,,,,,,,,,,,,,,,,,,,,,,,,,,,
9.330252582964022,unswapping,,,,,,,,,,,,,,,,,,,,,,,,,,,,,,,,,,,,,,,,,,,,,,,16,4,2224,392,174,44,5,left,0,22,22,0,[],0,,,,,124,,,,,,,,,,,,,,,,,,,,,,,,,,,,,,,,,,,,,,,,
9.349791540997103,unswapping,,,,,,,,,,,,,,,,,,,,,,,,,,,,,,,,,,,,,,,,,,,,,,,16,4,2224,392,174,44,5,left,1,21,21,0,[],0,,,,,124,,,,,,,,,,,,,,,,,,,,,,,,,,,,,,,,,,,,,,,,
9.368747250002343,unswapping,,,,,,,,,,,,,,,,,,,,,,,,,,,,,,,,,,,,,,,,,,,,,,,16,4,2224,392,174,44,5,right,0,22,22,0,[],0,,,,,124,,,,,,,,,,,,,,,,,,,,,,,,,,,,,,,,,,,,,,,,
9.385555290966295,unswapping,,,,,,,,,,,,,,,,,,,,,,,,,,,,,,,,,,,,,,,,,,,,,,,16,4,2224,392,174,44,5,right,1,21,21,0,[],0,,,,,124,,,,,,,,,,,,,,,,,,,,,,,,,,,,,,,,,,,,,,,,
9.491525874997023,unswap_cycle_summary,,,,,,2,6,8,,,,,,,,,,,,,,,,,,,512,0.0006,,,,,,,,,,,,,,,,,,,16,4,2224,392,174,44,,,,,,,,,,,,,,,,,,,,,1,6.600517457991373,8,902,894,8,False,False,False,,0,"[2, 6]","[3, 2, 0, 1, 4, 5, 6, 7, 8, 11, 10, 12, 14, 13, 15, 9, 16, 17, 18, 19, 20, 24, 22, 23, 21, 25, 27, 26, 28, 32, 30, 31, 36, 38, 29, 33, 39, 35, 34, 40, 42, 43, 37, 41]","[1, 0, 5, 3, 2, 4, 7, 8, 9, 11, 13, 14, 15, 10, 6, 12, 16, 17, 18, 20, 21, 22, 24, 19, 29, 23, 25, 27, 26, 28, 33, 31, 30, 35, 37, 32, 34, 36, 41, 39, 38, 43, 42, 40]","{'index': 6, 'interactions': [('unitary', (24, 25))]}","{'index': 10, 'interactions': [('unitary', (8, 9))]}","[1, 0, 0, 0, 0, 0, 0, 0, 0, 0, 0, 0, 0, 1, 2, 4, 4, 2, 0, 0, 0, 0, 0, 0, 0, 0, 0, 0, 0, 0, 1, 2, 2, 1, 1, 2, 2, 2, 2, 2, 2, 0, 0]",1b9468b9614a7a698ca244c9e0bd18fd29cc52ba64e5ea6d8a00bcfa8d6af0a0,,,,,,,,,,,,,,,
10.101581208000425,rewiring,,,,,,,,,,,,,,,,,,,,,,,,,,,,,,,,,,,,,,,,,,,,,,,,,,,,,,,,,,,,,,,,,,,,,,,,,1,,,,,,,,,,,,,,,,,,left,post_unswap,0.6046685830224305,50,592,False,False,False,8,1,none,0.0,2024,0.604662208002992,1.2019313750206493
10.698517790995538,rewiring,,,,,,,,,,,,,,,,,,,,,,,,,,,,,,,,,,,,,,,,,,,,,,,,,,,,,,,,,,,,,,,,,,,,,,,,,1,,,,,,,,,,,,,,,,,,right,post_unswap,0.5967156669939868,50,627,False,False,False,8,1,none,0.0,2024,0.5967086249729618,1.2019313750206493
10.707010707992595,cycle_progress,,,,,,2,6,8,,,,,,,,,,,,,,,,,,,512,0.0006,,176,0,,,,,,,,,,,,,,,,16,4,2224,392,174,44,,,,,,,,,,,,,,,,,,,,,1,,8,902,894,8,False,,,,,,,,,,,,,,,,,,,,,,,,,,1.2019313750206493
10.76875895797275,absorbing,L,1,0,695,578,2,6,8,8,0,0,0.02566012501483783,0.025108875008299947,0.05076900002313778,0.05506404099287465,2224,2808,16,16,False,False,False,False,2224,16,False,512,0.0006,,2224,0,total_elems,2224,2808,1,1,,,,0.0,,,,,,,16,4,2224,392,174,44,,,,,,,,,,,,,,,,,,,,,,,,,,,,,,,,,,,,,,,,,,,,,,,,,,,,,
10.909111290995497,absorbing,R,1,1,695,578,2,6,8,8,0,0,0.06379225000273436,0.06943695800146088,0.13322920800419524,0.13411741697927937,2944,2808,16,16,False,False,False,False,2808,16,False,512,0.0006,,2224,0,total_elems,2944,2808,1,1,,,,0.0,,,,,,,16,4,2808,454,174,44,,,,,,,,,,,,,,,,,,,,,,,,,,,,,,,,,,,,,,,,,,,,,,,,,,,,,
10.993939165957272,absorbing,L,2,1,695,578,3,6,9,10,1,1,0.04449920798651874,0.033244833000935614,0.07774404098745435,0.07871425000485033,3536,5604,16,16,False,False,False,False,3536,16,False,512,0.0006,,2224,0,total_elems,3536,5604,1,1,,,,0.0,,,,,,,16,4,3536,492,174,44,,,,,,,,,,,,,,,,,,,,,,,,,,,,,,,,,,,,,,,,,,,,,,,,,,,,,
11.07707020797534,absorbing,L,3,1,695,578,4,6,10,10,1,2,0.04767566599184647,0.027348542003892362,0.07502420799573883,0.07583987497491762,4992,6132,16,16,False,False,False,False,4992,16,False,512,0.0006,,2224,0,total_elems,4992,6132,1,1,,,,0.0,,,,,,,16,4,4992,580,174,44,,,,,,,,,,,,,,,,,,,,,,,,,,,,,,,,,,,,,,,,,,,,,,,,,,,,,
11.139668082993012,absorbing,R,3,2,695,578,4,6,10,10,0,2,0.028916875016875565,0.024554040981456637,0.0534709159983322,0.05402999999932945,10984,9160,31,16,False,False,False,False,9160,16,False,512,0.0006,,2224,0,total_elems,10984,9160,1,1,,,,0.0,,,,,,,16,4,9160,668,174,44,,,,,,,,,,,,,,,,,,,,,,,,,,,,,,,,,,,,,,,,,,,,,,,,,,,,,
11.22302758297883,absorbing,L,4,2,695,578,5,6,11,8,1,3,0.035997250000946224,0.04031866695731878,0.076315916958265,0.07696137495804578,18336,21580,64,64,False,False,False,False,18336,64,False,512,0.0006,,2224,0,total_elems,18336,21580,1,1,,,,0.0,,,,,,,64,4,18336,866,174,44,,,,,,,,,,,,,,,,,,,,,,,,,,,,,,,,,,,,,,,,,,,,,,,,,,,,,
11.330058540974278,absorbing,L,5,2,695,578,5,6,11,7,0,3,0.0447590000112541,0.05528962501557544,0.10004862502682954,0.10067454096861184,26232,39720,64,64,False,False,False,False,26232,64,False,512,0.0006,,2224,0,total_elems,26232,39720,1,1,,,,0.0,,,,,,,64,4,26232,980,174,44,,,,,,,,,,,,,,,,,,,,,,,,,,,,,,,,,,,,,,,,,,,,,,,,,,,,,
11.445948040985968,absorbing,L,6,2,695,578,6,6,12,7,1,4,0.0514634579885751,0.05489695898722857,0.10636041697580367,0.10805087495828047,37176,46764,64,64,False,False,False,False,37176,64,False,512,0.0006,,2224,0,total_elems,37176,46764,1,1,,,,0.0,,,,,,,64,4,37176,1170,174,44,,,,,,,,,,,,,,,,,,,,,,,,,,,,,,,,,,,,,,,,,,,,,,,,,,,,,
11.586222915968392,absorbing,R,6,3,695,578,6,6,12,10,0,4,0.07151733397040516,0.05891495896503329,0.13043229293543845,0.13217529200483114,70252,57356,64,64,False,False,False,False,57356,64,False,512,0.0006,,2224,0,total_elems,70252,57356,1,1,,,,0.0,,,,,,,64,4,57356,1342,174,44,,,,,,,,,,,,,,,,,,,,,,,,,,,,,,,,,,,,,,,,,,,,,,,,,,,,,
11.730650707962923,absorbing,R,6,4,695,578,6,6,12,3,0,4,0.08267925004474819,0.054299083014484495,0.13697833305923268,0.13761433301260695,90472,56196,64,64,False,False,False,False,56196,64,False,512,0.0006,,2224,0,total_elems,90472,56196,1,1,,,,0.0,,,,,,,64,4,56196,1334,174,44,,,,,,,,,,,,,,,,,,,,,,,,,,,,,,,,,,,,,,,,,,,,,,,,,,,,,
11.875887000001967,absorbing,R,6,5,695,578,6,6,12,4,0,4,0.073276832990814,0.06268695800099522,0.13596379099180922,0.13681941700633615,89380,56484,64,64,False,False,False,False,56484,64,False,512,0.0006,,2224,0,total_elems,89380,56484,1,1,,,,0.0,,,,,,,64,4,56484,1376,174,44,,,,,,,,,,,,,,,,,,,,,,,,,,,,,,,,,,,,,,,,,,,,,,,,,,,,,
12.053136457980145,absorbing,R,6,6,695,578,6,6,12,6,0,4,0.08117550000315532,0.0869145420147106,0.16809004201786593,0.16936087503563613,89972,72116,64,64,False,False,False,False,72116,64,False,512,0.0006,,2224,0,total_elems,89972,72116,1,1,,,,0.0,,,,,,,64,4,72116,1516,174,44,,,,,,,,,,,,,,,,,,,,,,,,,,,,,,,,,,,,,,,,,,,,,,,,,,,,,
12.227597457997035,absorbing,R,6,7,695,578,6,6,12,5,0,4,0.10517766699194908,0.05812566599342972,0.1633033329853788,0.1638970829662867,106728,73704,64,64,False,False,False,False,73704,64,False,512,0.0006,,2224,0,total_elems,106728,73704,1,1,,,,0.0,,,,,,,64,4,73704,1568,174,44,,,,,,,,,,,,,,,,,,,,,,,,,,,,,,,,,,,,,,,,,,,,,,,,,,,,,
12.373504749964923,absorbing,R,6,8,695,578,6,6,12,7,0,4,0.07638762501301244,0.06244495802093297,0.1388325830339454,0.13937900000019,108504,84380,64,64,False,False,False,False,84380,64,False,512,0.0006,,2224,0,total_elems,108504,84380,1,1,,,,0.0,,,,,,,64,4,84380,1740,174,44,,,,,,,,,,,,,,,,,,,,,,,,,,,,,,,,,,,,,,,,,,,,,,,,,,,,,
12.529920833010692,absorbing,L,7,8,695,578,6,6,12,6,0,4,0.07524733303580433,0.07406083302339539,0.14930816605919972,0.1498162499628961,119764,122776,64,64,False,False,False,False,119764,64,False,512,0.0006,,2224,0,total_elems,119764,122776,1,1,,,,0.0,,,,,,,64,4,119764,2018,174,44,,,,,,,,,,,,,,,,,,,,,,,,,,,,,,,,,,,,,,,,,,,,,,,,,,,,,
12.794989791000262,absorbing,R,7,9,695,578,6,7,13,6,1,5,0.1501047919737175,0.10763441701419652,0.257739208987914,0.25825275003444403,171732,162384,64,64,False,False,False,False,162384,64,False,512,0.0006,,2224,0,total_elems,171732,162384,1,1,,,,0.0,,,,,,,64,4,162384,2396,174,44,,,,,,,,,,,,,,,,,,,,,,,,,,,,,,,,,,,,,,,,,,,,,,,,,,,,,
13.084366249968298,absorbing,R,7,10,695,578,6,7,13,5,0,5,0.17011812498094514,0.11116783297620714,0.2812859579571523,0.28247333300532773,223184,185240,64,64,False,False,False,False,185240,64,False,512,0.0006,,2224,0,total_elems,223184,185240,1,1,,,,0.0,,,,,,,64,4,185240,2602,174,44,,,,,,,,,,,,,,,,,,,,,,,,,,,,,,,,,,,,,,,,,,,,,,,,,,,,,
13.434823707968462,absorbing,R,7,11,695,578,6,7,13,5,0,5,0.1973074590205215,0.14475820801453665,0.34206566703505814,0.3436355000012554,239896,239168,64,64,False,False,False,False,239168,64,False,512,0.0006,,2224,0,total_elems,239896,239168,1,1,,,,0.0,,,,,,,64,4,239168,2890,174,44,,,,,,,,,,,,,,,,,,,,,,,,,,,,,,,,,,,,,,,,,,,,,,,,,,,,,
13.889901999966241,absorbing,R,7,12,695,578,6,7,13,6,0,5,0.25639091699849814,0.19030829204712063,0.4466992090456188,0.44781799998600036,293440,287392,64,64,False,False,False,False,287392,64,False,512,0.0006,,2224,0,total_elems,293440,287392,1,1,,,,0.0,,,,,,,64,4,287392,3084,174,44,,,,,,,,,,,,,,,,,,,,,,,,,,,,,,,,,,,,,,,,,,,,,,,,,,,,,
14.445935332973022,absorbing,R,7,13,695,578,6,8,14,6,1,6,0.27849541703471914,0.27050870802486315,0.5490041250595823,0.5496902500162832,341664,327712,64,128,False,False,False,False,327712,128,False,512,0.0006,,2224,0,total_elems,341664,327712,1,1,,,,0.0,,,,,,,128,4,327712,3350,174,44,,,,,,,,,,,,,,,,,,,,,,,,,,,,,,,,,,,,,,,,,,,,,,,,,,,,,
15.098545499960892,absorbing,L,8,13,695,578,7,8,15,5,1,7,0.2844496660400182,0.36088499997276813,0.6453346660127863,0.6459573750034906,365728,607264,128,256,False,False,False,True,365728,128,False,512,0.0006,,2224,0,total_elems,365728,607264,1,1,,,,0.0,,,,,,,128,4,365728,3512,174,44,,,,,,,,,,,,,,,,,,,,,,,,,,,,,,,,,,,,,,,,,,,,,,,,,,,,,
15.829593166010454,absorbing,L,9,13,695,578,7,8,15,7,0,7,0.31923775002360344,0.40364566701464355,0.722883417038247,0.7241632920340635,365088,699936,128,256,False,False,False,True,365088,128,False,512,0.0006,,2224,0,total_elems,365088,699936,1,1,,,,0.0,,,,,,,128,4,365088,3532,174,44,,,,,,,,,,,,,,,,,,,,,,,,,,,,,,,,,,,,,,,,,,,,,,,,,,,,,
20.26936358300736,unswapping,,,,,,,,,,,,,,,,,,,,,,,,,,,,,,,,,,,,,,,,,,,,,,,256,4,486496,3926,174,44,0,both,0,22,22,4,"[[20, 21], [22, 23], [28, 29], [32, 33]]",4,,,,,0,,,,,,,,,,,,,,,,,,,,,,,,,,,,,,,,,,,,,,,,
22.02361324999947,unswapping,,,,,,,,,,,,,,,,,,,,,,,,,,,,,,,,,,,,,,,,,,,,,,,64,4,234668,2780,174,44,0,both,1,21,21,9,"[[5, 6], [7, 8], [11, 12], [13, 14], [21, 22], [25, 26], [27, 28], [33, 34], [39, 40]]",13,,,,,0,,,,,,,,,,,,,,,,,,,,,,,,,,,,,,,,,,,,,,,,
22.526665707991924,unswapping,,,,,,,,,,,,,,,,,,,,,,,,,,,,,,,,,,,,,,,,,,,,,,,64,4,215480,2624,174,44,0,left,0,22,22,4,"[[0, 1], [6, 7], [20, 21], [26, 27]]",17,,,,,8,,,,,,,,,,,,,,,,,,,,,,,,,,,,,,,,,,,,,,,,
23.13735229097074,unswapping,,,,,,,,,,,,,,,,,,,,,,,,,,,,,,,,,,,,,,,,,,,,,,,64,4,169136,2398,174,44,0,left,1,21,21,6,"[[1, 2], [15, 16], [17, 18], [19, 20], [25, 26], [37, 38]]",23,,,,,20,,,,,,,,,,,,,,,,,,,,,,,,,,,,,,,,,,,,,,,,
23.51004704099614,unswapping,,,,,,,,,,,,,,,,,,,,,,,,,,,,,,,,,,,,,,,,,,,,,,,64,4,117248,1950,174,44,0,right,0,22,22,8,"[[12, 13], [14, 15], [16, 17], [18, 19], [20, 21], [24, 25], [34, 35], [40, 41]]",31,,,,,32,,,,,,,,,,,,,,,,,,,,,,,,,,,,,,,,,,,,,,,,
23.778067415987607,unswapping,,,,,,,,,,,,,,,,,,,,,,,,,,,,,,,,,,,,,,,,,,,,,,,64,4,68480,1606,174,44,0,right,1,21,21,6,"[[19, 20], [25, 26], [33, 34], [35, 36], [39, 40], [41, 42]]",37,,,,,42,,,,,,,,,,,,,,,,,,,,,,,,,,,,,,,,,,,,,,,,
24.091816833009943,unswapping,,,,,,,,,,,,,,,,,,,,,,,,,,,,,,,,,,,,,,,,,,,,,,,48,4,44516,1300,174,44,1,both,0,22,22,7,"[[2, 3], [20, 21], [22, 23], [24, 25], [36, 37], [38, 39], [40, 41]]",7,,,,,54,,,,,,,,,,,,,,,,,,,,,,,,,,,,,,,,,,,,,,,,
24.29647850000765,unswapping,,,,,,,,,,,,,,,,,,,,,,,,,,,,,,,,,,,,,,,,,,,,,,,48,4,33768,1178,174,44,1,both,1,21,21,4,"[[13, 14], [21, 22], [23, 24], [41, 42]]",11,,,,,62,,,,,,,,,,,,,,,,,,,,,,,,,,,,,,,,,,,,,,,,
24.387386332964525,unswapping,,,,,,,,,,,,,,,,,,,,,,,,,,,,,,,,,,,,,,,,,,,,,,,32,4,22372,1028,174,44,1,left,0,22,22,4,"[[16, 17], [22, 23], [24, 25], [40, 41]]",15,,,,,68,,,,,,,,,,,,,,,,,,,,,,,,,,,,,,,,,,,,,,,,
24.456828041002154,unswapping,,,,,,,,,,,,,,,,,,,,,,,,,,,,,,,,,,,,,,,,,,,,,,,32,4,19460,948,174,44,1,left,1,21,21,4,"[[23, 24], [25, 26], [37, 38], [39, 40]]",19,,,,,74,,,,,,,,,,,,,,,,,,,,,,,,,,,,,,,,,,,,,,,,
24.520151207980234,unswapping,,,,,,,,,,,,,,,,,,,,,,,,,,,,,,,,,,,,,,,,,,,,,,,32,4,17892,922,174,44,1,right,0,22,22,1,"[[26, 27]]",20,,,,,74,,,,,,,,,,,,,,,,,,,,,,,,,,,,,,,,,,,,,,,,
24.57820033299504,unswapping,,,,,,,,,,,,,,,,,,,,,,,,,,,,,,,,,,,,,,,,,,,,,,,32,4,15636,870,174,44,1,right,1,21,21,3,"[[23, 24], [25, 26], [27, 28]]",23,,,,,76,,,,,,,,,,,,,,,,,,,,,,,,,,,,,,,,,,,,,,,,
24.735201707982924,unswapping,,,,,,,,,,,,,,,,,,,,,,,,,,,,,,,,,,,,,,,,,,,,,,,32,4,12396,770,174,44,2,both,0,22,22,6,"[[14, 15], [20, 21], [22, 23], [24, 25], [28, 29], [42, 43]]",6,,,,,84,,,,,,,,,,,,,,,,,,,,,,,,,,,,,,,,,,,,,,,,
24.82661820796784,unswapping,,,,,,,,,,,,,,,,,,,,,,,,,,,,,,,,,,,,,,,,,,,,,,,32,4,10872,710,174,44,2,both,1,21,21,3,"[[15, 16], [21, 22], [29, 30]]",9,,,,,92,,,,,,,,,,,,,,,,,,,,,,,,,,,,,,,,,,,,,,,,
24.880460874992423,unswapping,,,,,,,,,,,,,,,,,,,,,,,,,,,,,,,,,,,,,,,,,,,,,,,32,4,9884,684,174,44,2,left,0,22,22,1,"[[36, 37]]",10,,,,,92,,,,,,,,,,,,,,,,,,,,,,,,,,,,,,,,,,,,,,,,
24.93027833296219,unswapping,,,,,,,,,,,,,,,,,,,,,,,,,,,,,,,,,,,,,,,,,,,,,,,32,4,8924,660,174,44,2,left,1,21,21,1,"[[35, 36]]",11,,,,,94,,,,,,,,,,,,,,,,,,,,,,,,,,,,,,,,,,,,,,,,
24.95669345796341,unswapping,,,,,,,,,,,,,,,,,,,,,,,,,,,,,,,,,,,,,,,,,,,,,,,32,4,8924,660,174,44,2,right,0,22,22,0,[],11,,,,,94,,,,,,,,,,,,,,,,,,,,,,,,,,,,,,,,,,,,,,,,
25.00646991597023,unswapping,,,,,,,,,,,,,,,,,,,,,,,,,,,,,,,,,,,,,,,,,,,,,,,32,4,8904,658,174,44,2,right,1,21,21,1,"[[41, 42]]",12,,,,,94,,,,,,,,,,,,,,,,,,,,,,,,,,,,,,,,,,,,,,,,
25.1091160409851,unswapping,,,,,,,,,,,,,,,,,,,,,,,,,,,,,,,,,,,,,,,,,,,,,,,32,4,7652,636,174,44,3,both,0,22,22,3,"[[16, 17], [30, 31], [40, 41]]",3,,,,,98,,,,,,,,,,,,,,,,,,,,,,,,,,,,,,,,,,,,,,,,
25.19612199999392,unswapping,,,,,,,,,,,,,,,,,,,,,,,,,,,,,,,,,,,,,,,,,,,,,,,16,4,4764,562,174,44,3,both,1,21,21,3,"[[17, 18], [31, 32], [41, 42]]",6,,,,,104,,,,,,,,,,,,,,,,,,,,,,,,,,,,,,,,,,,,,,,,
25.240213332988787,unswapping,,,,,,,,,,,,,,,,,,,,,,,,,,,,,,,,,,,,,,,,,,,,,,,16,4,4108,544,174,44,3,left,0,22,22,2,"[[18, 19], [34, 35]]",8,,,,,106,,,,,,,,,,,,,,,,,,,,,,,,,,,,,,,,,,,,,,,,
25.276926999969874,unswapping,,,,,,,,,,,,,,,,,,,,,,,,,,,,,,,,,,,,,,,,,,,,,,,16,4,2956,520,174,44,3,left,1,21,21,1,"[[33, 34]]",9,,,,,106,,,,,,,,,,,,,,,,,,,,,,,,,,,,,,,,,,,,,,,,
25.316607582964934,unswapping,,,,,,,,,,,,,,,,,,,,,,,,,,,,,,,,,,,,,,,,,,,,,,,10,4,2572,496,174,44,3,right,0,22,22,1,"[[32, 33]]",10,,,,,108,,,,,,,,,,,,,,,,,,,,,,,,,,,,,,,,,,,,,,,,
25.358003665984143,unswapping,,,,,,,,,,,,,,,,,,,,,,,,,,,,,,,,,,,,,,,,,,,,,,,10,4,2488,490,174,44,3,right,1,21,21,1,"[[39, 40]]",11,,,,,110,,,,,,,,,,,,,,,,,,,,,,,,,,,,,,,,,,,,,,,,
25.43050429096911,unswapping,,,,,,,,,,,,,,,,,,,,,,,,,,,,,,,,,,,,,,,,,,,,,,,10,4,2396,480,174,44,4,both,0,22,22,2,"[[18, 19], [38, 39]]",2,,,,,112,,,,,,,,,,,,,,,,,,,,,,,,,,,,,,,,,,,,,,,,
25.504971249960363,unswapping,,,,,,,,,,,,,,,,,,,,,,,,,,,,,,,,,,,,,,,,,,,,,,,10,4,2304,470,174,44,4,both,1,21,21,2,"[[19, 20], [37, 38]]",4,,,,,116,,,,,,,,,,,,,,,,,,,,,,,,,,,,,,,,,,,,,,,,
25.536281999957282,unswapping,,,,,,,,,,,,,,,,,,,,,,,,,,,,,,,,,,,,,,,,,,,,,,,10,4,2244,464,174,44,4,left,0,22,22,1,"[[36, 37]]",5,,,,,118,,,,,,,,,,,,,,,,,,,,,,,,,,,,,,,,,,,,,,,,
25.553561207954772,unswapping,,,,,,,,,,,,,,,,,,,,,,,,,,,,,,,,,,,,,,,,,,,,,,,10,4,2244,464,174,44,4,left,1,21,21,0,[],5,,,,,118,,,,,,,,,,,,,,,,,,,,,,,,,,,,,,,,,,,,,,,,
25.57026174996281,unswapping,,,,,,,,,,,,,,,,,,,,,,,,,,,,,,,,,,,,,,,,,,,,,,,10,4,2244,464,174,44,4,right,0,22,22,0,[],5,,,,,118,,,,,,,,,,,,,,,,,,,,,,,,,,,,,,,,,,,,,,,,
25.587183207971975,unswapping,,,,,,,,,,,,,,,,,,,,,,,,,,,,,,,,,,,,,,,,,,,,,,,10,4,2244,464,174,44,4,right,1,21,21,0,[],5,,,,,118,,,,,,,,,,,,,,,,,,,,,,,,,,,,,,,,,,,,,,,,
25.620877540961374,unswapping,,,,,,,,,,,,,,,,,,,,,,,,,,,,,,,,,,,,,,,,,,,,,,,10,4,2244,464,174,44,5,both,0,22,22,0,[],0,,,,,118,,,,,,,,,,,,,,,,,,,,,,,,,,,,,,,,,,,,,,,,
25.683534124982543,unswapping,,,,,,,,,,,,,,,,,,,,,,,,,,,,,,,,,,,,,,,,,,,,,,,10,4,2172,460,174,44,5,both,1,21,21,1,"[[35, 36]]",1,,,,,118,,,,,,,,,,,,,,,,,,,,,,,,,,,,,,,,,,,,,,,,
25.722013790975325,unswapping,,,,,,,,,,,,,,,,,,,,,,,,,,,,,,,,,,,,,,,,,,,,,,,10,4,2076,452,174,44,5,left,0,22,22,1,"[[34, 35]]",2,,,,,120,,,,,,,,,,,,,,,,,,,,,,,,,,,,,,,,,,,,,,,,
25.738956832967233,unswapping,,,,,,,,,,,,,,,,,,,,,,,,,,,,,,,,,,,,,,,,,,,,,,,10,4,2076,452,174,44,5,left,1,21,21,0,[],2,,,,,120,,,,,,,,,,,,,,,,,,,,,,,,,,,,,,,,,,,,,,,,
25.76908979099244,unswapping,,,,,,,,,,,,,,,,,,,,,,,,,,,,,,,,,,,,,,,,,,,,,,,10,4,2004,446,174,44,5,right,0,22,22,1,"[[34, 35]]",3,,,,,120,,,,,,,,,,,,,,,,,,,,,,,,,,,,,,,,,,,,,,,,
25.786079707962926,unswapping,,,,,,,,,,,,,,,,,,,,,,,,,,,,,,,,,,,,,,,,,,,,,,,10,4,2004,446,174,44,5,right,1,21,21,0,[],3,,,,,120,,,,,,,,,,,,,,,,,,,,,,,,,,,,,,,,,,,,,,,,
25.818799750006292,unswapping,,,,,,,,,,,,,,,,,,,,,,,,,,,,,,,,,,,,,,,,,,,,,,,10,4,2004,446,174,44,6,both,0,22,22,0,[],0,,,,,120,,,,,,,,,,,,,,,,,,,,,,,,,,,,,,,,,,,,,,,,
25.850940290954895,unswapping,,,,,,,,,,,,,,,,,,,,,,,,,,,,,,,,,,,,,,,,,,,,,,,10,4,2004,446,174,44,6,both,1,21,21,0,[],0,,,,,120,,,,,,,,,,,,,,,,,,,,,,,,,,,,,,,,,,,,,,,,
25.867367082973942,unswapping,,,,,,,,,,,,,,,,,,,,,,,,,,,,,,,,,,,,,,,,,,,,,,,10,4,2004,446,174,44,6,left,0,22,22,0,[],0,,,,,120,,,,,,,,,,,,,,,,,,,,,,,,,,,,,,,,,,,,,,,,
25.88377016596496,unswapping,,,,,,,,,,,,,,,,,,,,,,,,,,,,,,,,,,,,,,,,,,,,,,,10,4,2004,446,174,44,6,left,1,21,21,0,[],0,,,,,120,,,,,,,,,,,,,,,,,,,,,,,,,,,,,,,,,,,,,,,,
25.900456040981226,unswapping,,,,,,,,,,,,,,,,,,,,,,,,,,,,,,,,,,,,,,,,,,,,,,,10,4,2004,446,174,44,6,right,0,22,22,0,[],0,,,,,120,,,,,,,,,,,,,,,,,,,,,,,,,,,,,,,,,,,,,,,,
25.91665466595441,unswapping,,,,,,,,,,,,,,,,,,,,,,,,,,,,,,,,,,,,,,,,,,,,,,,10,4,2004,446,174,44,6,right,1,21,21,0,[],0,,,,,120,,,,,,,,,,,,,,,,,,,,,,,,,,,,,,,,,,,,,,,,
26.15437349997228,unswap_cycle_summary,,,,,,7,8,15,,,,,,,,,,,,,,,,,,,512,0.0006,,,,,,,,,,,,,,,,,,,10,4,2004,446,174,44,,,,,,,,,,,,,,,,,,,,,2,9.357463333988562,15,902,887,7,False,False,False,,0,"[7, 8]","[1, 2, 3, 0, 4, 6, 8, 5, 7, 9, 10, 12, 11, 13, 16, 18, 15, 17, 14, 22, 23, 24, 21, 29, 26, 19, 20, 25, 28, 30, 31, 33, 27, 40, 42, 34, 32, 35, 38, 36, 41, 43, 37, 39]","[0, 1, 3, 2, 4, 6, 5, 8, 7, 9, 10, 12, 14, 15, 13, 17, 16, 19, 23, 22, 11, 20, 21, 18, 29, 25, 26, 27, 28, 30, 31, 33, 35, 24, 37, 34, 36, 43, 32, 41, 38, 39, 42, 40]","{'index': 11, 'interactions': [('unitary', (27, 26))]}","{'index': 13, 'interactions': [('unitary', (17, 18)), ('unitary', (37, 38))]}","[1, 0, 0, 2, 2, 2, 2, 2, 2, 2, 2, 2, 2, 2, 2, 0, 1, 0, 0, 0, 2, 2, 2, 2, 2, 4, 2, 2, 2, 2, 3, 2, 2, 2, 0, 1, 0, 0, 0, 0, 2, 0, 0]",7cd65191c8009d337005de16051b84a43c60ef6b2c50455b20e98f99c6f2226f,,,,,,,,,,,,,,,
26.99335775000509,rewiring,,,,,,,,,,,,,,,,,,,,,,,,,,,,,,,,,,,,,,,,,,,,,,,,,,,,,,,,,,,,,,,,,,,,,,,,,2,,,,,,,,,,,,,,,,,,left,post_unswap,0.8317765420069918,50,688,False,False,False,7,1,none,0.0,2024,0.8317671669647098,1.3288613749900833
27.490074208006263,rewiring,,,,,,,,,,,,,,,,,,,,,,,,,,,,,,,,,,,,,,,,,,,,,,,,,,,,,,,,,,,,,,,,,,,,,,,,,2,,,,,,,,,,,,,,,,,,right,post_unswap,0.4964821669855155,50,567,False,False,False,7,1,none,0.0,2024,0.496478249959182,1.3288613749900833
27.505991582991555,cycle_progress,,,,,,7,8,15,,,,,,,,,,,,,,,,,,,512,0.0006,,2224,0,,,,,,,,,,,,,,,,10,4,2004,446,174,44,,,,,,,,,,,,,,,,,,,,,2,,15,902,887,7,False,,,,,,,,,,,,,,,,,,,,,,,,,,1.3288613749900833
27.56785754096927,absorbing,L,1,0,678,577,7,8,15,7,0,0,0.02447508298791945,0.022954875021241605,0.047429958009161055,0.05176733300322667,2004,3360,10,16,False,False,False,False,2004,10,False,512,0.0006,,2004,0,total_elems,2004,3360,1,1,,,,0.0,,,,,,,10,4,2004,446,174,44,,,,,,,,,,,,,,,,,,,,,,,,,,,,,,,,,,,,,,,,,,,,,,,,,,,,,
27.62566620798316,absorbing,L,2,0,678,577,7,8,15,10,0,0,0.024051207990851253,0.0220309590222314,0.04608216701308265,0.04665058298269287,2828,3360,16,16,False,False,False,False,2828,16,False,512,0.0006,,2004,0,total_elems,2828,3360,1,1,,,,0.0,,,,,,,16,4,2828,510,174,44,,,,,,,,,,,,,,,,,,,,,,,,,,,,,,,,,,,,,,,,,,,,,,,,,,,,,
27.684279207955115,absorbing,R,2,1,678,577,7,8,15,9,0,0,0.025298666034359485,0.02245629101525992,0.047754957049619406,0.048282666015438735,5744,4276,16,16,False,False,False,False,4276,16,False,512,0.0006,,2004,0,total_elems,5744,4276,1,1,,,,0.0,,,,,,,16,4,4276,614,174,44,,,,,,,,,,,,,,,,,,,,,,,,,,,,,,,,,,,,,,,,,,,,,,,,,,,,,
27.7397042500088,absorbing,L,3,1,678,577,7,8,15,9,0,0,0.023129083041567355,0.02267358300741762,0.045802666048984975,0.04630137496860698,7200,8792,16,16,False,False,False,False,7200,16,False,512,0.0006,,2004,0,total_elems,7200,8792,1,1,,,,0.0,,,,,,,16,4,7200,712,174,44,,,,,,,,,,,,,,,,,,,,,,,,,,,,,,,,,,,,,,,,,,,,,,,,,,,,,
27.79662404098781,absorbing,R,3,2,678,577,7,8,15,9,0,0,0.024190374999307096,0.023212499974761158,0.047402874974068254,0.04791625001234934,12128,12064,16,16,False,False,False,False,12064,16,False,512,0.0006,,2004,0,total_elems,12128,12064,1,1,,,,0.0,,,,,,,16,4,12064,828,174,44,,,,,,,,,,,,,,,,,,,,,,,,,,,,,,,,,,,,,,,,,,,,,,,,,,,,,
27.862069124996196,absorbing,L,4,2,678,577,7,8,15,8,0,0,0.027022624970413744,0.028815041994675994,0.05583766696508974,0.05634404195006937,22176,28160,64,64,False,False,False,False,22176,64,False,512,0.0006,,2004,0,total_elems,22176,28160,1,1,,,,0.0,,,,,,,64,4,22176,1048,174,44,,,,,,,,,,,,,,,,,,,,,,,,,,,,,,,,,,,,,,,,,,,,,,,,,,,,,
27.94555574998958,absorbing,L,5,2,678,577,7,8,15,9,0,0,0.03507520799757913,0.038959375000558794,0.07403458299813792,0.07458804204361513,26400,47136,64,64,False,False,False,False,26400,64,False,512,0.0006,,2004,0,total_elems,26400,47136,1,1,,,,0.0,,,,,,,64,4,26400,1144,174,44,,,,,,,,,,,,,,,,,,,,,,,,,,,,,,,,,,,,,,,,,,,,,,,,,,,,,
28.06962966598803,absorbing,L,6,2,678,577,8,8,16,7,1,1,0.06907825003145263,0.045556875003967434,0.11463512503542006,0.11516975000267848,48864,52128,64,64,False,False,False,False,48864,64,False,512,0.0006,,2004,0,total_elems,48864,52128,1,1,,,,0.0,,,,,,,64,4,48864,1408,174,44,,,,,,,,,,,,,,,,,,,,,,,,,,,,,,,,,,,,,,,,,,,,,,,,,,,,,
28.183320665964857,absorbing,L,7,2,678,577,8,8,16,7,0,1,0.04768087499542162,0.056489375012461096,0.10417025000788271,0.10466304200235754,68832,76512,64,64,False,False,False,False,68832,64,False,512,0.0006,,2004,0,total_elems,68832,76512,1,1,,,,0.0,,,,,,,64,4,68832,1672,174,44,,,,,,,,,,,,,,,,,,,,,,,,,,,,,,,,,,,,,,,,,,,,,,,,,,,,,
28.36096462496789,absorbing,L,8,2,678,577,8,8,16,8,0,1,0.054801333986688405,0.1131762089789845,0.1679775429656729,0.1685072910040617,93280,104544,64,64,False,False,False,False,93280,64,False,512,0.0006,,2004,0,total_elems,93280,104544,1,1,,,,0.0,,,,,,,64,4,93280,1928,174,44,,,,,,,,,,,,,,,,,,,,,,,,,,,,,,,,,,,,,,,,,,,,,,,,,,,,,
28.609684415976517,absorbing,R,8,3,678,577,8,8,16,11,0,1,0.13759999995818362,0.10116225003730506,0.23876224999548867,0.23934925004141405,223328,129120,256,64,False,False,False,False,129120,64,False,512,0.0006,,2004,0,total_elems,223328,129120,1,1,,,,0.0,,,,,,,64,4,129120,2336,174,44,,,,,,,,,,,,,,,,,,,,,,,,,,,,,,,,,,,,,,,,,,,,,,,,,,,,,
28.966590208001435,absorbing,R,8,4,678,577,8,9,17,9,1,2,0.18572008301271126,0.1585472910082899,0.34426737402100116,0.34646904101828113,282720,222944,256,64,False,False,False,False,222944,64,False,512,0.0006,,2004,0,total_elems,282720,222944,1,1,,,,0.0,,,,,,,64,4,222944,2922,174,44,,,,,,,,,,,,,,,,,,,,,,,,,,,,,,,,,,,,,,,,,,,,,,,,,,,,,
29.611159624997526,absorbing,R,8,5,678,577,8,10,18,8,1,3,0.3432847079820931,0.28985850000754,0.6331432079896331,0.6346000000485219,477792,473216,256,256,False,False,False,False,473216,256,False,512,0.0006,,2004,0,total_elems,477792,473216,1,1,,,,0.0,,,,,,,256,4,473216,3972,174,44,,,,,,,,,,,,,,,,,,,,,,,,,,,,,,,,,,,,,,,,,,,,,,,,,,,,,
36.6187520409585,unswapping,,,,,,,,,,,,,,,,,,,,,,,,,,,,,,,,,,,,,,,,,,,,,,,256,4,425184,3688,174,44,0,both,0,22,22,8,"[[14, 15], [18, 19], [28, 29], [30, 31], [32, 33], [34, 35], [36, 37], [40, 41]]",8,,,,,0,,,,,,,,,,,,,,,,,,,,,,,,,,,,,,,,,,,,,,,,
38.12945374997798,unswapping,,,,,,,,,,,,,,,,,,,,,,,,,,,,,,,,,,,,,,,,,,,,,,,256,4,229152,2632,174,44,0,both,1,21,21,8,"[[9, 10], [19, 20], [21, 22], [23, 24], [29, 30], [31, 32], [39, 40], [41, 42]]",16,,,,,0,,,,,,,,,,,,,,,,,,,,,,,,,,,,,,,,,,,,,,,,
38.572695624956395,unswapping,,,,,,,,,,,,,,,,,,,,,,,,,,,,,,,,,,,,,,,,,,,,,,,64,4,95904,1864,174,44,0,left,0,22,22,7,"[[10, 11], [20, 21], [26, 27], [30, 31], [32, 33], [38, 39], [40, 41]]",23,,,,,14,,,,,,,,,,,,,,,,,,,,,,,,,,,,,,,,,,,,,,,,
38.81075483298628,unswapping,,,,,,,,,,,,,,,,,,,,,,,,,,,,,,,,,,,,,,,,,,,,,,,64,4,60416,1582,174,44,0,left,1,21,21,8,"[[1, 2], [11, 12], [17, 18], [21, 22], [25, 26], [31, 32], [33, 34], [37, 38]]",31,,,,,30,,,,,,,,,,,,,,,,,,,,,,,,,,,,,,,,,,,,,,,,
38.93208554096054,unswapping,,,,,,,,,,,,,,,,,,,,,,,,,,,,,,,,,,,,,,,,,,,,,,,64,4,53336,1464,174,44,0,right,0,22,22,5,"[[6, 7], [18, 19], [24, 25], [36, 37], [40, 41]]",36,,,,,36,,,,,,,,,,,,,,,,,,,,,,,,,,,,,,,,,,,,,,,,
39.0561335409875,unswapping,,,,,,,,,,,,,,,,,,,,,,,,,,,,,,,,,,,,,,,,,,,,,,,64,4,49360,1364,174,44,0,right,1,21,21,5,"[[5, 6], [7, 8], [13, 14], [17, 18], [35, 36]]",41,,,,,44,,,,,,,,,,,,,,,,,,,,,,,,,,,,,,,,,,,,,,,,
39.286189915961586,unswapping,,,,,,,,,,,,,,,,,,,,,,,,,,,,,,,,,,,,,,,,,,,,,,,64,4,30076,1168,174,44,1,both,0,22,22,9,"[[0, 1], [2, 3], [8, 9], [10, 11], [20, 21], [26, 27], [34, 35], [38, 39], [42, 43]]",9,,,,,54,,,,,,,,,,,,,,,,,,,,,,,,,,,,,,,,,,,,,,,,
39.43583574995864,unswapping,,,,,,,,,,,,,,,,,,,,,,,,,,,,,,,,,,,,,,,,,,,,,,,32,4,18984,972,174,44,1,both,1,21,21,6,"[[9, 10], [19, 20], [27, 28], [33, 34], [37, 38], [39, 40]]",15,,,,,70,,,,,,,,,,,,,,,,,,,,,,,,,,,,,,,,,,,,,,,,
39.49584429099923,unswapping,,,,,,,,,,,,,,,,,,,,,,,,,,,,,,,,,,,,,,,,,,,,,,,32,4,16384,876,174,44,1,left,0,22,22,5,"[[8, 9], [12, 13], [18, 19], [22, 23], [38, 39]]",20,,,,,80,,,,,,,,,,,,,,,,,,,,,,,,,,,,,,,,,,,,,,,,
39.56053829099983,unswapping,,,,,,,,,,,,,,,,,,,,,,,,,,,,,,,,,,,,,,,,,,,,,,,32,4,14556,800,174,44,1,left,1,21,21,7,"[[1, 2], [3, 4], [7, 8], [9, 10], [23, 24], [39, 40], [41, 42]]",27,,,,,90,,,,,,,,,,,,,,,,,,,,,,,,,,,,,,,,,,,,,,,,
39.61773424997227,unswapping,,,,,,,,,,,,,,,,,,,,,,,,,,,,,,,,,,,,,,,,,,,,,,,16,4,10944,716,174,44,1,right,0,22,22,4,"[[4, 5], [6, 7], [16, 17], [32, 33]]",31,,,,,96,,,,,,,,,,,,,,,,,,,,,,,,,,,,,,,,,,,,,,,,
39.669291290978435,unswapping,,,,,,,,,,,,,,,,,,,,,,,,,,,,,,,,,,,,,,,,,,,,,,,16,4,9752,688,174,44,1,right,1,21,21,2,"[[17, 18], [31, 32]]",33,,,,,100,,,,,,,,,,,,,,,,,,,,,,,,,,,,,,,,,,,,,,,,
39.75902191596106,unswapping,,,,,,,,,,,,,,,,,,,,,,,,,,,,,,,,,,,,,,,,,,,,,,,16,4,8460,642,174,44,2,both,0,22,22,6,"[[2, 3], [8, 9], [10, 11], [18, 19], [26, 27], [30, 31]]",6,,,,,104,,,,,,,,,,,,,,,,,,,,,,,,,,,,,,,,,,,,,,,,
39.84837370796595,unswapping,,,,,,,,,,,,,,,,,,,,,,,,,,,,,,,,,,,,,,,,,,,,,,,16,4,7660,610,174,44,2,both,1,21,21,6,"[[9, 10], [11, 12], [15, 16], [17, 18], [29, 30], [37, 38]]",12,,,,,108,,,,,,,,,,,,,,,,,,,,,,,,,,,,,,,,,,,,,,,,
39.897010332962964,unswapping,,,,,,,,,,,,,,,,,,,,,,,,,,,,,,,,,,,,,,,,,,,,,,,16,4,6108,578,174,44,2,left,0,22,22,2,"[[24, 25], [28, 29]]",14,,,,,112,,,,,,,,,,,,,,,,,,,,,,,,,,,,,,,,,,,,,,,,
39.940973290998954,unswapping,,,,,,,,,,,,,,,,,,,,,,,,,,,,,,,,,,,,,,,,,,,,,,,16,4,4556,546,174,44,2,left,1,21,21,1,"[[25, 26]]",15,,,,,114,,,,,,,,,,,,,,,,,,,,,,,,,,,,,,,,,,,,,,,,
39.959269124956336,unswapping,,,,,,,,,,,,,,,,,,,,,,,,,,,,,,,,,,,,,,,,,,,,,,,16,4,4556,546,174,44,2,right,0,22,22,0,[],15,,,,,114,,,,,,,,,,,,,,,,,,,,,,,,,,,,,,,,,,,,,,,,
40.00158170796931,unswapping,,,,,,,,,,,,,,,,,,,,,,,,,,,,,,,,,,,,,,,,,,,,,,,16,4,4296,526,174,44,2,right,1,21,21,3,"[[3, 4], [19, 20], [29, 30]]",18,,,,,116,,,,,,,,,,,,,,,,,,,,,,,,,,,,,,,,,,,,,,,,
40.07937504100846,unswapping,,,,,,,,,,,,,,,,,,,,,,,,,,,,,,,,,,,,,,,,,,,,,,,16,4,3372,496,174,44,3,both,0,22,22,4,"[[10, 11], [12, 13], [26, 27], [36, 37]]",4,,,,,122,,,,,,,,,,,,,,,,,,,,,,,,,,,,,,,,,,,,,,,,
40.143030207953416,unswapping,,,,,,,,,,,,,,,,,,,,,,,,,,,,,,,,,,,,,,,,,,,,,,,16,4,3360,494,174,44,3,both,1,21,21,1,"[[11, 12]]",5,,,,,122,,,,,,,,,,,,,,,,,,,,,,,,,,,,,,,,,,,,,,,,
40.16251412499696,unswapping,,,,,,,,,,,,,,,,,,,,,,,,,,,,,,,,,,,,,,,,,,,,,,,16,4,3360,494,174,44,3,left,0,22,22,0,[],5,,,,,122,,,,,,,,,,,,,,,,,,,,,,,,,,,,,,,,,,,,,,,,
40.180220040958375,unswapping,,,,,,,,,,,,,,,,,,,,,,,,,,,,,,,,,,,,,,,,,,,,,,,16,4,3360,494,174,44,3,left,1,21,21,0,[],5,,,,,122,,,,,,,,,,,,,,,,,,,,,,,,,,,,,,,,,,,,,,,,
40.197845249960665,unswapping,,,,,,,,,,,,,,,,,,,,,,,,,,,,,,,,,,,,,,,,,,,,,,,16,4,3360,494,174,44,3,right,0,22,22,0,[],5,,,,,122,,,,,,,,,,,,,,,,,,,,,,,,,,,,,,,,,,,,,,,,
40.215503707993776,unswapping,,,,,,,,,,,,,,,,,,,,,,,,,,,,,,,,,,,,,,,,,,,,,,,16,4,3360,494,174,44,3,right,1,21,21,0,[],5,,,,,122,,,,,,,,,,,,,,,,,,,,,,,,,,,,,,,,,,,,,,,,
40.25257074995898,unswapping,,,,,,,,,,,,,,,,,,,,,,,,,,,,,,,,,,,,,,,,,,,,,,,16,4,3360,494,174,44,4,both,0,22,22,0,[],0,,,,,122,,,,,,,,,,,,,,,,,,,,,,,,,,,,,,,,,,,,,,,,
40.28658741596155,unswapping,,,,,,,,,,,,,,,,,,,,,,,,,,,,,,,,,,,,,,,,,,,,,,,16,4,3360,494,174,44,4,both,1,21,21,0,[],0,,,,,122,,,,,,,,,,,,,,,,,,,,,,,,,,,,,,,,,,,,,,,,
40.30385629099328,unswapping,,,,,,,,,,,,,,,,,,,,,,,,,,,,,,,,,,,,,,,,,,,,,,,16,4,3360,494,174,44,4,left,0,22,22,0,[],0,,,,,122,,,,,,,,,,,,,,,,,,,,,,,,,,,,,,,,,,,,,,,,
40.320632457965985,unswapping,,,,,,,,,,,,,,,,,,,,,,,,,,,,,,,,,,,,,,,,,,,,,,,16,4,3360,494,174,44,4,left,1,21,21,0,[],0,,,,,122,,,,,,,,,,,,,,,,,,,,,,,,,,,,,,,,,,,,,,,,
40.33937683299882,unswapping,,,,,,,,,,,,,,,,,,,,,,,,,,,,,,,,,,,,,,,,,,,,,,,16,4,3360,494,174,44,4,right,0,22,22,0,[],0,,,,,122,,,,,,,,,,,,,,,,,,,,,,,,,,,,,,,,,,,,,,,,
40.356929790985305,unswapping,,,,,,,,,,,,,,,,,,,,,,,,,,,,,,,,,,,,,,,,,,,,,,,16,4,3360,494,174,44,4,right,1,21,21,0,[],0,,,,,122,,,,,,,,,,,,,,,,,,,,,,,,,,,,,,,,,,,,,,,,
40.604118999966886,unswap_cycle_summary,,,,,,8,10,18,,,,,,,,,,,,,,,,,,,512,0.0006,,,,,,,,,,,,,,,,,,,16,4,3360,494,174,44,,,,,,,,,,,,,,,,,,,,,3,9.278021959005855,18,902,884,3,False,False,False,,0,"[8, 10]","[2, 3, 4, 0, 1, 5, 6, 12, 8, 11, 13, 9, 7, 10, 15, 16, 14, 17, 19, 21, 20, 22, 24, 23, 27, 29, 26, 18, 32, 25, 31, 33, 28, 34, 35, 30, 42, 37, 38, 36, 41, 43, 39, 40]","[1, 0, 2, 7, 3, 4, 8, 5, 11, 9, 12, 15, 10, 6, 13, 20, 14, 22, 17, 19, 16, 18, 21, 24, 25, 23, 27, 29, 26, 31, 36, 28, 33, 30, 32, 35, 37, 34, 41, 42, 38, 39, 43, 40]","{'index': 9, 'interactions': [('unitary', (28, 29))]}","{'index': 6, 'interactions': [('unitary', (32, 33))]}","[1, 0, 0, 0, 2, 2, 0, 0, 0, 0, 0, 0, 1, 2, 2, 0, 0, 0, 1, 0, 2, 2, 2, 4, 3, 2, 2, 4, 2, 2, 2, 2, 3, 4, 3, 2, 2, 2, 2, 2, 2, 0, 0]",eeed76d362fe145a19eab460d103a2704404dfc191fb0389455500d1dfc1d523,,,,,,,,,,,,,,,
41.1980407909723,rewiring,,,,,,,,,,,,,,,,,,,,,,,,,,,,,,,,,,,,,,,,,,,,,,,,,,,,,,,,,,,,,,,,,,,,,,,,,3,,,,,,,,,,,,,,,,,,left,post_unswap,0.584647124982439,50,672,False,False,False,3,1,none,0.0,2024,0.5846398340072483,0.9348139160429128
41.54798837500857,rewiring,,,,,,,,,,,,,,,,,,,,,,,,,,,,,,,,,,,,,,,,,,,,,,,,,,,,,,,,,,,,,,,,,,,,,,,,,3,,,,,,,,,,,,,,,,,,right,post_unswap,0.3497949580196291,50,574,False,False,False,3,1,none,0.0,2024,0.3497907919809222,0.9348139160429128
41.566316165961325,cycle_progress,,,,,,8,10,18,,,,,,,,,,,,,,,,,,,512,0.0006,,2004,0,,,,,,,,,,,,,,,,16,4,3360,494,174,44,,,,,,,,,,,,,,,,,,,,,3,,18,902,884,3,False,,,,,,,,,,,,,,,,,,,,,,,,,,0.9348139160429128
41.6324829160003,absorbing,L,1,0,635,524,8,10,18,10,0,0,0.02316720801172778,0.023559624969493598,0.04672683298122138,0.05470512498868629,3360,4484,16,16,False,False,False,False,3360,16,False,512,0.0006,,3360,0,total_elems,3360,4484,1,1,,,,0.0,,,,,,,16,4,3360,494,174,44,,,,,,,,,,,,,,,,,,,,,,,,,,,,,,,,,,,,,,,,,,,,,,,,,,,,,
41.69117116596317,absorbing,R,1,1,635,524,8,10,18,10,0,0,0.02345775003777817,0.023657042009290308,0.04711479204706848,0.04761974996654317,5908,4484,16,16,False,False,False,False,4484,16,False,512,0.0006,,3360,0,total_elems,5908,4484,1,1,,,,0.0,,,,,,,16,4,4484,562,174,44,,,,,,,,,,,,,,,,,,,,,,,,,,,,,,,,,,,,,,,,,,,,,,,,,,,,,
41.7517144579906,absorbing,R,1,2,635,524,8,10,18,9,0,0,0.02370774996234104,0.024974375031888485,0.048682124994229525,0.049221749999560416,7452,6584,16,16,False,False,False,False,6584,16,False,512,0.0006,,3360,0,total_elems,7452,6584,1,1,,,,0.0,,,,,,,16,4,6584,670,174,44,,,,,,,,,,,,,,,,,,,,,,,,,,,,,,,,,,,,,,,,,,,,,,,,,,,,,
41.811828165955376,absorbing,L,2,2,635,524,8,10,18,12,0,0,0.023642083979211748,0.024919416988268495,0.04856150096748024,0.04905516700819135,10608,12596,16,16,False,False,False,False,10608,16,False,512,0.0006,,3360,0,total_elems,10608,12596,1,1,,,,0.0,,,,,,,16,4,10608,792,174,44,,,,,,,,,,,,,,,,,,,,,,,,,,,,,,,,,,,,,,,,,,,,,,,,,,,,,
41.880821875005495,absorbing,L,3,2,635,524,8,10,18,12,0,0,0.027300208050291985,0.029987083049491048,0.05728729109978303,0.05778550001559779,16032,22256,16,64,False,False,False,False,16032,16,False,512,0.0006,,3360,0,total_elems,16032,22256,1,1,,,,0.0,,,,,,,16,4,16032,938,174,44,,,,,,,,,,,,,,,,,,,,,,,,,,,,,,,,,,,,,,,,,,,,,,,,,,,,,
41.96357620798517,absorbing,R,3,3,635,524,8,10,18,10,0,0,0.03549170901533216,0.03557050001109019,0.07106220902642235,0.07155954104382545,39360,34048,64,64,False,False,False,False,34048,64,False,512,0.0006,,3360,0,total_elems,39360,34048,1,1,,,,0.0,,,,,,,64,4,34048,1272,174,44,,,,,,,,,,,,,,,,,,,,,,,,,,,,,,,,,,,,,,,,,,,,,,,,,,,,,
42.115806499961764,absorbing,L,4,3,635,524,8,10,18,11,0,0,0.059218875016085804,0.08066941698780283,0.13988829200388864,0.1404055419843644,75904,105236,64,64,False,False,False,False,75904,64,False,512,0.0006,,3360,0,total_elems,75904,105236,1,1,,,,0.0,,,,,,,64,4,75904,1704,174,44,,,,,,,,,,,,,,,,,,,,,,,,,,,,,,,,,,,,,,,,,,,,,,,,,,,,,
42.37574658298399,absorbing,L,5,3,635,524,8,10,18,9,0,0,0.11183800001163036,0.13555712503148243,0.24739512504311278,0.24792275001527742,129344,232680,64,256,False,False,False,False,129344,64,False,512,0.0006,,3360,0,total_elems,129344,232680,1,1,,,,0.0,,,,,,,64,4,129344,2134,174,44,,,,,,,,,,,,,,,,,,,,,,,,,,,,,,,,,,,,,,,,,,,,,,,,,,,,,
42.748411915963516,absorbing,L,6,3,635,524,8,10,18,10,0,0,0.17910666699754074,0.17959808302111924,0.35870475001866,0.35929424996720627,302144,303520,256,256,False,False,False,False,302144,256,False,512,0.0006,,3360,0,total_elems,302144,303520,1,1,,,,0.0,,,,,,,256,4,302144,2956,174,44,,,,,,,,,,,,,,,,,,,,,,,,,,,,,,,,,,,,,,,,,,,,,,,,,,,,,
49.81204374996014,unswapping,,,,,,,,,,,,,,,,,,,,,,,,,,,,,,,,,,,,,,,,,,,,,,,256,4,478784,3736,174,44,0,both,0,22,22,1,"[[4, 5]]",1,,,,,0,,,,,,,,,,,,,,,,,,,,,,,,,,,,,,,,,,,,,,,,
51.55315862497082,unswapping,,,,,,,,,,,,,,,,,,,,,,,,,,,,,,,,,,,,,,,,,,,,,,,64,4,122752,2154,174,44,0,both,1,21,21,8,"[[3, 4], [5, 6], [17, 18], [25, 26], [27, 28], [29, 30], [37, 38], [39, 40]]",9,,,,,0,,,,,,,,,,,,,,,,,,,,,,,,,,,,,,,,,,,,,,,,
51.88184587500291,unswapping,,,,,,,,,,,,,,,,,,,,,,,,,,,,,,,,,,,,,,,,,,,,,,,64,4,51588,1492,174,44,0,left,0,22,22,12,"[[2, 3], [6, 7], [8, 9], [10, 11], [16, 17], [20, 21], [22, 23], [24, 25], [26, 27], [28, 29], [30, 31], [40, 41]]",21,,,,,24,,,,,,,,,,,,,,,,,,,,,,,,,,,,,,,,,,,,,,,,
52.04638999997405,unswapping,,,,,,,,,,,,,,,,,,,,,,,,,,,,,,,,,,,,,,,,,,,,,,,63,4,37264,1176,174,44,0,left,1,21,21,15,"[[1, 2], [3, 4], [7, 8], [9, 10], [11, 12], [17, 18], [19, 20], [21, 22], [23, 24], [27, 28], [29, 30], [31, 32], [35, 36], [39, 40], [41, 42]]",36,,,,,54,,,,,,,,,,,,,,,,,,,,,,,,,,,,,,,,,,,,,,,,
52.18534974998329,unswapping,,,,,,,,,,,,,,,,,,,,,,,,,,,,,,,,,,,,,,,,,,,,,,,60,4,33600,1084,174,44,0,right,0,22,22,5,"[[2, 3], [4, 5], [34, 35], [38, 39], [40, 41]]",41,,,,,56,,,,,,,,,,,,,,,,,,,,,,,,,,,,,,,,,,,,,,,,
52.31189854099648,unswapping,,,,,,,,,,,,,,,,,,,,,,,,,,,,,,,,,,,,,,,,,,,,,,,32,4,23156,970,174,44,0,right,1,21,21,8,"[[1, 2], [3, 4], [7, 8], [9, 10], [27, 28], [29, 30], [31, 32], [41, 42]]",49,,,,,60,,,,,,,,,,,,,,,,,,,,,,,,,,,,,,,,,,,,,,,,
52.486425082955975,unswapping,,,,,,,,,,,,,,,,,,,,,,,,,,,,,,,,,,,,,,,,,,,,,,,28,4,17936,888,174,44,1,both,0,22,22,7,"[[10, 11], [20, 21], [24, 25], [28, 29], [30, 31], [32, 33], [40, 41]]",7,,,,,72,,,,,,,,,,,,,,,,,,,,,,,,,,,,,,,,,,,,,,,,
52.62390466599027,unswapping,,,,,,,,,,,,,,,,,,,,,,,,,,,,,,,,,,,,,,,,,,,,,,,24,4,12408,776,174,44,1,both,1,21,21,8,"[[11, 12], [23, 24], [29, 30], [31, 32], [33, 34], [35, 36], [37, 38], [39, 40]]",15,,,,,84,,,,,,,,,,,,,,,,,,,,,,,,,,,,,,,,,,,,,,,,
52.687934582994785,unswapping,,,,,,,,,,,,,,,,,,,,,,,,,,,,,,,,,,,,,,,,,,,,,,,16,4,9704,688,174,44,1,left,0,22,22,8,"[[0, 1], [2, 3], [4, 5], [8, 9], [32, 33], [34, 35], [38, 39], [42, 43]]",23,,,,,96,,,,,,,,,,,,,,,,,,,,,,,,,,,,,,,,,,,,,,,,
52.7331297500059,unswapping,,,,,,,,,,,,,,,,,,,,,,,,,,,,,,,,,,,,,,,,,,,,,,,16,4,8808,672,174,44,1,left,1,21,21,1,"[[25, 26]]",24,,,,,98,,,,,,,,,,,,,,,,,,,,,,,,,,,,,,,,,,,,,,,,
52.75855808297638,unswapping,,,,,,,,,,,,,,,,,,,,,,,,,,,,,,,,,,,,,,,,,,,,,,,16,4,8808,672,174,44,1,right,0,22,22,0,[],24,,,,,98,,,,,,,,,,,,,,,,,,,,,,,,,,,,,,,,,,,,,,,,
52.80247783300001,unswapping,,,,,,,,,,,,,,,,,,,,,,,,,,,,,,,,,,,,,,,,,,,,,,,16,4,8520,660,174,44,1,right,1,21,21,1,"[[33, 34]]",25,,,,,96,,,,,,,,,,,,,,,,,,,,,,,,,,,,,,,,,,,,,,,,
52.902358416002244,unswapping,,,,,,,,,,,,,,,,,,,,,,,,,,,,,,,,,,,,,,,,,,,,,,,16,4,7308,630,174,44,2,both,0,22,22,3,"[[0, 1], [12, 13], [30, 31]]",3,,,,,100,,,,,,,,,,,,,,,,,,,,,,,,,,,,,,,,,,,,,,,,
52.99309912498575,unswapping,,,,,,,,,,,,,,,,,,,,,,,,,,,,,,,,,,,,,,,,,,,,,,,16,4,6768,594,174,44,2,both,1,21,21,3,"[[13, 14], [37, 38], [41, 42]]",6,,,,,106,,,,,,,,,,,,,,,,,,,,,,,,,,,,,,,,,,,,,,,,
53.04746637499193,unswapping,,,,,,,,,,,,,,,,,,,,,,,,,,,,,,,,,,,,,,,,,,,,,,,16,4,5736,564,174,44,2,left,0,22,22,2,"[[14, 15], [26, 27]]",8,,,,,110,,,,,,,,,,,,,,,,,,,,,,,,,,,,,,,,,,,,,,,,
53.101003624964505,unswapping,,,,,,,,,,,,,,,,,,,,,,,,,,,,,,,,,,,,,,,,,,,,,,,14,4,4776,540,174,44,2,left,1,21,21,1,"[[31, 32]]",9,,,,,112,,,,,,,,,,,,,,,,,,,,,,,,,,,,,,,,,,,,,,,,
53.145913832995575,unswapping,,,,,,,,,,,,,,,,,,,,,,,,,,,,,,,,,,,,,,,,,,,,,,,14,4,4696,536,174,44,2,right,0,22,22,1,"[[32, 33]]",10,,,,,112,,,,,,,,,,,,,,,,,,,,,,,,,,,,,,,,,,,,,,,,
53.17304504098138,unswapping,,,,,,,,,,,,,,,,,,,,,,,,,,,,,,,,,,,,,,,,,,,,,,,14,4,4696,536,174,44,2,right,1,21,21,0,[],10,,,,,112,,,,,,,,,,,,,,,,,,,,,,,,,,,,,,,,,,,,,,,,
53.30436087498674,unswapping,,,,,,,,,,,,,,,,,,,,,,,,,,,,,,,,,,,,,,,,,,,,,,,14,4,3948,514,174,44,3,both,0,22,22,2,"[[30, 31], [36, 37]]",2,,,,,116,,,,,,,,,,,,,,,,,,,,,,,,,,,,,,,,,,,,,,,,
53.38959024997894,unswapping,,,,,,,,,,,,,,,,,,,,,,,,,,,,,,,,,,,,,,,,,,,,,,,13,4,2656,476,174,44,3,both,1,21,21,2,"[[27, 28], [29, 30]]",4,,,,,118,,,,,,,,,,,,,,,,,,,,,,,,,,,,,,,,,,,,,,,,
53.408889499958605,unswapping,,,,,,,,,,,,,,,,,,,,,,,,,,,,,,,,,,,,,,,,,,,,,,,13,4,2656,476,174,44,3,left,0,22,22,0,[],4,,,,,118,,,,,,,,,,,,,,,,,,,,,,,,,,,,,,,,,,,,,,,,
53.44460699998308,unswapping,,,,,,,,,,,,,,,,,,,,,,,,,,,,,,,,,,,,,,,,,,,,,,,13,4,2584,472,174,44,3,left,1,21,21,1,"[[35, 36]]",5,,,,,120,,,,,,,,,,,,,,,,,,,,,,,,,,,,,,,,,,,,,,,,
53.464126290986314,unswapping,,,,,,,,,,,,,,,,,,,,,,,,,,,,,,,,,,,,,,,,,,,,,,,13,4,2584,472,174,44,3,right,0,22,22,0,[],5,,,,,120,,,,,,,,,,,,,,,,,,,,,,,,,,,,,,,,,,,,,,,,
53.48195887496695,unswapping,,,,,,,,,,,,,,,,,,,,,,,,,,,,,,,,,,,,,,,,,,,,,,,13,4,2584,472,174,44,3,right,1,21,21,0,[],5,,,,,120,,,,,,,,,,,,,,,,,,,,,,,,,,,,,,,,,,,,,,,,
53.55193983297795,unswapping,,,,,,,,,,,,,,,,,,,,,,,,,,,,,,,,,,,,,,,,,,,,,,,13,4,2564,470,174,44,4,both,0,22,22,1,"[[36, 37]]",1,,,,,118,,,,,,,,,,,,,,,,,,,,,,,,,,,,,,,,,,,,,,,,
53.63468187500257,unswapping,,,,,,,,,,,,,,,,,,,,,,,,,,,,,,,,,,,,,,,,,,,,,,,13,4,2544,468,174,44,4,both,1,21,21,1,"[[37, 38]]",2,,,,,120,,,,,,,,,,,,,,,,,,,,,,,,,,,,,,,,,,,,,,,,
53.70317833300214,unswapping,,,,,,,,,,,,,,,,,,,,,,,,,,,,,,,,,,,,,,,,,,,,,,,13,4,2480,464,174,44,4,left,0,22,22,1,"[[34, 35]]",3,,,,,122,,,,,,,,,,,,,,,,,,,,,,,,,,,,,,,,,,,,,,,,
53.78197691595415,unswapping,,,,,,,,,,,,,,,,,,,,,,,,,,,,,,,,,,,,,,,,,,,,,,,13,4,2352,456,174,44,4,left,1,21,21,1,"[[33, 34]]",4,,,,,124,,,,,,,,,,,,,,,,,,,,,,,,,,,,,,,,,,,,,,,,
53.82494466600474,unswapping,,,,,,,,,,,,,,,,,,,,,,,,,,,,,,,,,,,,,,,,,,,,,,,13,4,2352,456,174,44,4,right,0,22,22,0,[],4,,,,,124,,,,,,,,,,,,,,,,,,,,,,,,,,,,,,,,,,,,,,,,
53.86144374997821,unswapping,,,,,,,,,,,,,,,,,,,,,,,,,,,,,,,,,,,,,,,,,,,,,,,13,4,2352,456,174,44,4,right,1,21,21,0,[],4,,,,,124,,,,,,,,,,,,,,,,,,,,,,,,,,,,,,,,,,,,,,,,
53.971433333004825,unswapping,,,,,,,,,,,,,,,,,,,,,,,,,,,,,,,,,,,,,,,,,,,,,,,13,4,2332,454,174,44,5,both,0,22,22,1,"[[38, 39]]",1,,,,,124,,,,,,,,,,,,,,,,,,,,,,,,,,,,,,,,,,,,,,,,
54.01508887496311,unswapping,,,,,,,,,,,,,,,,,,,,,,,,,,,,,,,,,,,,,,,,,,,,,,,13,4,2332,454,174,44,5,both,1,21,21,0,[],1,,,,,124,,,,,,,,,,,,,,,,,,,,,,,,,,,,,,,,,,,,,,,,
54.05406066600699,unswapping,,,,,,,,,,,,,,,,,,,,,,,,,,,,,,,,,,,,,,,,,,,,,,,13,4,2284,450,174,44,5,left,0,22,22,1,"[[32, 33]]",2,,,,,126,,,,,,,,,,,,,,,,,,,,,,,,,,,,,,,,,,,,,,,,
54.075862290977966,unswapping,,,,,,,,,,,,,,,,,,,,,,,,,,,,,,,,,,,,,,,,,,,,,,,13,4,2284,450,174,44,5,left,1,21,21,0,[],2,,,,,126,,,,,,,,,,,,,,,,,,,,,,,,,,,,,,,,,,,,,,,,
54.09513362497091,unswapping,,,,,,,,,,,,,,,,,,,,,,,,,,,,,,,,,,,,,,,,,,,,,,,13,4,2284,450,174,44,5,right,0,22,22,0,[],2,,,,,126,,,,,,,,,,,,,,,,,,,,,,,,,,,,,,,,,,,,,,,,
54.11510587495286,unswapping,,,,,,,,,,,,,,,,,,,,,,,,,,,,,,,,,,,,,,,,,,,,,,,13,4,2284,450,174,44,5,right,1,21,21,0,[],2,,,,,126,,,,,,,,,,,,,,,,,,,,,,,,,,,,,,,,,,,,,,,,
54.15147545799846,unswapping,,,,,,,,,,,,,,,,,,,,,,,,,,,,,,,,,,,,,,,,,,,,,,,13,4,2284,450,174,44,6,both,0,22,22,0,[],0,,,,,126,,,,,,,,,,,,,,,,,,,,,,,,,,,,,,,,,,,,,,,,
54.22103012498701,unswapping,,,,,,,,,,,,,,,,,,,,,,,,,,,,,,,,,,,,,,,,,,,,,,,13,4,2260,448,174,44,6,both,1,21,21,1,"[[31, 32]]",1,,,,,126,,,,,,,,,,,,,,,,,,,,,,,,,,,,,,,,,,,,,,,,
54.26187054096954,unswapping,,,,,,,,,,,,,,,,,,,,,,,,,,,,,,,,,,,,,,,,,,,,,,,13,4,2204,444,174,44,6,left,0,22,22,1,"[[30, 31]]",2,,,,,128,,,,,,,,,,,,,,,,,,,,,,,,,,,,,,,,,,,,,,,,
54.281178165983874,unswapping,,,,,,,,,,,,,,,,,,,,,,,,,,,,,,,,,,,,,,,,,,,,,,,13,4,2204,444,174,44,6,left,1,21,21,0,[],2,,,,,128,,,,,,,,,,,,,,,,,,,,,,,,,,,,,,,,,,,,,,,,
54.29988924995996,unswapping,,,,,,,,,,,,,,,,,,,,,,,,,,,,,,,,,,,,,,,,,,,,,,,13,4,2204,444,174,44,6,right,0,22,22,0,[],2,,,,,128,,,,,,,,,,,,,,,,,,,,,,,,,,,,,,,,,,,,,,,,
54.319188624969684,unswapping,,,,,,,,,,,,,,,,,,,,,,,,,,,,,,,,,,,,,,,,,,,,,,,13,4,2204,444,174,44,6,right,1,21,21,0,[],2,,,,,128,,,,,,,,,,,,,,,,,,,,,,,,,,,,,,,,,,,,,,,,
54.35604975000024,unswapping,,,,,,,,,,,,,,,,,,,,,,,,,,,,,,,,,,,,,,,,,,,,,,,13,4,2204,444,174,44,7,both,0,22,22,0,[],0,,,,,128,,,,,,,,,,,,,,,,,,,,,,,,,,,,,,,,,,,,,,,,
54.425062916008756,unswapping,,,,,,,,,,,,,,,,,,,,,,,,,,,,,,,,,,,,,,,,,,,,,,,13,4,2204,444,174,44,7,both,1,21,21,1,"[[31, 32]]",1,,,,,130,,,,,,,,,,,,,,,,,,,,,,,,,,,,,,,,,,,,,,,,
54.44394287496107,unswapping,,,,,,,,,,,,,,,,,,,,,,,,,,,,,,,,,,,,,,,,,,,,,,,13,4,2204,444,174,44,7,left,0,22,22,0,[],1,,,,,130,,,,,,,,,,,,,,,,,,,,,,,,,,,,,,,,,,,,,,,,
54.463389207958244,unswapping,,,,,,,,,,,,,,,,,,,,,,,,,,,,,,,,,,,,,,,,,,,,,,,13,4,2204,444,174,44,7,left,1,21,21,0,[],1,,,,,130,,,,,,,,,,,,,,,,,,,,,,,,,,,,,,,,,,,,,,,,
54.48275658296188,unswapping,,,,,,,,,,,,,,,,,,,,,,,,,,,,,,,,,,,,,,,,,,,,,,,13,4,2204,444,174,44,7,right,0,22,22,0,[],1,,,,,130,,,,,,,,,,,,,,,,,,,,,,,,,,,,,,,,,,,,,,,,
54.502531124977395,unswapping,,,,,,,,,,,,,,,,,,,,,,,,,,,,,,,,,,,,,,,,,,,,,,,13,4,2204,444,174,44,7,right,1,21,21,0,[],1,,,,,130,,,,,,,,,,,,,,,,,,,,,,,,,,,,,,,,,,,,,,,,
55.04306900000665,unswap_cycle_summary,,,,,,8,10,18,,,,,,,,,,,,,,,,,,,512,0.0006,,,,,,,,,,,,,,,,,,,13,4,2204,444,174,44,,,,,,,,,,,,,,,,,,,,,4,10.544555959000718,18,902,884,0,False,False,False,,0,"[8, 10]","[0, 5, 3, 1, 6, 2, 7, 9, 11, 4, 12, 10, 13, 14, 15, 8, 18, 17, 16, 21, 23, 19, 20, 24, 26, 28, 30, 31, 22, 34, 42, 33, 32, 25, 27, 35, 36, 37, 38, 29, 41, 43, 40, 39]","[5, 0, 1, 6, 2, 3, 4, 8, 7, 10, 11, 12, 13, 14, 9, 15, 16, 18, 17, 19, 21, 20, 22, 26, 23, 24, 25, 29, 27, 28, 32, 33, 31, 30, 35, 36, 34, 40, 42, 38, 37, 39, 41, 43]","{'index': 6, 'interactions': [('unitary', (26, 27))]}","{'index': 4, 'interactions': [('unitary', (33, 34))]}","[0, 1, 0, 0, 0, 2, 2, 0, 0, 0, 1, 2, 2, 0, 0, 0, 0, 0, 2, 2, 2, 3, 2, 2, 4, 3, 2, 2, 4, 2, 1, 2, 1, 1, 2, 1, 1, 1, 1, 2, 2, 0, 0]",2d543020daffb5c423cab916f864df1d7f3ab66aa72cfb1c1d44a554557c31f6,,,,,,,,,,,,,,,
55.78660391597077,rewiring,,,,,,,,,,,,,,,,,,,,,,,,,,,,,,,,,,,,,,,,,,,,,,,,,,,,,,,,,,,,,,,,,,,,,,,,,4,,,,,,,,,,,,,,,,,,left,post_unswap,0.730715790996328,50,631,False,False,False,0,1,none,0.0,2024,0.7307107080123387,1.387765749997925
56.443366374995094,rewiring,,,,,,,,,,,,,,,,,,,,,,,,,,,,,,,,,,,,,,,,,,,,,,,,,,,,,,,,,,,,,,,,,,,,,,,,,4,,,,,,,,,,,,,,,,,,right,post_unswap,0.6565251660067588,50,523,False,False,False,0,1,none,0.0,2024,0.6565190839464776,1.387765749997925
56.47197774995584,cycle_progress,,,,,,8,10,18,,,,,,,,,,,,,,,,,,,512,0.0006,,3360,0,,,,,,,,,,,,,,,,13,4,2204,444,174,44,,,,,,,,,,,,,,,,,,,,,4,,18,902,884,0,False,,,,,,,,,,,,,,,,,,,,,,,,,,1.387765749997925
56.554549957974814,absorbing,L,1,0,641,617,8,10,18,10,0,0,0.027171875000931323,0.028006665990687907,0.05517854099161923,0.06665370898554102,2204,3848,13,16,False,False,False,False,2204,13,False,512,0.0006,,2204,1,total_elems,2204,3848,1,1,,,,0.0,,,,,,,13,4,2204,444,174,44,,,,,,,,,,,,,,,,,,,,,,,,,,,,,,,,,,,,,,,,,,,,,,,,,,,,,
56.625082540966105,absorbing,R,1,1,641,617,8,10,18,10,0,0,0.027234125009272248,0.023232708976138383,0.05046683398541063,0.051084250037092716,4048,3848,16,16,False,False,False,False,3848,16,False,512,0.0006,,2204,1,total_elems,4048,3848,1,1,,,,0.0,,,,,,,16,4,3848,544,174,44,,,,,,,,,,,,,,,,,,,,,,,,,,,,,,,,,,,,,,,,,,,,,,,,,,,,,
56.6964619999635,absorbing,L,2,1,641,617,8,10,18,11,0,0,0.026348792016506195,0.02978020900627598,0.05612900102278218,0.05686987499939278,3856,10296,16,32,False,False,False,False,3856,16,False,512,0.0006,,2204,1,total_elems,3856,10296,1,1,,,,0.0,,,,,,,16,4,3856,570,174,44,,,,,,,,,,,,,,,,,,,,,,,,,,,,,,,,,,,,,,,,,,,,,,,,,,,,,
56.76236749999225,absorbing,L,3,1,641,617,8,10,18,10,0,0,0.02545170800294727,0.02455899998312816,0.05001070798607543,0.05059616704238579,7376,10076,16,32,False,False,False,False,7376,16,False,512,0.0006,,2204,1,total_elems,7376,10076,1,1,,,,0.0,,,,,,,16,4,7376,708,174,44,,,,,,,,,,,,,,,,,,,,,,,,,,,,,,,,,,,,,,,,,,,,,,,,,,,,,
56.836211665999144,absorbing,R,3,2,641,617,8,10,18,13,0,0,0.031630415993276983,0.02644054201664403,0.058070958009921014,0.05863816698547453,19552,13648,51,32,False,False,False,False,13648,32,False,512,0.0006,,2204,1,total_elems,19552,13648,1,1,,,,0.0,,,,,,,32,4,13648,900,174,44,,,,,,,,,,,,,,,,,,,,,,,,,,,,,,,,,,,,,,,,,,,,,,,,,,,,,
56.92226095800288,absorbing,R,3,3,641,617,8,10,18,12,0,0,0.03734924999298528,0.0330700830090791,0.07041933300206438,0.0709731670212932,30720,26920,51,48,False,False,False,False,26920,48,False,512,0.0006,,2204,1,total_elems,30720,26920,1,1,,,,0.0,,,,,,,48,4,26920,1112,174,44,,,,,,,,,,,,,,,,,,,,,,,,,,,,,,,,,,,,,,,,,,,,,,,,,,,,,
57.04173549998086,absorbing,R,3,4,641,617,8,11,19,10,1,1,0.04898191604297608,0.05475445801857859,0.10373637406155467,0.10435583296930417,44984,41184,64,64,False,False,False,False,41184,64,False,512,0.0006,,2204,1,total_elems,44984,41184,1,1,,,,0.0,,,,,,,64,4,41184,1360,174,44,,,,,,,,,,,,,,,,,,,,,,,,,,,,,,,,,,,,,,,,,,,,,,,,,,,,,
57.20501991600031,absorbing,L,4,4,641,617,8,11,19,8,0,1,0.06964641698868945,0.07801379199372604,0.1476602089824155,0.1482451250194572,69936,95008,64,64,False,False,False,False,69936,64,False,512,0.0006,,2204,1,total_elems,69936,95008,1,1,,,,0.0,,,,,,,64,4,69936,1626,174,44,,,,,,,,,,,,,,,,,,,,,,,,,,,,,,,,,,,,,,,,,,,,,,,,,,,,,
57.40214704099344,absorbing,L,5,4,641,617,8,11,19,8,0,1,0.07931704202201217,0.10076008300529793,0.1800771250273101,0.18235466704936698,82400,133216,64,128,False,False,False,False,82400,64,False,512,0.0006,,2204,1,total_elems,82400,133216,1,1,,,,0.0,,,,,,,64,4,82400,1802,174,44,,,,,,,,,,,,,,,,,,,,,,,,,,,,,,,,,,,,,,,,,,,,,,,,,,,,,
57.69119533296907,absorbing,L,6,4,641,617,8,11,19,9,0,1,0.09865262499079108,0.1735700000426732,0.2722226250334643,0.27301216701744124,114656,161184,64,128,False,False,False,False,114656,64,False,512,0.0006,,2204,1,total_elems,114656,161184,1,1,,,,0.0,,,,,,,64,4,114656,2070,174,44,,,,,,,,,,,,,,,,,,,,,,,,,,,,,,,,,,,,,,,,,,,,,,,,,,,,,
58.06870266597252,absorbing,L,7,4,641,617,8,11,19,8,0,1,0.18375645799096674,0.16055583296110854,0.3443122909520753,0.3461959579726681,228512,247968,256,256,False,False,False,False,228512,256,False,512,0.0006,,2204,1,total_elems,228512,247968,1,1,,,,0.0,,,,,,,256,4,228512,2660,174,44,,,,,,,,,,,,,,,,,,,,,,,,,,,,,,,,,,,,,,,,,,,,,,,,,,,,,
58.55953716597287,absorbing,L,8,4,641,617,9,11,20,8,1,2,0.17342775000724941,0.2983041249681264,0.47173187497537583,0.4752242080285214,271200,513120,256,256,False,False,False,True,271200,256,False,512,0.0006,,2204,1,total_elems,271200,513120,1,1,,,,0.0,,,,,,,256,4,271200,2978,174,44,,,,,,,,,,,,,,,,,,,,,,,,,,,,,,,,,,,,,,,,,,,,,,,,,,,,,
59.15508408297319,absorbing,L,9,4,641,617,11,11,22,7,2,4,0.25198379100766033,0.32372037501772866,0.575704166025389,0.5805676250020042,376352,534048,256,256,False,False,False,True,376352,256,False,512,0.0006,,2204,1,total_elems,376352,534048,1,1,,,,0.0,,,,,,,256,4,376352,3648,174,44,,,,,,,,,,,,,,,,,,,,,,,,,,,,,,,,,,,,,,,,,,,,,,,,,,,,,
62.80143966595642,unswapping,,,,,,,,,,,,,,,,,,,,,,,,,,,,,,,,,,,,,,,,,,,,,,,256,4,390560,3554,174,44,0,both,0,22,22,7,"[[10, 11], [18, 19], [24, 25], [26, 27], [28, 29], [36, 37], [38, 39]]",7,,,,,0,,,,,,,,,,,,,,,,,,,,,,,,,,,,,,,,,,,,,,,,
64.50281179096783,unswapping,,,,,,,,,,,,,,,,,,,,,,,,,,,,,,,,,,,,,,,,,,,,,,,184,4,215136,2700,174,44,0,both,1,21,21,10,"[[3, 4], [7, 8], [9, 10], [11, 12], [25, 26], [27, 28], [29, 30], [37, 38], [39, 40], [41, 42]]",17,,,,,0,,,,,,,,,,,,,,,,,,,,,,,,,,,,,,,,,,,,,,,,
64.95234112499747,unswapping,,,,,,,,,,,,,,,,,,,,,,,,,,,,,,,,,,,,,,,,,,,,,,,64,4,88244,1882,174,44,0,left,0,22,22,11,"[[2, 3], [4, 5], [6, 7], [16, 17], [20, 21], [24, 25], [30, 31], [32, 33], [36, 37], [40, 41], [42, 43]]",28,,,,,22,,,,,,,,,,,,,,,,,,,,,,,,,,,,,,,,,,,,,,,,
65.14118891599355,unswapping,,,,,,,,,,,,,,,,,,,,,,,,,,,,,,,,,,,,,,,,,,,,,,,46,4,42724,1366,174,44,0,left,1,21,21,11,"[[1, 2], [3, 4], [5, 6], [7, 8], [21, 22], [23, 24], [27, 28], [29, 30], [31, 32], [33, 34], [35, 36]]",39,,,,,44,,,,,,,,,,,,,,,,,,,,,,,,,,,,,,,,,,,,,,,,
65.25858470797539,unswapping,,,,,,,,,,,,,,,,,,,,,,,,,,,,,,,,,,,,,,,,,,,,,,,32,4,35748,1258,174,44,0,right,0,22,22,4,"[[2, 3], [8, 9], [26, 27], [30, 31]]",43,,,,,44,,,,,,,,,,,,,,,,,,,,,,,,,,,,,,,,,,,,,,,,
65.35659112496069,unswapping,,,,,,,,,,,,,,,,,,,,,,,,,,,,,,,,,,,,,,,,,,,,,,,32,4,33444,1198,174,44,0,right,1,21,21,4,"[[1, 2], [11, 12], [15, 16], [17, 18]]",47,,,,,48,,,,,,,,,,,,,,,,,,,,,,,,,,,,,,,,,,,,,,,,
65.5830787079758,unswapping,,,,,,,,,,,,,,,,,,,,,,,,,,,,,,,,,,,,,,,,,,,,,,,32,4,22884,998,174,44,1,both,0,22,22,9,"[[6, 7], [12, 13], [14, 15], [20, 21], [22, 23], [30, 31], [32, 33], [34, 35], [40, 41]]",9,,,,,64,,,,,,,,,,,,,,,,,,,,,,,,,,,,,,,,,,,,,,,,
65.72720033297082,unswapping,,,,,,,,,,,,,,,,,,,,,,,,,,,,,,,,,,,,,,,,,,,,,,,32,4,16980,886,174,44,1,both,1,21,21,4,"[[5, 6], [13, 14], [31, 32], [33, 34]]",13,,,,,74,,,,,,,,,,,,,,,,,,,,,,,,,,,,,,,,,,,,,,,,
65.79890404100297,unswapping,,,,,,,,,,,,,,,,,,,,,,,,,,,,,,,,,,,,,,,,,,,,,,,32,4,15444,822,174,44,1,left,0,22,22,5,"[[0, 1], [2, 3], [4, 5], [14, 15], [32, 33]]",18,,,,,84,,,,,,,,,,,,,,,,,,,,,,,,,,,,,,,,,,,,,,,,
65.86480570799904,unswapping,,,,,,,,,,,,,,,,,,,,,,,,,,,,,,,,,,,,,,,,,,,,,,,32,4,13784,776,174,44,1,left,1,21,21,3,"[[3, 4], [19, 20], [23, 24]]",21,,,,,88,,,,,,,,,,,,,,,,,,,,,,,,,,,,,,,,,,,,,,,,
65.92502049996983,unswapping,,,,,,,,,,,,,,,,,,,,,,,,,,,,,,,,,,,,,,,,,,,,,,,32,4,13340,746,174,44,1,right,0,22,22,2,"[[4, 5], [18, 19]]",23,,,,,90,,,,,,,,,,,,,,,,,,,,,,,,,,,,,,,,,,,,,,,,
65.98657949996414,unswapping,,,,,,,,,,,,,,,,,,,,,,,,,,,,,,,,,,,,,,,,,,,,,,,32,4,12408,732,174,44,1,right,1,21,21,2,"[[29, 30], [41, 42]]",25,,,,,92,,,,,,,,,,,,,,,,,,,,,,,,,,,,,,,,,,,,,,,,
66.09711595799308,unswapping,,,,,,,,,,,,,,,,,,,,,,,,,,,,,,,,,,,,,,,,,,,,,,,32,4,12204,722,174,44,2,both,0,22,22,2,"[[0, 1], [34, 35]]",2,,,,,92,,,,,,,,,,,,,,,,,,,,,,,,,,,,,,,,,,,,,,,,
66.21128074999433,unswapping,,,,,,,,,,,,,,,,,,,,,,,,,,,,,,,,,,,,,,,,,,,,,,,32,4,11600,700,174,44,2,both,1,21,21,3,"[[15, 16], [31, 32], [33, 34]]",5,,,,,94,,,,,,,,,,,,,,,,,,,,,,,,,,,,,,,,,,,,,,,,
66.27295758295804,unswapping,,,,,,,,,,,,,,,,,,,,,,,,,,,,,,,,,,,,,,,,,,,,,,,32,4,9360,664,174,44,2,left,0,22,22,2,"[[24, 25], [30, 31]]",7,,,,,94,,,,,,,,,,,,,,,,,,,,,,,,,,,,,,,,,,,,,,,,
66.317089958,unswapping,,,,,,,,,,,,,,,,,,,,,,,,,,,,,,,,,,,,,,,,,,,,,,,16,4,7056,616,174,44,2,left,1,21,21,1,"[[25, 26]]",8,,,,,96,,,,,,,,,,,,,,,,,,,,,,,,,,,,,,,,,,,,,,,,
66.3411264999886,unswapping,,,,,,,,,,,,,,,,,,,,,,,,,,,,,,,,,,,,,,,,,,,,,,,16,4,7056,616,174,44,2,right,0,22,22,0,[],8,,,,,96,,,,,,,,,,,,,,,,,,,,,,,,,,,,,,,,,,,,,,,,
66.36525350000011,unswapping,,,,,,,,,,,,,,,,,,,,,,,,,,,,,,,,,,,,,,,,,,,,,,,16,4,7056,616,174,44,2,right,1,21,21,0,[],8,,,,,96,,,,,,,,,,,,,,,,,,,,,,,,,,,,,,,,,,,,,,,,
66.46000999998068,unswapping,,,,,,,,,,,,,,,,,,,,,,,,,,,,,,,,,,,,,,,,,,,,,,,16,4,6996,610,174,44,3,both,0,22,22,1,"[[16, 17]]",1,,,,,98,,,,,,,,,,,,,,,,,,,,,,,,,,,,,,,,,,,,,,,,
66.55547512497287,unswapping,,,,,,,,,,,,,,,,,,,,,,,,,,,,,,,,,,,,,,,,,,,,,,,16,4,6488,596,174,44,3,both,1,21,21,2,"[[17, 18], [29, 30]]",3,,,,,100,,,,,,,,,,,,,,,,,,,,,,,,,,,,,,,,,,,,,,,,
66.60269024997251,unswapping,,,,,,,,,,,,,,,,,,,,,,,,,,,,,,,,,,,,,,,,,,,,,,,16,4,5336,572,174,44,3,left,0,22,22,1,"[[26, 27]]",4,,,,,102,,,,,,,,,,,,,,,,,,,,,,,,,,,,,,,,,,,,,,,,
66.65145299996948,unswapping,,,,,,,,,,,,,,,,,,,,,,,,,,,,,,,,,,,,,,,,,,,,,,,16,4,5016,564,174,44,3,left,1,21,21,1,"[[27, 28]]",5,,,,,102,,,,,,,,,,,,,,,,,,,,,,,,,,,,,,,,,,,,,,,,
66.6902652499848,unswapping,,,,,,,,,,,,,,,,,,,,,,,,,,,,,,,,,,,,,,,,,,,,,,,16,4,4696,556,174,44,3,right,0,22,22,1,"[[30, 31]]",6,,,,,100,,,,,,,,,,,,,,,,,,,,,,,,,,,,,,,,,,,,,,,,
66.71073454100406,unswapping,,,,,,,,,,,,,,,,,,,,,,,,,,,,,,,,,,,,,,,,,,,,,,,16,4,4696,556,174,44,3,right,1,21,21,0,[],6,,,,,100,,,,,,,,,,,,,,,,,,,,,,,,,,,,,,,,,,,,,,,,
66.79760233295383,unswapping,,,,,,,,,,,,,,,,,,,,,,,,,,,,,,,,,,,,,,,,,,,,,,,14,4,4504,552,174,44,4,both,0,22,22,1,"[[28, 29]]",1,,,,,104,,,,,,,,,,,,,,,,,,,,,,,,,,,,,,,,,,,,,,,,
66.87030454096384,unswapping,,,,,,,,,,,,,,,,,,,,,,,,,,,,,,,,,,,,,,,,,,,,,,,14,4,4072,540,174,44,4,both,1,21,21,1,"[[27, 28]]",2,,,,,108,,,,,,,,,,,,,,,,,,,,,,,,,,,,,,,,,,,,,,,,
66.90535595797701,unswapping,,,,,,,,,,,,,,,,,,,,,,,,,,,,,,,,,,,,,,,,,,,,,,,12,4,3864,534,174,44,4,left,0,22,22,1,"[[28, 29]]",3,,,,,108,,,,,,,,,,,,,,,,,,,,,,,,,,,,,,,,,,,,,,,,
66.92484429100296,unswapping,,,,,,,,,,,,,,,,,,,,,,,,,,,,,,,,,,,,,,,,,,,,,,,12,4,3864,534,174,44,4,left,1,21,21,0,[],3,,,,,108,,,,,,,,,,,,,,,,,,,,,,,,,,,,,,,,,,,,,,,,
66.94531370798359,unswapping,,,,,,,,,,,,,,,,,,,,,,,,,,,,,,,,,,,,,,,,,,,,,,,12,4,3864,534,174,44,4,right,0,22,22,0,[],3,,,,,108,,,,,,,,,,,,,,,,,,,,,,,,,,,,,,,,,,,,,,,,
66.96442762500374,unswapping,,,,,,,,,,,,,,,,,,,,,,,,,,,,,,,,,,,,,,,,,,,,,,,12,4,3864,534,174,44,4,right,1,21,21,0,[],3,,,,,108,,,,,,,,,,,,,,,,,,,,,,,,,,,,,,,,,,,,,,,,
67.00748362496961,unswapping,,,,,,,,,,,,,,,,,,,,,,,,,,,,,,,,,,,,,,,,,,,,,,,12,4,3864,534,174,44,5,both,0,22,22,0,[],0,,,,,108,,,,,,,,,,,,,,,,,,,,,,,,,,,,,,,,,,,,,,,,
67.04963070800295,unswapping,,,,,,,,,,,,,,,,,,,,,,,,,,,,,,,,,,,,,,,,,,,,,,,12,4,3864,534,174,44,5,both,1,21,21,0,[],0,,,,,108,,,,,,,,,,,,,,,,,,,,,,,,,,,,,,,,,,,,,,,,
67.07114837499103,unswapping,,,,,,,,,,,,,,,,,,,,,,,,,,,,,,,,,,,,,,,,,,,,,,,12,4,3864,534,174,44,5,left,0,22,22,0,[],0,,,,,108,,,,,,,,,,,,,,,,,,,,,,,,,,,,,,,,,,,,,,,,
67.08987204096047,unswapping,,,,,,,,,,,,,,,,,,,,,,,,,,,,,,,,,,,,,,,,,,,,,,,12,4,3864,534,174,44,5,left,1,21,21,0,[],0,,,,,108,,,,,,,,,,,,,,,,,,,,,,,,,,,,,,,,,,,,,,,,
67.10995120799635,unswapping,,,,,,,,,,,,,,,,,,,,,,,,,,,,,,,,,,,,,,,,,,,,,,,12,4,3864,534,174,44,5,right,0,22,22,0,[],0,,,,,108,,,,,,,,,,,,,,,,,,,,,,,,,,,,,,,,,,,,,,,,
67.12882833299227,unswapping,,,,,,,,,,,,,,,,,,,,,,,,,,,,,,,,,,,,,,,,,,,,,,,12,4,3864,534,174,44,5,right,1,21,21,0,[],0,,,,,108,,,,,,,,,,,,,,,,,,,,,,,,,,,,,,,,,,,,,,,,
67.60747704096138,unswap_cycle_summary,,,,,,11,11,22,,,,,,,,,,,,,,,,,,,512,0.0006,,,,,,,,,,,,,,,,,,,12,4,3864,534,174,44,,,,,,,,,,,,,,,,,,,,,5,6.587097708019428,22,902,880,4,False,False,False,,0,"[11, 11]","[0, 4, 5, 7, 1, 2, 8, 3, 6, 11, 9, 12, 13, 15, 14, 17, 16, 19, 10, 22, 18, 21, 27, 23, 25, 24, 26, 39, 20, 29, 31, 33, 34, 32, 30, 28, 35, 37, 36, 40, 38, 42, 43, 41]","[4, 0, 1, 2, 8, 3, 5, 6, 11, 7, 9, 10, 13, 16, 12, 15, 19, 18, 14, 17, 21, 20, 23, 22, 25, 27, 29, 30, 24, 26, 31, 28, 33, 34, 35, 32, 37, 39, 36, 40, 42, 41, 38, 43]","{'index': 9, 'interactions': [('unitary', (29, 30)), ('unitary', (31, 32))]}","{'index': 5, 'interactions': [('unitary', (16, 17)), ('unitary', (25, 26))]}","[0, 1, 0, 0, 0, 2, 2, 2, 2, 2, 2, 2, 2, 2, 0, 0, 0, 0, 2, 2, 2, 2, 2, 3, 3, 3, 2, 3, 4, 4, 3, 3, 2, 2, 2, 2, 2, 2, 2, 2, 2, 2, 0]",4d0a92ecc95f6d6e07d48c6ef316c187578f29632bb24ca63d7a0b95afad29ac,,,,,,,,,,,,,,,
68.35690229100874,rewiring,,,,,,,,,,,,,,,,,,,,,,,,,,,,,,,,,,,,,,,,,,,,,,,,,,,,,,,,,,,,,,,,,,,,,,,,,5,,,,,,,,,,,,,,,,,,left,post_unswap,0.7347627499839291,50,634,False,False,False,4,1,none,0.0,2024,0.734751999960281,1.36613712500548
68.98776758299209,rewiring,,,,,,,,,,,,,,,,,,,,,,,,,,,,,,,,,,,,,,,,,,,,,,,,,,,,,,,,,,,,,,,,,,,,,,,,,5,,,,,,,,,,,,,,,,,,right,post_unswap,0.6306162499822676,50,615,False,False,False,4,1,none,0.0,2024,0.6306099169887602,1.36613712500548
69.01900208299048,cycle_progress,,,,,,11,11,22,,,,,,,,,,,,,,,,,,,512,0.0006,,2204,1,,,,,,,,,,,,,,,,12,4,3864,534,174,44,,,,,,,,,,,,,,,,,,,,,5,,22,902,880,4,False,,,,,,,,,,,,,,,,,,,,,,,,,,1.36613712500548
69.10072620800929,absorbing,L,1,0,579,570,11,11,22,8,0,0,0.024964124953839928,0.030041082995012403,0.05500520794885233,0.06493212498025969,3864,5988,12,16,False,False,False,False,3864,12,False,512,0.0006,,3864,0,total_elems,3864,5988,1,1,,,,0.0,,,,,,,12,4,3864,534,174,44,,,,,,,,,,,,,,,,,,,,,,,,,,,,,,,,,,,,,,,,,,,,,,,,,,,,,
69.17873120796867,absorbing,R,1,1,579,570,11,12,23,10,1,1,0.026229041977785528,0.03289220796432346,0.05912124994210899,0.05984541599173099,6072,5988,16,16,False,False,False,False,5988,16,False,512,0.0006,,3864,0,total_elems,6072,5988,1,1,,,,0.0,,,,,,,16,4,5988,656,174,44,,,,,,,,,,,,,,,,,,,,,,,,,,,,,,,,,,,,,,,,,,,,,,,,,,,,,
69.25161737500457,absorbing,L,2,1,579,570,11,12,23,9,0,1,0.027020208013709635,0.02606854197802022,0.053088749991729856,0.053758249967359006,8344,11108,16,16,False,False,False,False,8344,16,False,512,0.0006,,3864,0,total_elems,8344,11108,1,1,,,,0.0,,,,,,,16,4,8344,734,174,44,,,,,,,,,,,,,,,,,,,,,,,,,,,,,,,,,,,,,,,,,,,,,,,,,,,,,
69.35582029097714,absorbing,R,2,2,579,570,11,12,23,12,0,1,0.050090417033061385,0.03553720796480775,0.08562762499786913,0.08622187504079193,17024,14304,32,16,False,False,False,False,14304,16,False,512,0.0006,,3864,0,total_elems,17024,14304,1,1,,,,0.0,,,,,,,16,4,14304,900,174,44,,,,,,,,,,,,,,,,,,,,,,,,,,,,,,,,,,,,,,,,,,,,,,,,,,,,,
69.47631449997425,absorbing,L,3,2,579,570,13,12,25,6,2,3,0.06149929203093052,0.039433208003174514,0.10093250003410503,0.1015303329913877,28576,29536,64,64,False,False,False,False,28576,64,False,512,0.0006,,3864,0,total_elems,28576,29536,1,1,,,,0.0,,,,,,,64,4,28576,1176,174,44,,,,,,,,,,,,,,,,,,,,,,,,,,,,,,,,,,,,,,,,,,,,,,,,,,,,,
