window,beam,mean_structural_score,total_transition_cost,mean_consecutive_agreement,null_mean_structural_score,null_std_structural_score,null_z,null_mean_consecutive_agreement
64,8,0.6339107794612552,677.0,0.07005494505494504,0.6338919883761388,8.885710825261176e-05,0.21147531678563344,0.01717032967032967
64,16,0.6336586941967913,676.0,0.07142857142857142,0.6337856810788324,0.00017785432312801948,-0.7139937888922824,0.017857142857142853
64,32,0.633539999465593,674.0,0.07417582417582416,0.6336544574999632,0.00024724660475696343,-0.4629306618089515,0.01923076923076923
128,8,0.6191830684300771,322.0,0.041666666666666664,0.6190843160956921,0.00018285379214608226,0.5400617248673217,0.02194940476190476
128,16,0.6191830684300771,322.0,0.041666666666666664,0.6188337774361081,0.0004803302334485752,0.7271892744731013,0.023809523809523805
128,32,0.6179443451855742,319.0,0.05059523809523809,0.6185927590319636,0.0007008242097973559,-0.9252161060146059,0.02566964285714285
256,8,0.6137192495339362,111.0,0.008928571428571428,0.613614827585311,0.00029534987191017143,0.35355339059332075,0.016741071428571428
256,16,0.6137192495339362,111.0,0.008928571428571428,0.613614827585311,0.00029534987191017143,0.35355339059332075,0.016741071428571428
256,32,0.6137192495339362,111.0,0.008928571428571428,0.613614827585311,0.00029534987191017143,0.35355339059332075,0.016741071428571428
