time,stage,absorb_side,it_left,it_right,layers_left,layers_right,u_consumed_total_left,u_consumed_total_right,u_consumed_total,swap_consumed,u_consumed,u_consumed_after_unswap,probe_left_time_s,probe_right_time_s,probe_total_time_s,probe_wall_time_s,probe_left_total_elems,probe_right_total_elems,probe_left_max_bond,probe_right_max_bond,probe_left_hit_max_bond,probe_right_hit_max_bond,probe_left_over_unswap_threshold,probe_right_over_unswap_threshold,selected_total_elems,selected_max_bond,selected_hit_max_bond,compression_max_bond_limit,compression_cutoff,unswap_trigger_max_bond,cycle_start_total_elems,no_progress_unswap_cycles,absorb_score_mode,probe_left_score,probe_right_score,absorb_lookahead_depth,absorb_lookahead_depth_used,absorb_lookahead_candidates,absorb_lookahead_choice,absorb_lookahead_score,absorb_lookahead_time_s,max_bond,max_links,total_elems,total_shapes,total_links,num_tensors,iteration,side,parity,candidate_pairs,candidate_pairs_total,new_swaps,total_swaps,pair_lookahead_probes,pair_lookahead_candidates,pair_lookahead_current_score,pair_lookahead_best_score,alignment_score,route_proxy_weight,route_proxy_lookahead,route_proxy_rejected_swaps,route_proxy_added_swaps,alignment_weight,alignment_protect_gain,alignment_tie_loss,unswap_cycle,unswap_cycle_time_s,gates_consumed,total_work_gates,remaining_work_gates,cycle_gates_consumed,hit_max_bond,rewire_side,rewire_phase,rewire_time_s,sabre_trials,remaining_layers_before_rewire,parallel_rewire,adaptive_parallel_rewire,adaptive_parallel_rewire_probed,cycle_work_consumed_before_rewire,route_candidates,route_score,route_score_time_s,route_chosen_seed,route_rewire_time_s,rewire_wall_time_s
3.3736662919982336,absorbing,L,1,0,1655,1866,2,0,2,12,2,2,0.040219000016804785,0.02817408402916044,0.06839308404596522,0.06892024999251589,264,448,2,4,False,False,False,False,264,2,False,512,0.0006,,248,0,total_elems,264,448,1,1,,,,0.0,2,4,264,374,246,62,,,,,,,,,,,,,,,,,,,,,,,,,,,,,,,,,,,,,,,,,
3.4360464170458727,absorbing,R,1,1,1655,1866,2,1,3,8,1,3,0.029442583036143333,0.028881249949336052,0.058323832985479385,0.05895387497730553,572,464,4,4,False,False,False,False,464,4,False,512,0.0006,,248,0,total_elems,572,464,1,1,,,,0.0,4,4,464,424,246,62,,,,,,,,,,,,,,,,,,,,,,,,,,,,,,,,,,,,,,,,,
3.4986948340083472,absorbing,L,2,1,1655,1866,3,1,4,16,1,4,0.030400749994441867,0.028102917014621198,0.058503667009063065,0.05912091600475833,656,956,4,4,False,False,False,False,656,4,False,512,0.0006,,248,0,total_elems,656,956,1,1,,,,0.0,4,4,656,460,246,62,,,,,,,,,,,,,,,,,,,,,,,,,,,,,,,,,,,,,,,,,
3.563602250011172,absorbing,R,2,2,1655,1866,3,1,4,8,0,4,0.03211412497330457,0.028458875021897256,0.060572999995201826,0.061206458020024,1660,1112,4,4,False,False,False,False,1112,4,False,512,0.0006,,248,0,total_elems,1660,1112,1,1,,,,0.0,4,4,1112,502,246,62,,,,,,,,,,,,,,,,,,,,,,,,,,,,,,,,,,,,,,,,,
3.6292030420154333,absorbing,R,2,3,1655,1866,3,2,5,6,1,5,0.03256608301308006,0.02894300001207739,0.06150908302515745,0.062131915998179466,2524,1936,16,16,False,False,False,False,1936,16,False,512,0.0006,,248,0,total_elems,2524,1936,1,1,,,,0.0,16,4,1936,558,246,62,,,,,,,,,,,,,,,,,,,,,,,,,,,,,,,,,,,,,,,,,
3.694258042029105,absorbing,R,2,4,1655,1866,3,2,5,8,0,5,0.03154120803810656,0.029409209033474326,0.06095041707158089,0.06157725001685321,4752,4432,16,16,False,False,False,False,4432,16,False,512,0.0006,,248,0,total_elems,4752,4432,1,1,,,,0.0,16,4,4432,672,246,62,,,,,,,,,,,,,,,,,,,,,,,,,,,,,,,,,,,,,,,,,
3.7611287090112455,absorbing,L,3,4,1655,1866,5,2,7,17,2,7,0.03284041699953377,0.029742375016212463,0.06258279201574624,0.06321954197483137,8052,9780,16,16,False,False,False,False,8052,16,False,512,0.0006,,248,0,total_elems,8052,9780,1,1,,,,0.0,16,4,8052,776,246,62,,,,,,,,,,,,,,,,,,,,,,,,,,,,,,,,,,,,,,,,,
3.8482998750405386,absorbing,R,3,5,1655,1866,5,2,7,10,0,7,0.048898625012952834,0.03411349997622892,0.08301212498918176,0.08366162504535168,37608,23036,64,64,False,False,False,False,23036,64,False,512,0.0006,,248,0,total_elems,37608,23036,1,1,,,,0.0,64,4,23036,1078,246,62,,,,,,,,,,,,,,,,,,,,,,,,,,,,,,,,,,,,,,,,,
4.0016341670416296,absorbing,R,3,6,1655,1866,5,2,7,10,0,7,0.08926416700705886,0.059409833047538996,0.14867400005459785,0.14938812499167398,109456,80444,128,64,False,False,False,False,80444,64,False,512,0.0006,,248,0,total_elems,109456,80444,1,1,,,,0.0,64,4,80444,1414,246,62,,,,,,,,,,,,,,,,,,,,,,,,,,,,,,,,,,,,,,,,,
4.401420375041198,absorbing,L,4,6,1655,1866,7,2,9,18,2,9,0.2428665830520913,0.15188345802016556,0.39475004107225686,0.39593037497252226,269840,294496,256,256,False,False,False,False,269840,256,False,512,0.0006,,248,0,total_elems,269840,294496,1,1,,,,0.0,256,4,269840,2098,246,62,,,,,,,,,,,,,,,,,,,,,,,,,,,,,,,,,,,,,,,,,
5.031938166997861,absorbing,L,5,6,1655,1866,7,2,9,19,0,9,0.2564090830273926,0.36931266699684784,0.6257217500242405,0.6264436249621212,361996,691640,256,256,False,False,False,True,361996,256,False,512,0.0006,,248,0,total_elems,361996,691640,1,1,,,,0.0,256,4,361996,2488,246,62,,,,,,,,,,,,,,,,,,,,,,,,,,,,,,,,,,,,,,,,,
5.895462000044063,absorbing,L,6,6,1655,1866,8,2,10,18,1,10,0.3953952079755254,0.4634594160015695,0.8588546239770949,0.8595989160239697,390116,702356,256,256,False,False,False,True,390116,256,False,512,0.0006,,248,0,total_elems,390116,702356,1,1,,,,0.0,256,4,390116,2904,246,62,,,,,,,,,,,,,,,,,,,,,,,,,,,,,,,,,,,,,,,,,
13.025031375000253,unswapping,,,,,,,,,,,,,,,,,,,,,,,,,,,,,,,,,,,,,,,,,256,4,241616,2792,246,62,0,both,0,31,31,6,6,,,,,0,,,,,,,,,,,,,,,,,,,,,,,,,,,,,
13.78517870901851,unswapping,,,,,,,,,,,,,,,,,,,,,,,,,,,,,,,,,,,,,,,,,64,4,86468,1846,246,62,0,both,1,30,30,14,20,,,,,0,,,,,,,,,,,,,,,,,,,,,,,,,,,,,
13.952927792037372,unswapping,,,,,,,,,,,,,,,,,,,,,,,,,,,,,,,,,,,,,,,,,64,4,46088,1440,246,62,0,left,0,31,31,9,29,,,,,18,,,,,,,,,,,,,,,,,,,,,,,,,,,,,
14.07050579204224,unswapping,,,,,,,,,,,,,,,,,,,,,,,,,,,,,,,,,,,,,,,,,64,4,22484,1092,246,62,0,left,1,30,30,16,45,,,,,50,,,,,,,,,,,,,,,,,,,,,,,,,,,,,
14.1545430420083,unswapping,,,,,,,,,,,,,,,,,,,,,,,,,,,,,,,,,,,,,,,,,28,4,11616,888,246,62,0,right,0,31,31,10,55,,,,,66,,,,,,,,,,,,,,,,,,,,,,,,,,,,,
14.22404845902929,unswapping,,,,,,,,,,,,,,,,,,,,,,,,,,,,,,,,,,,,,,,,,18,4,7464,794,246,62,0,right,1,30,30,7,62,,,,,78,,,,,,,,,,,,,,,,,,,,,,,,,,,,,
14.33442854200257,unswapping,,,,,,,,,,,,,,,,,,,,,,,,,,,,,,,,,,,,,,,,,16,4,4204,638,246,62,1,both,0,31,31,12,12,,,,,100,,,,,,,,,,,,,,,,,,,,,,,,,,,,,
14.433852125017438,unswapping,,,,,,,,,,,,,,,,,,,,,,,,,,,,,,,,,,,,,,,,,16,4,2032,566,246,62,1,both,1,30,30,6,18,,,,,110,,,,,,,,,,,,,,,,,,,,,,,,,,,,,
14.490133292041719,unswapping,,,,,,,,,,,,,,,,,,,,,,,,,,,,,,,,,,,,,,,,,4,4,1392,516,246,62,1,left,0,31,31,6,24,,,,,118,,,,,,,,,,,,,,,,,,,,,,,,,,,,,
14.546795334026683,unswapping,,,,,,,,,,,,,,,,,,,,,,,,,,,,,,,,,,,,,,,,,4,4,1140,484,246,62,1,left,1,30,30,6,30,,,,,130,,,,,,,,,,,,,,,,,,,,,,,,,,,,,
14.598944500030484,unswapping,,,,,,,,,,,,,,,,,,,,,,,,,,,,,,,,,,,,,,,,,4,4,1052,474,246,62,1,right,0,31,31,2,32,,,,,132,,,,,,,,,,,,,,,,,,,,,,,,,,,,,
14.653277584002353,unswapping,,,,,,,,,,,,,,,,,,,,,,,,,,,,,,,,,,,,,,,,,4,4,800,450,246,62,1,right,1,30,30,4,36,,,,,132,,,,,,,,,,,,,,,,,,,,,,,,,,,,,
14.74498133402085,unswapping,,,,,,,,,,,,,,,,,,,,,,,,,,,,,,,,,,,,,,,,,4,4,656,434,246,62,2,both,0,31,31,4,4,,,,,142,,,,,,,,,,,,,,,,,,,,,,,,,,,,,
14.83581708400743,unswapping,,,,,,,,,,,,,,,,,,,,,,,,,,,,,,,,,,,,,,,,,4,4,572,424,246,62,2,both,1,30,30,3,7,,,,,148,,,,,,,,,,,,,,,,,,,,,,,,,,,,,
14.886161542031914,unswapping,,,,,,,,,,,,,,,,,,,,,,,,,,,,,,,,,,,,,,,,,4,4,548,418,246,62,2,left,0,31,31,1,8,,,,,148,,,,,,,,,,,,,,,,,,,,,,,,,,,,,
14.936798542039469,unswapping,,,,,,,,,,,,,,,,,,,,,,,,,,,,,,,,,,,,,,,,,4,4,512,412,246,62,2,left,1,30,30,1,9,,,,,150,,,,,,,,,,,,,,,,,,,,,,,,,,,,,
14.987621125008445,unswapping,,,,,,,,,,,,,,,,,,,,,,,,,,,,,,,,,,,,,,,,,4,4,472,408,246,62,2,right,0,31,31,1,10,,,,,152,,,,,,,,,,,,,,,,,,,,,,,,,,,,,
15.009054875001311,unswapping,,,,,,,,,,,,,,,,,,,,,,,,,,,,,,,,,,,,,,,,,4,4,472,408,246,62,2,right,1,30,30,0,10,,,,,152,,,,,,,,,,,,,,,,,,,,,,,,,,,,,
15.098313499998767,unswapping,,,,,,,,,,,,,,,,,,,,,,,,,,,,,,,,,,,,,,,,,4,4,412,402,246,62,3,both,0,31,31,1,1,,,,,152,,,,,,,,,,,,,,,,,,,,,,,,,,,,,
15.139146375004202,unswapping,,,,,,,,,,,,,,,,,,,,,,,,,,,,,,,,,,,,,,,,,4,4,412,402,246,62,3,both,1,30,30,0,1,,,,,152,,,,,,,,,,,,,,,,,,,,,,,,,,,,,
15.160792542039417,unswapping,,,,,,,,,,,,,,,,,,,,,,,,,,,,,,,,,,,,,,,,,4,4,412,402,246,62,3,left,0,31,31,0,1,,,,,152,,,,,,,,,,,,,,,,,,,,,,,,,,,,,
15.210687792045064,unswapping,,,,,,,,,,,,,,,,,,,,,,,,,,,,,,,,,,,,,,,,,4,4,388,398,246,62,3,left,1,30,30,1,2,,,,,154,,,,,,,,,,,,,,,,,,,,,,,,,,,,,
15.232172709016595,unswapping,,,,,,,,,,,,,,,,,,,,,,,,,,,,,,,,,,,,,,,,,4,4,388,398,246,62,3,right,0,31,31,0,2,,,,,154,,,,,,,,,,,,,,,,,,,,,,,,,,,,,
15.254083375039045,unswapping,,,,,,,,,,,,,,,,,,,,,,,,,,,,,,,,,,,,,,,,,4,4,388,398,246,62,3,right,1,30,30,0,2,,,,,154,,,,,,,,,,,,,,,,,,,,,,,,,,,,,
15.332602917042095,unswapping,,,,,,,,,,,,,,,,,,,,,,,,,,,,,,,,,,,,,,,,,4,4,376,396,246,62,4,both,0,31,31,1,1,,,,,152,,,,,,,,,,,,,,,,,,,,,,,,,,,,,
15.373005209024996,unswapping,,,,,,,,,,,,,,,,,,,,,,,,,,,,,,,,,,,,,,,,,4,4,376,396,246,62,4,both,1,30,30,0,1,,,,,152,,,,,,,,,,,,,,,,,,,,,,,,,,,,,
15.394504834024701,unswapping,,,,,,,,,,,,,,,,,,,,,,,,,,,,,,,,,,,,,,,,,4,4,376,396,246,62,4,left,0,31,31,0,1,,,,,152,,,,,,,,,,,,,,,,,,,,,,,,,,,,,
15.416139334032778,unswapping,,,,,,,,,,,,,,,,,,,,,,,,,,,,,,,,,,,,,,,,,4,4,376,396,246,62,4,left,1,30,30,0,1,,,,,152,,,,,,,,,,,,,,,,,,,,,,,,,,,,,
15.43761204200564,unswapping,,,,,,,,,,,,,,,,,,,,,,,,,,,,,,,,,,,,,,,,,4,4,376,396,246,62,4,right,0,31,31,0,1,,,,,152,,,,,,,,,,,,,,,,,,,,,,,,,,,,,
15.458758417051286,unswapping,,,,,,,,,,,,,,,,,,,,,,,,,,,,,,,,,,,,,,,,,4,4,376,396,246,62,4,right,1,30,30,0,1,,,,,152,,,,,,,,,,,,,,,,,,,,,,,,,,,,,
15.49995420902269,unswapping,,,,,,,,,,,,,,,,,,,,,,,,,,,,,,,,,,,,,,,,,4,4,376,396,246,62,5,both,0,31,31,0,0,,,,,152,,,,,,,,,,,,,,,,,,,,,,,,,,,,,
15.54039941704832,unswapping,,,,,,,,,,,,,,,,,,,,,,,,,,,,,,,,,,,,,,,,,4,4,376,396,246,62,5,both,1,30,30,0,0,,,,,152,,,,,,,,,,,,,,,,,,,,,,,,,,,,,
15.561905959038995,unswapping,,,,,,,,,,,,,,,,,,,,,,,,,,,,,,,,,,,,,,,,,4,4,376,396,246,62,5,left,0,31,31,0,0,,,,,152,,,,,,,,,,,,,,,,,,,,,,,,,,,,,
15.583307000051718,unswapping,,,,,,,,,,,,,,,,,,,,,,,,,,,,,,,,,,,,,,,,,4,4,376,396,246,62,5,left,1,30,30,0,0,,,,,152,,,,,,,,,,,,,,,,,,,,,,,,,,,,,
15.604388917039614,unswapping,,,,,,,,,,,,,,,,,,,,,,,,,,,,,,,,,,,,,,,,,4,4,376,396,246,62,5,right,0,31,31,0,0,,,,,152,,,,,,,,,,,,,,,,,,,,,,,,,,,,,
15.625643209030386,unswapping,,,,,,,,,,,,,,,,,,,,,,,,,,,,,,,,,,,,,,,,,4,4,376,396,246,62,5,right,1,30,30,0,0,,,,,152,,,,,,,,,,,,,,,,,,,,,,,,,,,,,
15.702970584039576,unswap_cycle_summary,,,,,,8,2,10,,,,,,,,,,,,,,,,,,,512,0.0006,,,,,,,,,,,,,4,4,376,396,246,62,,,,,,,,,,,,,,,,,,,,1,8.842504583008122,10,2593,2583,10,False,,,,,,,,,,,,,,,
17.86216354201315,rewiring,,,,,,,,,,,,,,,,,,,,,,,,,,,,,,,,,,,,,,,,,,,,,,,,,,,,,,,,,,,,,,,,,,1,,,,,,,left,post_unswap,2.1557249589823186,50,1651,False,False,False,10,1,none,0.0,123,2.155716917011887,4.227897000033408
19.93393825000385,rewiring,,,,,,,,,,,,,,,,,,,,,,,,,,,,,,,,,,,,,,,,,,,,,,,,,,,,,,,,,,,,,,,,,,1,,,,,,,right,post_unswap,2.0713832500041462,50,1862,False,False,False,10,1,none,0.0,123,2.0713758339989,4.227897000033408
19.940919125045184,cycle_progress,,,,,,8,2,10,,,,,,,,,,,,,,,,,,,512,0.0006,,248,0,,,,,,,,,,4,4,376,396,246,62,,,,,,,,,,,,,,,,,,,,1,,10,2593,2583,10,False,,,,,,,,,,,,,,,4.227897000033408
20.010059334046673,absorbing,L,1,0,1967,1821,8,2,10,16,0,0,0.031119209015741944,0.03029354097088799,0.06141274998662993,0.0634995000436902,376,692,4,4,False,False,False,False,376,4,False,512,0.0006,,376,0,total_elems,376,692,1,1,,,,0.0,4,4,376,396,246,62,,,,,,,,,,,,,,,,,,,,,,,,,,,,,,,,,,,,,,,,,
20.07756829203572,absorbing,R,1,1,1967,1821,8,2,10,11,0,0,0.03108466597041115,0.029108749993611127,0.06019341596402228,0.06089949997840449,852,692,4,4,False,False,False,False,692,4,False,512,0.0006,,376,0,total_elems,852,692,1,1,,,,0.0,4,4,692,460,246,62,,,,,,,,,,,,,,,,,,,,,,,,,,,,,,,,,,,,,,,,,
20.144222208997235,absorbing,L,2,1,1967,1821,8,2,10,19,0,0,0.03090033301850781,0.02932383300503716,0.06022416602354497,0.060933000000659376,1468,1592,4,8,False,False,False,False,1468,4,False,512,0.0006,,376,0,total_elems,1468,1592,1,1,,,,0.0,4,4,1468,546,246,62,,,,,,,,,,,,,,,,,,,,,,,,,,,,,,,,,,,,,,,,,
20.211338875000365,absorbing,R,2,2,1967,1821,8,2,10,13,0,0,0.03019404102815315,0.029383417044300586,0.05957745807245374,0.06025191699154675,3472,2396,16,16,False,False,False,False,2396,16,False,512,0.0006,,376,0,total_elems,3472,2396,1,1,,,,0.0,16,4,2396,618,246,62,,,,,,,,,,,,,,,,,,,,,,,,,,,,,,,,,,,,,,,,,
20.27812025003368,absorbing,R,2,3,1967,1821,8,2,10,11,0,0,0.030967667000368237,0.029302541981451213,0.06027020898181945,0.060941874980926514,5120,4452,16,16,False,False,False,False,4452,16,False,512,0.0006,,376,0,total_elems,5120,4452,1,1,,,,0.0,16,4,4452,714,246,62,,,,,,,,,,,,,,,,,,,,,,,,,,,,,,,,,,,,,,,,,
20.34959920903202,absorbing,L,3,3,1967,1821,8,2,10,19,0,0,0.031601249997038394,0.03326095803640783,0.06486220803344622,0.06559558300068602,6344,9636,16,16,False,False,False,False,6344,16,False,512,0.0006,,376,0,total_elems,6344,9636,1,1,,,,0.0,16,4,6344,834,246,62,,,,,,,,,,,,,,,,,,,,,,,,,,,,,,,,,,,,,,,,,
20.422809834009968,absorbing,L,4,3,1967,1821,8,2,10,18,0,0,0.033897874993272126,0.03234350000275299,0.06624137499602512,0.06692379200831056,13356,13768,16,16,False,False,False,False,13356,16,False,512,0.0006,,376,0,total_elems,13356,13768,1,1,,,,0.0,16,4,13356,1098,246,62,,,,,,,,,,,,,,,,,,,,,,,,,,,,,,,,,,,,,,,,,
20.50660029205028,absorbing,L,5,3,1967,1821,8,2,10,18,0,0,0.03655829204944894,0.03984316601417959,0.07640145806362852,0.07709695800440386,26436,27532,16,64,False,False,False,False,26436,16,False,512,0.0006,,376,0,total_elems,26436,27532,1,1,,,,0.0,16,4,26436,1434,246,62,,,,,,,,,,,,,,,,,,,,,,,,,,,,,,,,,,,,,,,,,
20.615152250044048,absorbing,R,5,4,1967,1821,8,3,11,12,1,1,0.055364749976433814,0.046547999954782426,0.10191274993121624,0.10265487502329051,71904,48676,64,64,False,False,False,False,48676,64,False,512,0.0006,,376,0,total_elems,71904,48676,1,1,,,,0.0,64,4,48676,1860,246,62,,,,,,,,,,,,,,,,,,,,,,,,,,,,,,,,,,,,,,,,,
20.769387334003113,absorbing,R,5,5,1967,1821,8,5,13,8,2,3,0.0818763340357691,0.0653933749999851,0.1472697090357542,0.14799258398124948,124416,79012,64,64,False,False,False,False,79012,64,False,512,0.0006,,376,0,total_elems,124416,79012,1,1,,,,0.0,64,4,79012,2050,246,62,,,,,,,,,,,,,,,,,,,,,,,,,,,,,,,,,,,,,,,,,
20.98279270902276,absorbing,R,5,6,1967,1821,8,5,13,9,0,3,0.13305454200599343,0.07240112504223362,0.20545566704822704,0.20668429101351649,219456,107812,256,64,False,False,False,False,107812,64,False,512,0.0006,,376,0,total_elems,219456,107812,1,1,,,,0.0,64,4,107812,2360,246,62,,,,,,,,,,,,,,,,,,,,,,,,,,,,,,,,,,,,,,,,,
21.28864500002237,absorbing,L,6,6,1967,1821,8,5,13,16,0,3,0.15288604103261605,0.14603095897473395,0.29891700000735,0.29963166697416455,260800,266660,256,256,False,False,False,False,260800,256,False,512,0.0006,,376,0,total_elems,260800,266660,1,1,,,,0.0,256,4,260800,3418,246,62,,,,,,,,,,,,,,,,,,,,,,,,,,,,,,,,,,,,,,,,,
21.861360000038985,absorbing,L,7,6,1967,1821,10,5,15,12,2,5,0.27587429102277383,0.28967645805096254,0.5655507490737364,0.5662586669786833,368864,594368,256,256,False,False,False,True,368864,256,False,512,0.0006,,376,0,total_elems,368864,594368,1,1,,,,0.0,256,4,368864,4104,246,62,,,,,,,,,,,,,,,,,,,,,,,,,,,,,,,,,,,,,,,,,
24.85011762502836,unswapping,,,,,,,,,,,,,,,,,,,,,,,,,,,,,,,,,,,,,,,,,256,4,341220,4034,246,62,0,both,0,31,31,6,6,,,,,0,,,,,,,,,,,,,,,,,,,,,,,,,,,,,
25.913734459027182,unswapping,,,,,,,,,,,,,,,,,,,,,,,,,,,,,,,,,,,,,,,,,64,4,137832,2652,246,62,0,both,1,30,30,15,21,,,,,0,,,,,,,,,,,,,,,,,,,,,,,,,,,,,
26.196043042000383,unswapping,,,,,,,,,,,,,,,,,,,,,,,,,,,,,,,,,,,,,,,,,64,4,85644,2032,246,62,0,left,0,31,31,18,39,,,,,36,,,,,,,,,,,,,,,,,,,,,,,,,,,,,
26.412233250041027,unswapping,,,,,,,,,,,,,,,,,,,,,,,,,,,,,,,,,,,,,,,,,64,4,44280,1542,246,62,0,left,1,30,30,20,59,,,,,76,,,,,,,,,,,,,,,,,,,,,,,,,,,,,
26.52943870902527,unswapping,,,,,,,,,,,,,,,,,,,,,,,,,,,,,,,,,,,,,,,,,32,4,27972,1246,246,62,0,right,0,31,31,10,69,,,,,72,,,,,,,,,,,,,,,,,,,,,,,,,,,,,
26.61954141705064,unswapping,,,,,,,,,,,,,,,,,,,,,,,,,,,,,,,,,,,,,,,,,32,4,25020,1178,246,62,0,right,1,30,30,7,76,,,,,82,,,,,,,,,,,,,,,,,,,,,,,,,,,,,
26.778500625048764,unswapping,,,,,,,,,,,,,,,,,,,,,,,,,,,,,,,,,,,,,,,,,32,4,17132,1046,246,62,1,both,0,31,31,7,7,,,,,96,,,,,,,,,,,,,,,,,,,,,,,,,,,,,
26.910020000010263,unswapping,,,,,,,,,,,,,,,,,,,,,,,,,,,,,,,,,,,,,,,,,16,4,12320,930,246,62,1,both,1,30,30,7,14,,,,,104,,,,,,,,,,,,,,,,,,,,,,,,,,,,,
26.983662459009793,unswapping,,,,,,,,,,,,,,,,,,,,,,,,,,,,,,,,,,,,,,,,,16,4,7936,804,246,62,1,left,0,31,31,12,26,,,,,128,,,,,,,,,,,,,,,,,,,,,,,,,,,,,
27.050697959028184,unswapping,,,,,,,,,,,,,,,,,,,,,,,,,,,,,,,,,,,,,,,,,16,4,5708,710,246,62,1,left,1,30,30,10,36,,,,,144,,,,,,,,,,,,,,,,,,,,,,,,,,,,,
27.109993959020358,unswapping,,,,,,,,,,,,,,,,,,,,,,,,,,,,,,,,,,,,,,,,,16,4,4992,666,246,62,1,right,0,31,31,5,41,,,,,148,,,,,,,,,,,,,,,,,,,,,,,,,,,,,
27.167188375024125,unswapping,,,,,,,,,,,,,,,,,,,,,,,,,,,,,,,,,,,,,,,,,16,4,4608,650,246,62,1,right,1,30,30,2,43,,,,,152,,,,,,,,,,,,,,,,,,,,,,,,,,,,,
27.270811334019527,unswapping,,,,,,,,,,,,,,,,,,,,,,,,,,,,,,,,,,,,,,,,,16,4,3152,598,246,62,2,both,0,31,31,6,6,,,,,160,,,,,,,,,,,,,,,,,,,,,,,,,,,,,
27.372002667048946,unswapping,,,,,,,,,,,,,,,,,,,,,,,,,,,,,,,,,,,,,,,,,8,4,1880,534,246,62,2,both,1,30,30,7,13,,,,,168,,,,,,,,,,,,,,,,,,,,,,,,,,,,,
27.427698709012475,unswapping,,,,,,,,,,,,,,,,,,,,,,,,,,,,,,,,,,,,,,,,,8,4,1640,510,246,62,2,left,0,31,31,4,17,,,,,174,,,,,,,,,,,,,,,,,,,,,,,,,,,,,
27.483093709044624,unswapping,,,,,,,,,,,,,,,,,,,,,,,,,,,,,,,,,,,,,,,,,8,4,1528,498,246,62,2,left,1,30,30,3,20,,,,,174,,,,,,,,,,,,,,,,,,,,,,,,,,,,,
27.53579095902387,unswapping,,,,,,,,,,,,,,,,,,,,,,,,,,,,,,,,,,,,,,,,,8,4,1456,492,246,62,2,right,0,31,31,1,21,,,,,172,,,,,,,,,,,,,,,,,,,,,,,,,,,,,
27.558285125007387,unswapping,,,,,,,,,,,,,,,,,,,,,,,,,,,,,,,,,,,,,,,,,8,4,1456,492,246,62,2,right,1,30,30,0,21,,,,,172,,,,,,,,,,,,,,,,,,,,,,,,,,,,,
27.65453741705278,unswapping,,,,,,,,,,,,,,,,,,,,,,,,,,,,,,,,,,,,,,,,,8,4,1368,484,246,62,3,both,0,31,31,2,2,,,,,176,,,,,,,,,,,,,,,,,,,,,,,,,,,,,
27.74979654204799,unswapping,,,,,,,,,,,,,,,,,,,,,,,,,,,,,,,,,,,,,,,,,8,4,1308,478,246,62,3,both,1,30,30,1,3,,,,,176,,,,,,,,,,,,,,,,,,,,,,,,,,,,,
27.772832875023596,unswapping,,,,,,,,,,,,,,,,,,,,,,,,,,,,,,,,,,,,,,,,,8,4,1308,478,246,62,3,left,0,31,31,0,3,,,,,176,,,,,,,,,,,,,,,,,,,,,,,,,,,,,
27.826875124999788,unswapping,,,,,,,,,,,,,,,,,,,,,,,,,,,,,,,,,,,,,,,,,8,4,1236,472,246,62,3,left,1,30,30,1,4,,,,,176,,,,,,,,,,,,,,,,,,,,,,,,,,,,,
27.868728458997793,unswapping,,,,,,,,,,,,,,,,,,,,,,,,,,,,,,,,,,,,,,,,,8,4,1176,466,246,62,3,right,0,31,31,1,5,,,,,178,,,,,,,,,,,,,,,,,,,,,,,,,,,,,
27.891122417000588,unswapping,,,,,,,,,,,,,,,,,,,,,,,,,,,,,,,,,,,,,,,,,8,4,1176,466,246,62,3,right,1,30,30,0,5,,,,,178,,,,,,,,,,,,,,,,,,,,,,,,,,,,,
27.93496949999826,unswapping,,,,,,,,,,,,,,,,,,,,,,,,,,,,,,,,,,,,,,,,,8,4,1176,466,246,62,4,both,0,31,31,0,0,,,,,178,,,,,,,,,,,,,,,,,,,,,,,,,,,,,
28.01735700003337,unswapping,,,,,,,,,,,,,,,,,,,,,,,,,,,,,,,,,,,,,,,,,8,4,1136,462,246,62,4,both,1,30,30,1,1,,,,,180,,,,,,,,,,,,,,,,,,,,,,,,,,,,,
28.07085666700732,unswapping,,,,,,,,,,,,,,,,,,,,,,,,,,,,,,,,,,,,,,,,,8,4,1104,458,246,62,4,left,0,31,31,1,2,,,,,182,,,,,,,,,,,,,,,,,,,,,,,,,,,,,
28.094117583998013,unswapping,,,,,,,,,,,,,,,,,,,,,,,,,,,,,,,,,,,,,,,,,8,4,1104,458,246,62,4,left,1,30,30,0,2,,,,,182,,,,,,,,,,,,,,,,,,,,,,,,,,,,,
28.13564525003312,unswapping,,,,,,,,,,,,,,,,,,,,,,,,,,,,,,,,,,,,,,,,,8,4,1032,452,246,62,4,right,0,31,31,1,3,,,,,182,,,,,,,,,,,,,,,,,,,,,,,,,,,,,
28.157782667025458,unswapping,,,,,,,,,,,,,,,,,,,,,,,,,,,,,,,,,,,,,,,,,8,4,1032,452,246,62,4,right,1,30,30,0,3,,,,,182,,,,,,,,,,,,,,,,,,,,,,,,,,,,,
28.20125275000464,unswapping,,,,,,,,,,,,,,,,,,,,,,,,,,,,,,,,,,,,,,,,,8,4,1032,452,246,62,5,both,0,31,31,0,0,,,,,182,,,,,,,,,,,,,,,,,,,,,,,,,,,,,
28.294552084000316,unswapping,,,,,,,,,,,,,,,,,,,,,,,,,,,,,,,,,,,,,,,,,8,4,972,446,246,62,5,both,1,30,30,1,1,,,,,184,,,,,,,,,,,,,,,,,,,,,,,,,,,,,
28.347938875027467,unswapping,,,,,,,,,,,,,,,,,,,,,,,,,,,,,,,,,,,,,,,,,8,4,900,442,246,62,5,left,0,31,31,1,2,,,,,184,,,,,,,,,,,,,,,,,,,,,,,,,,,,,
28.37080654205056,unswapping,,,,,,,,,,,,,,,,,,,,,,,,,,,,,,,,,,,,,,,,,8,4,900,442,246,62,5,left,1,30,30,0,2,,,,,184,,,,,,,,,,,,,,,,,,,,,,,,,,,,,
28.39317358401604,unswapping,,,,,,,,,,,,,,,,,,,,,,,,,,,,,,,,,,,,,,,,,8,4,900,442,246,62,5,right,0,31,31,0,2,,,,,184,,,,,,,,,,,,,,,,,,,,,,,,,,,,,
28.415576542029157,unswapping,,,,,,,,,,,,,,,,,,,,,,,,,,,,,,,,,,,,,,,,,8,4,900,442,246,62,5,right,1,30,30,0,2,,,,,184,,,,,,,,,,,,,,,,,,,,,,,,,,,,,
28.459061667032074,unswapping,,,,,,,,,,,,,,,,,,,,,,,,,,,,,,,,,,,,,,,,,8,4,900,442,246,62,6,both,0,31,31,0,0,,,,,184,,,,,,,,,,,,,,,,,,,,,,,,,,,,,
28.55096795904683,unswapping,,,,,,,,,,,,,,,,,,,,,,,,,,,,,,,,,,,,,,,,,8,4,740,434,246,62,6,both,1,30,30,1,1,,,,,188,,,,,,,,,,,,,,,,,,,,,,,,,,,,,
28.60363112500636,unswapping,,,,,,,,,,,,,,,,,,,,,,,,,,,,,,,,,,,,,,,,,4,4,548,422,246,62,6,left,0,31,31,1,2,,,,,190,,,,,,,,,,,,,,,,,,,,,,,,,,,,,
28.626089500030503,unswapping,,,,,,,,,,,,,,,,,,,,,,,,,,,,,,,,,,,,,,,,,4,4,548,422,246,62,6,left,1,30,30,0,2,,,,,190,,,,,,,,,,,,,,,,,,,,,,,,,,,,,
28.648689084046055,unswapping,,,,,,,,,,,,,,,,,,,,,,,,,,,,,,,,,,,,,,,,,4,4,548,422,246,62,6,right,0,31,31,0,2,,,,,190,,,,,,,,,,,,,,,,,,,,,,,,,,,,,
28.670835875032935,unswapping,,,,,,,,,,,,,,,,,,,,,,,,,,,,,,,,,,,,,,,,,4,4,548,422,246,62,6,right,1,30,30,0,2,,,,,190,,,,,,,,,,,,,,,,,,,,,,,,,,,,,
28.713736875040922,unswapping,,,,,,,,,,,,,,,,,,,,,,,,,,,,,,,,,,,,,,,,,4,4,548,422,246,62,7,both,0,31,31,0,0,,,,,190,,,,,,,,,,,,,,,,,,,,,,,,,,,,,
28.756704500003252,unswapping,,,,,,,,,,,,,,,,,,,,,,,,,,,,,,,,,,,,,,,,,4,4,548,422,246,62,7,both,1,30,30,0,0,,,,,190,,,,,,,,,,,,,,,,,,,,,,,,,,,,,
28.779205042053945,unswapping,,,,,,,,,,,,,,,,,,,,,,,,,,,,,,,,,,,,,,,,,4,4,548,422,246,62,7,left,0,31,31,0,0,,,,,190,,,,,,,,,,,,,,,,,,,,,,,,,,,,,
28.801771375001408,unswapping,,,,,,,,,,,,,,,,,,,,,,,,,,,,,,,,,,,,,,,,,4,4,548,422,246,62,7,left,1,30,30,0,0,,,,,190,,,,,,,,,,,,,,,,,,,,,,,,,,,,,
28.82379358401522,unswapping,,,,,,,,,,,,,,,,,,,,,,,,,,,,,,,,,,,,,,,,,4,4,548,422,246,62,7,right,0,31,31,0,0,,,,,190,,,,,,,,,,,,,,,,,,,,,,,,,,,,,
28.845887334027793,unswapping,,,,,,,,,,,,,,,,,,,,,,,,,,,,,,,,,,,,,,,,,4,4,548,422,246,62,7,right,1,30,30,0,0,,,,,190,,,,,,,,,,,,,,,,,,,,,,,,,,,,,
29.05806691700127,unswap_cycle_summary,,,,,,10,5,15,,,,,,,,,,,,,,,,,,,512,0.0006,,,,,,,,,,,,,4,4,548,422,246,62,,,,,,,,,,,,,,,,,,,,2,6.234636957990006,15,2593,2578,5,False,,,,,,,,,,,,,,,
31.55677512503462,rewiring,,,,,,,,,,,,,,,,,,,,,,,,,,,,,,,,,,,,,,,,,,,,,,,,,,,,,,,,,,,,,,,,,,2,,,,,,,left,post_unswap,2.492559665988665,50,1962,False,False,False,5,1,none,0.0,123,2.4925500830286182,3.994628958986141
33.0584544170415,rewiring,,,,,,,,,,,,,,,,,,,,,,,,,,,,,,,,,,,,,,,,,,,,,,,,,,,,,,,,,,,,,,,,,,2,,,,,,,right,post_unswap,1.5013340000296012,50,1817,False,False,False,5,1,none,0.0,123,1.501326167024672,3.994628958986141
33.070180125010666,cycle_progress,,,,,,10,5,15,,,,,,,,,,,,,,,,,,,512,0.0006,,376,0,,,,,,,,,,4,4,548,422,246,62,,,,,,,,,,,,,,,,,,,,2,,15,2593,2578,5,False,,,,,,,,,,,,,,,3.994628958986141
33.14847562502837,absorbing,L,1,0,1701,1705,10,5,15,19,0,0,0.032539499981794506,0.030443625000771135,0.06298312498256564,0.07045495801139623,548,964,4,8,False,False,False,False,548,4,False,512,0.0006,,548,0,total_elems,548,964,1,1,,,,0.0,4,4,548,422,246,62,,,,,,,,,,,,,,,,,,,,,,,,,,,,,,,,,,,,,,,,,
33.219914000015706,absorbing,R,1,1,1701,1705,10,5,15,10,0,0,0.031510416010860354,0.029848165984731168,0.06135858199559152,0.06209249998209998,1356,964,8,8,False,False,False,False,964,8,False,512,0.0006,,548,0,total_elems,1356,964,1,1,,,,0.0,8,4,964,486,246,62,,,,,,,,,,,,,,,,,,,,,,,,,,,,,,,,,,,,,,,,,
33.29161933402065,absorbing,L,2,1,1701,1705,10,5,15,21,0,0,0.03140558395534754,0.03003295900998637,0.06143854296533391,0.062138875015079975,1808,2020,8,8,False,False,False,False,1808,8,False,512,0.0006,,548,0,total_elems,1808,2020,1,1,,,,0.0,8,4,1808,578,246,62,,,,,,,,,,,,,,,,,,,,,,,,,,,,,,,,,,,,,,,,,
33.363846167048905,absorbing,R,2,2,1701,1705,10,5,15,12,0,0,0.03180954197887331,0.030353875015862286,0.0621634169947356,0.06285045796539634,4372,2616,16,8,False,False,False,False,2616,8,False,512,0.0006,,548,0,total_elems,4372,2616,1,1,,,,0.0,8,4,2616,634,246,62,,,,,,,,,,,,,,,,,,,,,,,,,,,,,,,,,,,,,,,,,
33.43603666702984,absorbing,R,2,3,1701,1705,10,5,15,10,0,0,0.03185512503841892,0.0304045410011895,0.06225966603960842,0.06294020899804309,6384,4432,31,16,False,False,False,False,4432,16,False,512,0.0006,,548,0,total_elems,6384,4432,1,1,,,,0.0,16,4,4432,732,246,62,,,,,,,,,,,,,,,,,,,,,,,,,,,,,,,,,,,,,,,,,
33.50887791701825,absorbing,R,2,4,1701,1705,10,5,15,9,0,0,0.03349741705460474,0.03051629097899422,0.06401370803359896,0.06470204098150134,11536,9168,32,31,False,False,False,False,9168,31,False,512,0.0006,,548,0,total_elems,11536,9168,1,1,,,,0.0,31,4,9168,866,246,62,,,,,,,,,,,,,,,,,,,,,,,,,,,,,,,,,,,,,,,,,
34.62141233403236,absorbing,R,2,5,1701,1705,10,5,15,9,0,0,1.0616654159966856,0.04056799999671057,1.1022334159933962,1.1031614580424502,20448,14416,32,32,False,False,False,False,14416,32,False,512,0.0006,,548,0,total_elems,20448,14416,1,1,,,,0.0,32,4,14416,988,246,62,,,,,,,,,,,,,,,,,,,,,,,,,,,,,,,,,,,,,,,,,
34.73259216704173,absorbing,L,3,5,1701,1705,10,5,15,20,0,0,0.04882904200349003,0.0523857080261223,0.10121475002961233,0.10199645801912993,33904,38320,64,64,False,False,False,False,33904,64,False,512,0.0006,,548,0,total_elems,33904,38320,1,1,,,,0.0,64,4,33904,1334,246,62,,,,,,,,,,,,,,,,,,,,,,,,,,,,,,,,,,,,,,,,,
34.91550254204776,absorbing,L,4,5,1701,1705,11,5,16,17,1,1,0.09305074997246265,0.07943562499713153,0.17248637496959418,0.17392362497048452,79460,85616,112,112,False,False,False,False,79460,112,False,512,0.0006,,548,0,total_elems,79460,85616,1,1,,,,0.0,112,4,79460,1818,246,62,,,,,,,,,,,,,,,,,,,,,,,,,,,,,,,,,,,,,,,,,
35.145945084048435,absorbing,L,5,5,1701,1705,11,5,16,15,0,1,0.10948358400491998,0.11098174995277077,0.22046533395769075,0.22120254201581702,116100,154212,108,108,False,False,False,False,116100,108,False,512,0.0006,,548,0,total_elems,116100,154212,1,1,,,,0.0,108,4,116100,2264,246,62,,,,,,,,,,,,,,,,,,,,,,,,,,,,,,,,,,,,,,,,,
35.424350167042576,absorbing,L,6,5,1701,1705,11,5,16,14,0,1,0.13315620803041384,0.13555241603171453,0.26870862406212837,0.2699205829994753,179844,212044,104,128,False,False,False,False,179844,104,False,512,0.0006,,548,0,total_elems,179844,212044,1,1,,,,0.0,104,4,179844,2912,246,62,,,,,,,,,,,,,,,,,,,,,,,,,,,,,,,,,,,,,,,,,
35.85562825005036,absorbing,R,6,6,1701,1705,11,6,17,9,1,2,0.21810508304042742,0.20402850001119077,0.4221335830516182,0.4228772500064224,406596,307356,256,128,False,False,False,False,307356,128,False,512,0.0006,,548,0,total_elems,406596,307356,1,1,,,,0.0,128,4,307356,3494,246,62,,,,,,,,,,,,,,,,,,,,,,,,,,,,,,,,,,,,,,,,,
42.28070258401567,unswapping,,,,,,,,,,,,,,,,,,,,,,,,,,,,,,,,,,,,,,,,,256,4,552908,4670,246,62,0,both,0,31,31,6,6,,,,,0,,,,,,,,,,,,,,,,,,,,,,,,,,,,,
43.75361595902359,unswapping,,,,,,,,,,,,,,,,,,,,,,,,,,,,,,,,,,,,,,,,,64,4,147660,2626,246,62,0,both,1,30,30,14,20,,,,,0,,,,,,,,,,,,,,,,,,,,,,,,,,,,,
44.050377167004626,unswapping,,,,,,,,,,,,,,,,,,,,,,,,,,,,,,,,,,,,,,,,,64,4,95120,2040,246,62,0,left,0,31,31,12,32,,,,,24,,,,,,,,,,,,,,,,,,,,,,,,,,,,,
44.264213792048395,unswapping,,,,,,,,,,,,,,,,,,,,,,,,,,,,,,,,,,,,,,,,,64,4,43904,1502,246,62,0,left,1,30,30,17,49,,,,,58,,,,,,,,,,,,,,,,,,,,,,,,,,,,,
44.368600375019014,unswapping,,,,,,,,,,,,,,,,,,,,,,,,,,,,,,,,,,,,,,,,,38,4,28544,1226,246,62,0,right,0,31,31,8,57,,,,,62,,,,,,,,,,,,,,,,,,,,,,,,,,,,,
44.48248850001255,unswapping,,,,,,,,,,,,,,,,,,,,,,,,,,,,,,,,,,,,,,,,,32,4,25372,1170,246,62,0,right,1,30,30,7,64,,,,,70,,,,,,,,,,,,,,,,,,,,,,,,,,,,,
44.658499625045806,unswapping,,,,,,,,,,,,,,,,,,,,,,,,,,,,,,,,,,,,,,,,,32,4,14012,952,246,62,1,both,0,31,31,14,14,,,,,90,,,,,,,,,,,,,,,,,,,,,,,,,,,,,
44.79281370900571,unswapping,,,,,,,,,,,,,,,,,,,,,,,,,,,,,,,,,,,,,,,,,16,4,7472,778,246,62,1,both,1,30,30,8,22,,,,,102,,,,,,,,,,,,,,,,,,,,,,,,,,,,,
44.85937508405186,unswapping,,,,,,,,,,,,,,,,,,,,,,,,,,,,,,,,,,,,,,,,,16,4,5828,706,246,62,1,left,0,31,31,7,29,,,,,114,,,,,,,,,,,,,,,,,,,,,,,,,,,,,
44.92513254203368,unswapping,,,,,,,,,,,,,,,,,,,,,,,,,,,,,,,,,,,,,,,,,16,4,4952,648,246,62,1,left,1,30,30,7,36,,,,,128,,,,,,,,,,,,,,,,,,,,,,,,,,,,,
44.98706750001293,unswapping,,,,,,,,,,,,,,,,,,,,,,,,,,,,,,,,,,,,,,,,,16,4,3536,590,246,62,1,right,0,31,31,6,42,,,,,130,,,,,,,,,,,,,,,,,,,,,,,,,,,,,
45.03196862502955,unswapping,,,,,,,,,,,,,,,,,,,,,,,,,,,,,,,,,,,,,,,,,16,4,3464,586,246,62,1,right,1,30,30,1,43,,,,,132,,,,,,,,,,,,,,,,,,,,,,,,,,,,,
45.13577404204989,unswapping,,,,,,,,,,,,,,,,,,,,,,,,,,,,,,,,,,,,,,,,,16,4,1848,526,246,62,2,both,0,31,31,7,7,,,,,146,,,,,,,,,,,,,,,,,,,,,,,,,,,,,
45.23721025005216,unswapping,,,,,,,,,,,,,,,,,,,,,,,,,,,,,,,,,,,,,,,,,8,4,1448,498,246,62,2,both,1,30,30,4,11,,,,,152,,,,,,,,,,,,,,,,,,,,,,,,,,,,,
45.29299425001955,unswapping,,,,,,,,,,,,,,,,,,,,,,,,,,,,,,,,,,,,,,,,,8,4,1280,486,246,62,2,left,0,31,31,2,13,,,,,154,,,,,,,,,,,,,,,,,,,,,,,,,,,,,
45.35065029200632,unswapping,,,,,,,,,,,,,,,,,,,,,,,,,,,,,,,,,,,,,,,,,4,4,888,452,246,62,2,left,1,30,30,4,17,,,,,162,,,,,,,,,,,,,,,,,,,,,,,,,,,,,
45.393331375031266,unswapping,,,,,,,,,,,,,,,,,,,,,,,,,,,,,,,,,,,,,,,,,4,4,840,448,246,62,2,right,0,31,31,1,18,,,,,162,,,,,,,,,,,,,,,,,,,,,,,,,,,,,
45.43587387504522,unswapping,,,,,,,,,,,,,,,,,,,,,,,,,,,,,,,,,,,,,,,,,4,4,768,442,246,62,2,right,1,30,30,1,19,,,,,160,,,,,,,,,,,,,,,,,,,,,,,,,,,,,
45.53157483402174,unswapping,,,,,,,,,,,,,,,,,,,,,,,,,,,,,,,,,,,,,,,,,4,4,648,430,246,62,3,both,0,31,31,3,3,,,,,162,,,,,,,,,,,,,,,,,,,,,,,,,,,,,
45.62733854202088,unswapping,,,,,,,,,,,,,,,,,,,,,,,,,,,,,,,,,,,,,,,,,4,4,564,420,246,62,3,both,1,30,30,3,6,,,,,164,,,,,,,,,,,,,,,,,,,,,,,,,,,,,
45.68144433404086,unswapping,,,,,,,,,,,,,,,,,,,,,,,,,,,,,,,,,,,,,,,,,4,4,484,412,246,62,3,left,0,31,31,2,8,,,,,168,,,,,,,,,,,,,,,,,,,,,,,,,,,,,
45.70436316705309,unswapping,,,,,,,,,,,,,,,,,,,,,,,,,,,,,,,,,,,,,,,,,4,4,484,412,246,62,3,left,1,30,30,0,8,,,,,168,,,,,,,,,,,,,,,,,,,,,,,,,,,,,
45.72694687504554,unswapping,,,,,,,,,,,,,,,,,,,,,,,,,,,,,,,,,,,,,,,,,4,4,484,412,246,62,3,right,0,31,31,0,8,,,,,168,,,,,,,,,,,,,,,,,,,,,,,,,,,,,
45.7495363340131,unswapping,,,,,,,,,,,,,,,,,,,,,,,,,,,,,,,,,,,,,,,,,4,4,484,412,246,62,3,right,1,30,30,0,8,,,,,168,,,,,,,,,,,,,,,,,,,,,,,,,,,,,
45.793244792032056,unswapping,,,,,,,,,,,,,,,,,,,,,,,,,,,,,,,,,,,,,,,,,4,4,484,412,246,62,4,both,0,31,31,0,0,,,,,168,,,,,,,,,,,,,,,,,,,,,,,,,,,,,
45.88684125000145,unswapping,,,,,,,,,,,,,,,,,,,,,,,,,,,,,,,,,,,,,,,,,3,4,388,400,246,62,4,both,1,30,30,2,2,,,,,168,,,,,,,,,,,,,,,,,,,,,,,,,,,,,
45.90947200002847,unswapping,,,,,,,,,,,,,,,,,,,,,,,,,,,,,,,,,,,,,,,,,3,4,388,400,246,62,4,left,0,31,31,0,2,,,,,168,,,,,,,,,,,,,,,,,,,,,,,,,,,,,
45.931978125008754,unswapping,,,,,,,,,,,,,,,,,,,,,,,,,,,,,,,,,,,,,,,,,3,4,388,400,246,62,4,left,1,30,30,0,2,,,,,168,,,,,,,,,,,,,,,,,,,,,,,,,,,,,
45.954461459012236,unswapping,,,,,,,,,,,,,,,,,,,,,,,,,,,,,,,,,,,,,,,,,3,4,388,400,246,62,4,right,0,31,31,0,2,,,,,168,,,,,,,,,,,,,,,,,,,,,,,,,,,,,
45.976845459023025,unswapping,,,,,,,,,,,,,,,,,,,,,,,,,,,,,,,,,,,,,,,,,3,4,388,400,246,62,4,right,1,30,30,0,2,,,,,168,,,,,,,,,,,,,,,,,,,,,,,,,,,,,
46.02020829200046,unswapping,,,,,,,,,,,,,,,,,,,,,,,,,,,,,,,,,,,,,,,,,3,4,388,400,246,62,5,both,0,31,31,0,0,,,,,168,,,,,,,,,,,,,,,,,,,,,,,,,,,,,
46.06362320901826,unswapping,,,,,,,,,,,,,,,,,,,,,,,,,,,,,,,,,,,,,,,,,3,4,388,400,246,62,5,both,1,30,30,0,0,,,,,168,,,,,,,,,,,,,,,,,,,,,,,,,,,,,
46.0862777090515,unswapping,,,,,,,,,,,,,,,,,,,,,,,,,,,,,,,,,,,,,,,,,3,4,388,400,246,62,5,left,0,31,31,0,0,,,,,168,,,,,,,,,,,,,,,,,,,,,,,,,,,,,
46.10879895900143,unswapping,,,,,,,,,,,,,,,,,,,,,,,,,,,,,,,,,,,,,,,,,3,4,388,400,246,62,5,left,1,30,30,0,0,,,,,168,,,,,,,,,,,,,,,,,,,,,,,,,,,,,
46.13093733403366,unswapping,,,,,,,,,,,,,,,,,,,,,,,,,,,,,,,,,,,,,,,,,3,4,388,400,246,62,5,right,0,31,31,0,0,,,,,168,,,,,,,,,,,,,,,,,,,,,,,,,,,,,
46.1533108750009,unswapping,,,,,,,,,,,,,,,,,,,,,,,,,,,,,,,,,,,,,,,,,3,4,388,400,246,62,5,right,1,30,30,0,0,,,,,168,,,,,,,,,,,,,,,,,,,,,,,,,,,,,
46.38634808402276,unswap_cycle_summary,,,,,,11,6,17,,,,,,,,,,,,,,,,,,,512,0.0006,,,,,,,,,,,,,3,4,388,400,246,62,,,,,,,,,,,,,,,,,,,,3,9.458888874971308,17,2593,2576,2,False,,,,,,,,,,,,,,,
48.147635959030595,rewiring,,,,,,,,,,,,,,,,,,,,,,,,,,,,,,,,,,,,,,,,,,,,,,,,,,,,,,,,,,,,,,,,,,3,,,,,,,left,post_unswap,1.753168041992467,50,1697,False,False,False,2,1,none,0.0,123,1.75316316698445,3.7994505829992704
50.19355829199776,rewiring,,,,,,,,,,,,,,,,,,,,,,,,,,,,,,,,,,,,,,,,,,,,,,,,,,,,,,,,,,,,,,,,,,3,,,,,,,right,post_unswap,2.045632708002813,50,1701,False,False,False,2,1,none,0.0,123,2.045625833037775,3.7994505829992704
50.21034225000767,cycle_progress,,,,,,11,6,17,,,,,,,,,,,,,,,,,,,512,0.0006,,548,0,,,,,,,,,,3,4,388,400,246,62,,,,,,,,,,,,,,,,,,,,3,,17,2593,2576,2,False,,,,,,,,,,,,,,,3.7994505829992704
50.29343008401338,absorbing,L,1,0,1641,1815,11,6,17,17,0,0,0.033036209002602845,0.030799208965618163,0.06383541796822101,0.0729070829693228,388,632,3,4,False,False,False,False,388,3,False,512,0.0006,,388,0,total_elems,388,632,1,1,,,,0.0,3,4,388,400,246,62,,,,,,,,,,,,,,,,,,,,,,,,,,,,,,,,,,,,,,,,,
50.36621362500591,absorbing,R,1,1,1641,1815,11,6,17,9,0,0,0.03161333402385935,0.029949541960377246,0.0615628759842366,0.062322915997356176,860,632,4,4,False,False,False,False,632,4,False,512,0.0006,,388,0,total_elems,860,632,1,1,,,,0.0,4,4,632,452,246,62,,,,,,,,,,,,,,,,,,,,,,,,,,,,,,,,,,,,,,,,,
50.43907983403187,absorbing,L,2,1,1641,1815,11,6,17,20,0,0,0.031814875022973865,0.03016266698250547,0.061977542005479336,0.06271145900245756,1180,1448,4,8,False,False,False,False,1180,4,False,512,0.0006,,388,0,total_elems,1180,1448,1,1,,,,0.0,4,4,1180,516,246,62,,,,,,,,,,,,,,,,,,,,,,,,,,,,,,,,,,,,,,,,,
50.51220258401008,absorbing,R,2,2,1641,1815,11,6,17,11,0,0,0.031958832987584174,0.030144208983983845,0.06210304197156802,0.06278895802097395,2360,1808,8,8,False,False,False,False,1808,8,False,512,0.0006,,388,0,total_elems,2360,1808,1,1,,,,0.0,8,4,1808,572,246,62,,,,,,,,,,,,,,,,,,,,,,,,,,,,,,,,,,,,,,,,,
50.58641650003847,absorbing,R,2,3,1641,1815,11,6,17,11,0,0,0.03223779203835875,0.030784750008024275,0.06302254204638302,0.06375620904145762,3720,3312,16,16,False,False,False,False,3312,16,False,512,0.0006,,388,0,total_elems,3720,3312,1,1,,,,0.0,16,4,3312,658,246,62,,,,,,,,,,,,,,,,,,,,,,,,,,,,,,,,,,,,,,,,,
50.661431000044104,absorbing,L,3,3,1641,1815,11,6,17,22,0,0,0.03318374999798834,0.03070666699204594,0.06389041699003428,0.06457337498432025,4596,7960,16,16,False,False,False,False,4596,16,False,512,0.0006,,388,0,total_elems,4596,7960,1,1,,,,0.0,16,4,4596,758,246,62,,,,,,,,,,,,,,,,,,,,,,,,,,,,,,,,,,,,,,,,,
50.73958712501917,absorbing,R,3,4,1641,1815,11,6,17,11,0,0,0.03516295796725899,0.03208329202607274,0.06724624999333173,0.06797958398237824,13332,8156,16,16,False,False,False,False,8156,16,False,512,0.0006,,388,0,total_elems,13332,8156,1,1,,,,0.0,16,4,8156,910,246,62,,,,,,,,,,,,,,,,,,,,,,,,,,,,,,,,,,,,,,,,,
50.82064241700573,absorbing,R,3,5,1641,1815,11,6,17,9,0,0,0.03625295800156891,0.03349183400860056,0.06974479201016948,0.07047237502411008,16308,14508,16,16,False,False,False,False,14508,16,False,512,0.0006,,388,0,total_elems,16308,14508,1,1,,,,0.0,16,4,14508,1082,246,62,,,,,,,,,,,,,,,,,,,,,,,,,,,,,,,,,,,,,,,,,
50.92377541703172,absorbing,L,4,5,1641,1815,12,6,18,22,1,1,0.04863204201683402,0.043388749996665865,0.09202079201349989,0.09277108404785395,23028,38988,16,64,False,False,False,False,23028,16,False,512,0.0006,,388,0,total_elems,23028,38988,1,1,,,,0.0,16,4,23028,1316,246,62,,,,,,,,,,,,,,,,,,,,,,,,,,,,,,,,,,,,,,,,,
51.05140024999855,absorbing,R,4,6,1641,1815,12,6,18,9,0,1,0.06761787499999627,0.04880258400226012,0.1164204590022564,0.1172117079840973,61500,46804,64,64,False,False,False,False,46804,64,False,512,0.0006,,388,0,total_elems,61500,46804,1,1,,,,0.0,64,4,46804,1704,246,62,,,,,,,,,,,,,,,,,,,,,,,,,,,,,,,,,,,,,,,,,
51.25372358399909,absorbing,L,5,6,1641,1815,13,6,19,20,1,2,0.09152170899324119,0.09875333303352818,0.19027504202676937,0.19135637499857694,102396,130900,64,64,False,False,False,False,102396,64,False,512,0.0006,,388,0,total_elems,102396,130900,1,1,,,,0.0,64,4,102396,2386,246,62,,,,,,,,,,,,,,,,,,,,,,,,,,,,,,,,,,,,,,,,,
51.54620150005212,absorbing,R,5,7,1641,1815,13,6,19,10,0,2,0.16745541599811986,0.11371191602665931,0.28116733202477917,0.28195550001692027,241112,166396,64,64,False,False,False,False,166396,64,False,512,0.0006,,388,0,total_elems,241112,166396,1,1,,,,0.0,64,4,166396,2810,246,62,,,,,,,,,,,,,,,,,,,,,,,,,,,,,,,,,,,,,,,,,
52.0789469590527,absorbing,L,6,7,1641,1815,14,6,20,19,1,3,0.24810116703156382,0.2727138749905862,0.52081504202215,0.5221465000067838,307160,424828,64,256,False,False,False,False,307160,64,False,512,0.0006,,388,0,total_elems,307160,424828,1,1,,,,0.0,64,4,307160,3834,246,62,,,,,,,,,,,,,,,,,,,,,,,,,,,,,,,,,,,,,,,,,
55.805066959001124,unswapping,,,,,,,,,,,,,,,,,,,,,,,,,,,,,,,,,,,,,,,,,64,4,323388,4100,246,62,0,both,0,31,31,9,9,,,,,0,,,,,,,,,,,,,,,,,,,,,,,,,,,,,
57.04279545904137,unswapping,,,,,,,,,,,,,,,,,,,,,,,,,,,,,,,,,,,,,,,,,64,4,147196,2812,246,62,0,both,1,30,30,15,24,,,,,0,,,,,,,,,,,,,,,,,,,,,,,,,,,,,
57.28623054199852,unswapping,,,,,,,,,,,,,,,,,,,,,,,,,,,,,,,,,,,,,,,,,64,4,96852,2136,246,62,0,left,0,31,31,10,34,,,,,20,,,,,,,,,,,,,,,,,,,,,,,,,,,,,
57.576625500048976,unswapping,,,,,,,,,,,,,,,,,,,,,,,,,,,,,,,,,,,,,,,,,64,4,43124,1682,246,62,0,left,1,30,30,16,50,,,,,52,,,,,,,,,,,,,,,,,,,,,,,,,,,,,
57.682978917029686,unswapping,,,,,,,,,,,,,,,,,,,,,,,,,,,,,,,,,,,,,,,,,16,4,20660,1178,246,62,0,right,0,31,31,14,64,,,,,60,,,,,,,,,,,,,,,,,,,,,,,,,,,,,
57.76873520901427,unswapping,,,,,,,,,,,,,,,,,,,,,,,,,,,,,,,,,,,,,,,,,16,4,17836,1084,246,62,0,right,1,30,30,10,74,,,,,74,,,,,,,,,,,,,,,,,,,,,,,,,,,,,
57.912885750003625,unswapping,,,,,,,,,,,,,,,,,,,,,,,,,,,,,,,,,,,,,,,,,16,4,12996,924,246,62,1,both,0,31,31,10,10,,,,,98,,,,,,,,,,,,,,,,,,,,,,,,,,,,,
58.04954287502915,unswapping,,,,,,,,,,,,,,,,,,,,,,,,,,,,,,,,,,,,,,,,,16,4,10456,832,246,62,1,both,1,30,30,7,17,,,,,112,,,,,,,,,,,,,,,,,,,,,,,,,,,,,
58.12045537499944,unswapping,,,,,,,,,,,,,,,,,,,,,,,,,,,,,,,,,,,,,,,,,16,4,9256,772,246,62,1,left,0,31,31,7,24,,,,,118,,,,,,,,,,,,,,,,,,,,,,,,,,,,,
58.18710537505103,unswapping,,,,,,,,,,,,,,,,,,,,,,,,,,,,,,,,,,,,,,,,,16,4,9012,750,246,62,1,left,1,30,30,4,28,,,,,122,,,,,,,,,,,,,,,,,,,,,,,,,,,,,
58.252429167041555,unswapping,,,,,,,,,,,,,,,,,,,,,,,,,,,,,,,,,,,,,,,,,16,4,8768,728,246,62,1,right,0,31,31,4,32,,,,,126,,,,,,,,,,,,,,,,,,,,,,,,,,,,,
58.314268209040165,unswapping,,,,,,,,,,,,,,,,,,,,,,,,,,,,,,,,,,,,,,,,,16,4,8708,722,246,62,1,right,1,30,30,1,33,,,,,126,,,,,,,,,,,,,,,,,,,,,,,,,,,,,
58.4355538340169,unswapping,,,,,,,,,,,,,,,,,,,,,,,,,,,,,,,,,,,,,,,,,16,4,7936,692,246,62,2,both,0,31,31,5,5,,,,,132,,,,,,,,,,,,,,,,,,,,,,,,,,,,,
58.55212445900543,unswapping,,,,,,,,,,,,,,,,,,,,,,,,,,,,,,,,,,,,,,,,,16,4,6028,638,246,62,2,both,1,30,30,5,10,,,,,136,,,,,,,,,,,,,,,,,,,,,,,,,,,,,
58.6173983340268,unswapping,,,,,,,,,,,,,,,,,,,,,,,,,,,,,,,,,,,,,,,,,16,4,3588,570,246,62,2,left,0,31,31,5,15,,,,,144,,,,,,,,,,,,,,,,,,,,,,,,,,,,,
58.678091625042725,unswapping,,,,,,,,,,,,,,,,,,,,,,,,,,,,,,,,,,,,,,,,,16,4,2412,526,246,62,2,left,1,30,30,4,19,,,,,150,,,,,,,,,,,,,,,,,,,,,,,,,,,,,
58.73399833403528,unswapping,,,,,,,,,,,,,,,,,,,,,,,,,,,,,,,,,,,,,,,,,16,4,2376,520,246,62,2,right,0,31,31,1,20,,,,,152,,,,,,,,,,,,,,,,,,,,,,,,,,,,,
58.758352584030945,unswapping,,,,,,,,,,,,,,,,,,,,,,,,,,,,,,,,,,,,,,,,,16,4,2376,520,246,62,2,right,1,30,30,0,20,,,,,152,,,,,,,,,,,,,,,,,,,,,,,,,,,,,
58.862135709030554,unswapping,,,,,,,,,,,,,,,,,,,,,,,,,,,,,,,,,,,,,,,,,16,4,1676,498,246,62,3,both,0,31,31,3,3,,,,,154,,,,,,,,,,,,,,,,,,,,,,,,,,,,,
58.96071487502195,unswapping,,,,,,,,,,,,,,,,,,,,,,,,,,,,,,,,,,,,,,,,,8,4,1280,480,246,62,3,both,1,30,30,2,5,,,,,158,,,,,,,,,,,,,,,,,,,,,,,,,,,,,
59.00464683404425,unswapping,,,,,,,,,,,,,,,,,,,,,,,,,,,,,,,,,,,,,,,,,8,4,1208,474,246,62,3,left,0,31,31,1,6,,,,,160,,,,,,,,,,,,,,,,,,,,,,,,,,,,,
59.0602297920268,unswapping,,,,,,,,,,,,,,,,,,,,,,,,,,,,,,,,,,,,,,,,,8,4,944,460,246,62,3,left,1,30,30,2,8,,,,,160,,,,,,,,,,,,,,,,,,,,,,,,,,,,,
59.10331287502777,unswapping,,,,,,,,,,,,,,,,,,,,,,,,,,,,,,,,,,,,,,,,,8,4,904,456,246,62,3,right,0,31,31,1,9,,,,,162,,,,,,,,,,,,,,,,,,,,,,,,,,,,,
59.12584312504623,unswapping,,,,,,,,,,,,,,,,,,,,,,,,,,,,,,,,,,,,,,,,,8,4,904,456,246,62,3,right,1,30,30,0,9,,,,,162,,,,,,,,,,,,,,,,,,,,,,,,,,,,,
59.221638500050176,unswapping,,,,,,,,,,,,,,,,,,,,,,,,,,,,,,,,,,,,,,,,,8,4,880,452,246,62,4,both,0,31,31,2,2,,,,,164,,,,,,,,,,,,,,,,,,,,,,,,,,,,,
59.318807875039056,unswapping,,,,,,,,,,,,,,,,,,,,,,,,,,,,,,,,,,,,,,,,,8,4,772,442,246,62,4,both,1,30,30,4,6,,,,,170,,,,,,,,,,,,,,,,,,,,,,,,,,,,,
59.362169125000946,unswapping,,,,,,,,,,,,,,,,,,,,,,,,,,,,,,,,,,,,,,,,,4,4,676,434,246,62,4,left,0,31,31,1,7,,,,,170,,,,,,,,,,,,,,,,,,,,,,,,,,,,,
59.40559016703628,unswapping,,,,,,,,,,,,,,,,,,,,,,,,,,,,,,,,,,,,,,,,,4,4,628,430,246,62,4,left,1,30,30,1,8,,,,,172,,,,,,,,,,,,,,,,,,,,,,,,,,,,,
59.448348625039216,unswapping,,,,,,,,,,,,,,,,,,,,,,,,,,,,,,,,,,,,,,,,,4,4,580,424,246,62,4,right,0,31,31,1,9,,,,,174,,,,,,,,,,,,,,,,,,,,,,,,,,,,,
59.47103675000835,unswapping,,,,,,,,,,,,,,,,,,,,,,,,,,,,,,,,,,,,,,,,,4,4,580,424,246,62,4,right,1,30,30,0,9,,,,,174,,,,,,,,,,,,,,,,,,,,,,,,,,,,,
59.555137959017884,unswapping,,,,,,,,,,,,,,,,,,,,,,,,,,,,,,,,,,,,,,,,,4,4,568,422,246,62,5,both,0,31,31,1,1,,,,,174,,,,,,,,,,,,,,,,,,,,,,,,,,,,,
59.598659292038064,unswapping,,,,,,,,,,,,,,,,,,,,,,,,,,,,,,,,,,,,,,,,,4,4,568,422,246,62,5,both,1,30,30,0,1,,,,,174,,,,,,,,,,,,,,,,,,,,,,,,,,,,,
59.62258520902833,unswapping,,,,,,,,,,,,,,,,,,,,,,,,,,,,,,,,,,,,,,,,,4,4,568,422,246,62,5,left,0,31,31,0,1,,,,,174,,,,,,,,,,,,,,,,,,,,,,,,,,,,,
59.64615429204423,unswapping,,,,,,,,,,,,,,,,,,,,,,,,,,,,,,,,,,,,,,,,,4,4,568,422,246,62,5,left,1,30,30,0,1,,,,,174,,,,,,,,,,,,,,,,,,,,,,,,,,,,,
59.66946587502025,unswapping,,,,,,,,,,,,,,,,,,,,,,,,,,,,,,,,,,,,,,,,,4,4,568,422,246,62,5,right,0,31,31,0,1,,,,,174,,,,,,,,,,,,,,,,,,,,,,,,,,,,,
59.692279209033586,unswapping,,,,,,,,,,,,,,,,,,,,,,,,,,,,,,,,,,,,,,,,,4,4,568,422,246,62,5,right,1,30,30,0,1,,,,,174,,,,,,,,,,,,,,,,,,,,,,,,,,,,,
59.73771991702961,unswapping,,,,,,,,,,,,,,,,,,,,,,,,,,,,,,,,,,,,,,,,,4,4,568,422,246,62,6,both,0,31,31,0,0,,,,,174,,,,,,,,,,,,,,,,,,,,,,,,,,,,,
59.78168945905054,unswapping,,,,,,,,,,,,,,,,,,,,,,,,,,,,,,,,,,,,,,,,,4,4,568,422,246,62,6,both,1,30,30,0,0,,,,,174,,,,,,,,,,,,,,,,,,,,,,,,,,,,,
59.8053114170325,unswapping,,,,,,,,,,,,,,,,,,,,,,,,,,,,,,,,,,,,,,,,,4,4,568,422,246,62,6,left,0,31,31,0,0,,,,,174,,,,,,,,,,,,,,,,,,,,,,,,,,,,,
59.82856245903531,unswapping,,,,,,,,,,,,,,,,,,,,,,,,,,,,,,,,,,,,,,,,,4,4,568,422,246,62,6,left,1,30,30,0,0,,,,,174,,,,,,,,,,,,,,,,,,,,,,,,,,,,,
59.85143204202177,unswapping,,,,,,,,,,,,,,,,,,,,,,,,,,,,,,,,,,,,,,,,,4,4,568,422,246,62,6,right,0,31,31,0,0,,,,,174,,,,,,,,,,,,,,,,,,,,,,,,,,,,,
59.87397925002733,unswapping,,,,,,,,,,,,,,,,,,,,,,,,,,,,,,,,,,,,,,,,,4,4,568,422,246,62,6,right,1,30,30,0,0,,,,,174,,,,,,,,,,,,,,,,,,,,,,,,,,,,,
60.241474625014234,unswap_cycle_summary,,,,,,14,6,20,,,,,,,,,,,,,,,,,,,512,0.0006,,,,,,,,,,,,,4,4,568,422,246,62,,,,,,,,,,,,,,,,,,,,4,6.937856833043043,20,2593,2573,3,False,,,,,,,,,,,,,,,
62.57362991705304,rewiring,,,,,,,,,,,,,,,,,,,,,,,,,,,,,,,,,,,,,,,,,,,,,,,,,,,,,,,,,,,,,,,,,,4,,,,,,,left,post_unswap,2.322101957979612,50,1637,False,False,False,3,1,none,0.0,123,2.322093875030987,4.416507208021358
64.66764575004345,rewiring,,,,,,,,,,,,,,,,,,,,,,,,,,,,,,,,,,,,,,,,,,,,,,,,,,,,,,,,,,,,,,,,,,4,,,,,,,right,post_unswap,2.0936142920400016,50,1810,False,False,False,3,1,none,0.0,123,2.0936036249622703,4.416507208021358
64.6882201670087,cycle_progress,,,,,,14,6,20,,,,,,,,,,,,,,,,,,,512,0.0006,,388,0,,,,,,,,,,4,4,568,422,246,62,,,,,,,,,,,,,,,,,,,,4,,20,2593,2573,3,False,,,,,,,,,,,,,,,4.416507208021358
64.77548612502869,absorbing,L,1,0,1515,1734,14,6,20,15,0,0,0.034185249998699874,0.031764292041771114,0.06594954204047099,0.07478987501235679,568,872,4,4,False,False,False,False,568,4,False,512,0.0006,,568,0,total_elems,568,872,1,1,,,,0.0,4,4,568,422,246,62,,,,,,,,,,,,,,,,,,,,,,,,,,,,,,,,,,,,,,,,,
64.85509054199792,absorbing,R,1,1,1515,1734,14,6,20,11,0,0,0.033616208005696535,0.03208116698078811,0.06569737498648465,0.06649620900861919,972,872,4,4,False,False,False,False,872,4,False,512,0.0006,,568,0,total_elems,972,872,1,1,,,,0.0,4,4,872,486,246,62,,,,,,,,,,,,,,,,,,,,,,,,,,,,,,,,,,,,,,,,,
64.93311791704036,absorbing,L,2,1,1515,1734,14,6,20,16,0,0,0.03336016699904576,0.030985500023234636,0.0643456670222804,0.06516479200217873,1436,1596,4,8,False,False,False,False,1436,4,False,512,0.0006,,568,0,total_elems,1436,1596,1,1,,,,0.0,4,4,1436,550,246,62,,,,,,,,,,,,,,,,,,,,,,,,,,,,,,,,,,,,,,,,,
65.01719916705042,absorbing,R,2,2,1515,1734,14,6,20,10,0,0,0.0353387919603847,0.032790833967737854,0.06812962592812255,0.068967875035014,2972,2436,16,16,False,False,False,False,2436,16,False,512,0.0006,,568,0,total_elems,2972,2436,1,1,,,,0.0,16,4,2436,630,246,62,,,,,,,,,,,,,,,,,,,,,,,,,,,,,,,,,,,,,,,,,
65.09779666701797,absorbing,R,2,3,1515,1734,14,6,20,9,0,0,0.034696416987571865,0.031921375019010156,0.06661779200658202,0.06743862497387454,4964,3572,16,16,False,False,False,False,3572,16,False,512,0.0006,,568,0,total_elems,4964,3572,1,1,,,,0.0,16,4,3572,698,246,62,,,,,,,,,,,,,,,,,,,,,,,,,,,,,,,,,,,,,,,,,
65.17743033403531,absorbing,L,3,3,1515,1734,15,6,21,16,1,1,0.03431650000857189,0.031151333008892834,0.06546783301746473,0.06622633303049952,6988,7160,16,16,False,False,False,False,6988,16,False,512,0.0006,,568,0,total_elems,6988,7160,1,1,,,,0.0,16,4,6988,864,246,62,,,,,,,,,,,,,,,,,,,,,,,,,,,,,,,,,,,,,,,,,
65.27239704201929,absorbing,R,3,4,1515,1734,15,6,21,8,0,1,0.04280133300926536,0.037945666001178324,0.08074699901044369,0.08166987501317635,13012,12596,16,16,False,False,False,False,12596,16,False,512,0.0006,,568,0,total_elems,13012,12596,1,1,,,,0.0,16,4,12596,988,246,62,,,,,,,,,,,,,,,,,,,,,,,,,,,,,,,,,,,,,,,,,
65.37289054202847,absorbing,L,4,4,1515,1734,17,6,23,17,2,3,0.04225629201391712,0.043565166008193046,0.08582145802211016,0.08662970905425027,17756,26736,32,64,False,False,False,False,17756,32,False,512,0.0006,,568,0,total_elems,17756,26736,1,1,,,,0.0,32,4,17756,1158,246,62,,,,,,,,,,,,,,,,,,,,,,,,,,,,,,,,,,,,,,,,,
65.48953354201512,absorbing,R,4,5,1515,1734,17,6,23,8,0,3,0.057231875020079315,0.045533500029705465,0.10276537504978478,0.10353750002104789,35480,32536,64,64,False,False,False,False,32536,64,False,512,0.0006,,568,0,total_elems,35480,32536,1,1,,,,0.0,64,4,32536,1408,246,62,,,,,,,,,,,,,,,,,,,,,,,,,,,,,,,,,,,,,,,,,
65.6116485420498,absorbing,R,4,6,1515,1734,17,6,23,6,0,3,0.05975987500278279,0.04830762499477714,0.10806749999755993,0.1089006660040468,41720,36664,64,64,False,False,False,False,36664,64,False,512,0.0006,,568,0,total_elems,41720,36664,1,1,,,,0.0,64,4,36664,1518,246,62,,,,,,,,,,,,,,,,,,,,,,,,,,,,,,,,,,,,,,,,,
65.7764128750423,absorbing,L,5,6,1515,1734,17,6,23,20,0,3,0.07273124996572733,0.07598720799433067,0.148718457960058,0.151229000010062,48632,67512,64,64,False,False,False,False,48632,64,False,512,0.0006,,568,0,total_elems,48632,67512,1,1,,,,0.0,64,4,48632,1790,246,62,,,,,,,,,,,,,,,,,,,,,,,,,,,,,,,,,,,,,,,,,
65.96377312502591,absorbing,R,5,7,1515,1734,17,6,23,9,0,3,0.09734804194886237,0.07623000000603497,0.17357804195489734,0.17436437495052814,138680,84536,64,64,False,False,False,False,84536,64,False,512,0.0006,,568,0,total_elems,138680,84536,1,1,,,,0.0,64,4,84536,2374,246,62,,,,,,,,,,,,,,,,,,,,,,,,,,,,,,,,,,,,,,,,,
66.30116300005466,absorbing,R,5,8,1515,1734,17,6,23,9,0,3,0.17593258299166337,0.14735250000376254,0.3232850829954259,0.3242147919954732,249016,203832,64,64,False,False,False,False,203832,64,False,512,0.0006,,568,0,total_elems,249016,203832,1,1,,,,0.0,64,4,203832,2942,246,62,,,,,,,,,,,,,,,,,,,,,,,,,,,,,,,,,,,,,,,,,
66.90856833400903,absorbing,R,5,9,1515,1734,17,6,23,9,0,3,0.3253264999948442,0.26789600000483915,0.5932224999996834,0.5939990420010872,512184,487416,256,256,False,False,True,False,487416,256,False,512,0.0006,,568,0,total_elems,512184,487416,1,1,,,,0.0,256,4,487416,4150,246,62,,,,,,,,,,,,,,,,,,,,,,,,,,,,,,,,,,,,,,,,,
74.61584287503501,unswapping,,,,,,,,,,,,,,,,,,,,,,,,,,,,,,,,,,,,,,,,,256,4,1110096,5500,246,62,0,both,0,31,31,4,4,,,,,0,,,,,,,,,,,,,,,,,,,,,,,,,,,,,
80.15096633404028,unswapping,,,,,,,,,,,,,,,,,,,,,,,,,,,,,,,,,,,,,,,,,256,4,536208,4172,246,62,0,both,1,30,30,7,11,,,,,0,,,,,,,,,,,,,,,,,,,,,,,,,,,,,
81.25016262504505,unswapping,,,,,,,,,,,,,,,,,,,,,,,,,,,,,,,,,,,,,,,,,128,4,208496,2732,246,62,0,left,0,31,31,20,31,,,,,40,,,,,,,,,,,,,,,,,,,,,,,,,,,,,
81.74290637503145,unswapping,,,,,,,,,,,,,,,,,,,,,,,,,,,,,,,,,,,,,,,,,64,4,85724,1956,246,62,0,left,1,30,30,17,48,,,,,74,,,,,,,,,,,,,,,,,,,,,,,,,,,,,
81.90954112500185,unswapping,,,,,,,,,,,,,,,,,,,,,,,,,,,,,,,,,,,,,,,,,64,4,66860,1664,246,62,0,right,0,31,31,6,54,,,,,74,,,,,,,,,,,,,,,,,,,,,,,,,,,,,
82.09060879203025,unswapping,,,,,,,,,,,,,,,,,,,,,,,,,,,,,,,,,,,,,,,,,64,4,38084,1418,246,62,0,right,1,30,30,9,63,,,,,86,,,,,,,,,,,,,,,,,,,,,,,,,,,,,
82.2786293750396,unswapping,,,,,,,,,,,,,,,,,,,,,,,,,,,,,,,,,,,,,,,,,32,4,20136,1118,246,62,1,both,0,31,31,8,8,,,,,108,,,,,,,,,,,,,,,,,,,,,,,,,,,,,
82.41243941703578,unswapping,,,,,,,,,,,,,,,,,,,,,,,,,,,,,,,,,,,,,,,,,32,4,18156,1064,246,62,1,both,1,30,30,4,12,,,,,118,,,,,,,,,,,,,,,,,,,,,,,,,,,,,
82.49342795903794,unswapping,,,,,,,,,,,,,,,,,,,,,,,,,,,,,,,,,,,,,,,,,32,4,15976,984,246,62,1,left,0,31,31,8,20,,,,,130,,,,,,,,,,,,,,,,,,,,,,,,,,,,,
82.56558754201978,unswapping,,,,,,,,,,,,,,,,,,,,,,,,,,,,,,,,,,,,,,,,,32,4,13456,930,246,62,1,left,1,30,30,3,23,,,,,136,,,,,,,,,,,,,,,,,,,,,,,,,,,,,
82.61950300005265,unswapping,,,,,,,,,,,,,,,,,,,,,,,,,,,,,,,,,,,,,,,,,32,4,12304,906,246,62,1,right,0,31,31,1,24,,,,,136,,,,,,,,,,,,,,,,,,,,,,,,,,,,,
82.68423104204703,unswapping,,,,,,,,,,,,,,,,,,,,,,,,,,,,,,,,,,,,,,,,,32,4,11284,876,246,62,1,right,1,30,30,3,27,,,,,142,,,,,,,,,,,,,,,,,,,,,,,,,,,,,
82.81050700001651,unswapping,,,,,,,,,,,,,,,,,,,,,,,,,,,,,,,,,,,,,,,,,32,4,6940,784,246,62,2,both,0,31,31,7,7,,,,,146,,,,,,,,,,,,,,,,,,,,,,,,,,,,,
82.91946220904356,unswapping,,,,,,,,,,,,,,,,,,,,,,,,,,,,,,,,,,,,,,,,,16,4,4304,666,246,62,2,both,1,30,30,8,15,,,,,168,,,,,,,,,,,,,,,,,,,,,,,,,,,,,
82.9793010840076,unswapping,,,,,,,,,,,,,,,,,,,,,,,,,,,,,,,,,,,,,,,,,16,4,3444,620,246,62,2,left,0,31,31,4,19,,,,,174,,,,,,,,,,,,,,,,,,,,,,,,,,,,,
83.03695575002348,unswapping,,,,,,,,,,,,,,,,,,,,,,,,,,,,,,,,,,,,,,,,,16,4,3324,608,246,62,2,left,1,30,30,2,21,,,,,178,,,,,,,,,,,,,,,,,,,,,,,,,,,,,
83.09332637500484,unswapping,,,,,,,,,,,,,,,,,,,,,,,,,,,,,,,,,,,,,,,,,16,4,3212,598,246,62,2,right,0,31,31,2,23,,,,,182,,,,,,,,,,,,,,,,,,,,,,,,,,,,,
83.14902820903808,unswapping,,,,,,,,,,,,,,,,,,,,,,,,,,,,,,,,,,,,,,,,,8,4,2372,570,246,62,2,right,1,30,30,2,25,,,,,184,,,,,,,,,,,,,,,,,,,,,,,,,,,,,
83.2514817090123,unswapping,,,,,,,,,,,,,,,,,,,,,,,,,,,,,,,,,,,,,,,,,8,4,1844,534,246,62,3,both,0,31,31,7,7,,,,,196,,,,,,,,,,,,,,,,,,,,,,,,,,,,,
83.35175341705326,unswapping,,,,,,,,,,,,,,,,,,,,,,,,,,,,,,,,,,,,,,,,,8,4,1428,498,246,62,3,both,1,30,30,6,13,,,,,202,,,,,,,,,,,,,,,,,,,,,,,,,,,,,
83.40672625001753,unswapping,,,,,,,,,,,,,,,,,,,,,,,,,,,,,,,,,,,,,,,,,8,4,1332,486,246,62,3,left,0,31,31,2,15,,,,,206,,,,,,,,,,,,,,,,,,,,,,,,,,,,,
83.46701504202792,unswapping,,,,,,,,,,,,,,,,,,,,,,,,,,,,,,,,,,,,,,,,,8,4,1308,480,246,62,3,left,1,30,30,1,16,,,,,208,,,,,,,,,,,,,,,,,,,,,,,,,,,,,
83.49229112500325,unswapping,,,,,,,,,,,,,,,,,,,,,,,,,,,,,,,,,,,,,,,,,8,4,1308,480,246,62,3,right,0,31,31,0,16,,,,,208,,,,,,,,,,,,,,,,,,,,,,,,,,,,,
83.51678345905384,unswapping,,,,,,,,,,,,,,,,,,,,,,,,,,,,,,,,,,,,,,,,,8,4,1308,480,246,62,3,right,1,30,30,0,16,,,,,208,,,,,,,,,,,,,,,,,,,,,,,,,,,,,
83.60670704202494,unswapping,,,,,,,,,,,,,,,,,,,,,,,,,,,,,,,,,,,,,,,,,8,4,1296,478,246,62,4,both,0,31,31,1,1,,,,,208,,,,,,,,,,,,,,,,,,,,,,,,,,,,,
83.65353729203343,unswapping,,,,,,,,,,,,,,,,,,,,,,,,,,,,,,,,,,,,,,,,,8,4,1296,478,246,62,4,both,1,30,30,0,1,,,,,208,,,,,,,,,,,,,,,,,,,,,,,,,,,,,
83.67765300004976,unswapping,,,,,,,,,,,,,,,,,,,,,,,,,,,,,,,,,,,,,,,,,8,4,1296,478,246,62,4,left,0,31,31,0,1,,,,,208,,,,,,,,,,,,,,,,,,,,,,,,,,,,,
83.70199054200202,unswapping,,,,,,,,,,,,,,,,,,,,,,,,,,,,,,,,,,,,,,,,,8,4,1296,478,246,62,4,left,1,30,30,0,1,,,,,208,,,,,,,,,,,,,,,,,,,,,,,,,,,,,
83.72580133401789,unswapping,,,,,,,,,,,,,,,,,,,,,,,,,,,,,,,,,,,,,,,,,8,4,1296,478,246,62,4,right,0,31,31,0,1,,,,,208,,,,,,,,,,,,,,,,,,,,,,,,,,,,,
83.74956445902353,unswapping,,,,,,,,,,,,,,,,,,,,,,,,,,,,,,,,,,,,,,,,,8,4,1296,478,246,62,4,right,1,30,30,0,1,,,,,208,,,,,,,,,,,,,,,,,,,,,,,,,,,,,
83.79563879204215,unswapping,,,,,,,,,,,,,,,,,,,,,,,,,,,,,,,,,,,,,,,,,8,4,1296,478,246,62,5,both,0,31,31,0,0,,,,,208,,,,,,,,,,,,,,,,,,,,,,,,,,,,,
83.84078358404804,unswapping,,,,,,,,,,,,,,,,,,,,,,,,,,,,,,,,,,,,,,,,,8,4,1296,478,246,62,5,both,1,30,30,0,0,,,,,208,,,,,,,,,,,,,,,,,,,,,,,,,,,,,
83.86486925004283,unswapping,,,,,,,,,,,,,,,,,,,,,,,,,,,,,,,,,,,,,,,,,8,4,1296,478,246,62,5,left,0,31,31,0,0,,,,,208,,,,,,,,,,,,,,,,,,,,,,,,,,,,,
83.88854362501297,unswapping,,,,,,,,,,,,,,,,,,,,,,,,,,,,,,,,,,,,,,,,,8,4,1296,478,246,62,5,left,1,30,30,0,0,,,,,208,,,,,,,,,,,,,,,,,,,,,,,,,,,,,
83.9117018340039,unswapping,,,,,,,,,,,,,,,,,,,,,,,,,,,,,,,,,,,,,,,,,8,4,1296,478,246,62,5,right,0,31,31,0,0,,,,,208,,,,,,,,,,,,,,,,,,,,,,,,,,,,,
83.93495258403709,unswapping,,,,,,,,,,,,,,,,,,,,,,,,,,,,,,,,,,,,,,,,,8,4,1296,478,246,62,5,right,1,30,30,0,0,,,,,208,,,,,,,,,,,,,,,,,,,,,,,,,,,,,
84.3992611670401,unswap_cycle_summary,,,,,,17,6,23,,,,,,,,,,,,,,,,,,,512,0.0006,,,,,,,,,,,,,8,4,1296,478,246,62,,,,,,,,,,,,,,,,,,,,5,15.62119191599777,23,2593,2570,3,False,,,,,,,,,,,,,,,
86.87858370901085,rewiring,,,,,,,,,,,,,,,,,,,,,,,,,,,,,,,,,,,,,,,,,,,,,,,,,,,,,,,,,,,,,,,,,,5,,,,,,,left,post_unswap,2.4669382499996573,50,1512,False,False,False,3,1,none,0.0,123,2.4669317500083707,4.566826249996666
88.97814995900262,rewiring,,,,,,,,,,,,,,,,,,,,,,,,,,,,,,,,,,,,,,,,,,,,,,,,,,,,,,,,,,,,,,,,,,5,,,,,,,right,post_unswap,2.0993353329831734,50,1727,False,False,False,3,1,none,0.0,123,2.0993301669950597,4.566826249996666
89.00245054200059,cycle_progress,,,,,,17,6,23,,,,,,,,,,,,,,,,,,,512,0.0006,,568,0,,,,,,,,,,8,4,1296,478,246,62,,,,,,,,,,,,,,,,,,,,5,,23,2593,2570,3,False,,,,,,,,,,,,,,,4.566826249996666
89.10685600002762,absorbing,L,1,0,1708,1725,17,6,23,15,0,0,0.038216209039092064,0.03998800000408664,0.07820420904317871,0.0886239999672398,1296,2328,8,16,False,False,False,False,1296,8,False,512,0.0006,,1296,0,total_elems,1296,2328,1,1,,,,0.0,8,4,1296,478,246,62,,,,,,,,,,,,,,,,,,,,,,,,,,,,,,,,,,,,,,,,,
89.19913250004174,absorbing,L,2,0,1708,1725,17,6,23,16,0,0,0.037503042025491595,0.035336833039764315,0.07283987506525591,0.07377487502526492,1860,2328,8,16,False,False,False,False,1860,8,False,512,0.0006,,1296,0,total_elems,1860,2328,1,1,,,,0.0,8,4,1860,564,246,62,,,,,,,,,,,,,,,,,,,,,,,,,,,,,,,,,,,,,,,,,
89.29059587500524,absorbing,R,2,1,1708,1725,17,6,23,13,0,0,0.0377673750044778,0.03412058303365484,0.07188795803813264,0.07277324999449775,4044,2528,16,8,False,False,False,False,2528,8,False,512,0.0006,,1296,0,total_elems,4044,2528,1,1,,,,0.0,8,4,2528,616,246,62,,,,,,,,,,,,,,,,,,,,,,,,,,,,,,,,,,,,,,,,,
89.37648708402412,absorbing,R,2,2,1708,1725,17,6,23,13,0,0,0.03412533295340836,0.032896958000492305,0.06702229095390067,0.06785945798037574,5104,4800,16,16,False,False,False,False,4800,16,False,512,0.0006,,1296,0,total_elems,5104,4800,1,1,,,,0.0,16,4,4800,744,246,62,,,,,,,,,,,,,,,,,,,,,,,,,,,,,,,,,,,,,,,,,
89.4626497090212,absorbing,L,3,2,1708,1725,17,6,23,21,0,0,0.03712229197844863,0.0331577499746345,0.07028004195308313,0.07107616699067876,6200,8352,16,16,False,False,False,False,6200,16,False,512,0.0006,,1296,0,total_elems,6200,8352,1,1,,,,0.0,16,4,6200,838,246,62,,,,,,,,,,,,,,,,,,,,,,,,,,,,,,,,,,,,,,,,,
89.54872575000627,absorbing,R,3,3,1708,1725,17,6,23,13,0,0,0.03586045897100121,0.03266145900124684,0.06852191797224805,0.06935016601346433,15164,11004,32,16,False,False,False,False,11004,16,False,512,0.0006,,1296,0,total_elems,15164,11004,1,1,,,,0.0,16,4,11004,996,246,62,,,,,,,,,,,,,,,,,,,,,,,,,,,,,,,,,,,,,,,,,
89.64862258400535,absorbing,L,4,3,1708,1725,17,6,23,20,0,0,0.04290162504184991,0.040816958993673325,0.08371858403552324,0.08459945803042501,18936,21048,32,32,False,False,False,False,18936,32,False,512,0.0006,,1296,0,total_elems,18936,21048,1,1,,,,0.0,32,4,18936,1258,246,62,,,,,,,,,,,,,,,,,,,,,,,,,,,,,,,,,,,,,,,,,
89.77893950004363,absorbing,R,4,4,1708,1725,17,6,23,11,0,0,0.06346874998416752,0.05046679201768711,0.11393554200185463,0.11508054099977016,48032,33816,64,32,False,False,False,False,33816,32,False,512,0.0006,,1296,0,total_elems,48032,33816,1,1,,,,0.0,32,4,33816,1512,246,62,,,,,,,,,,,,,,,,,,,,,,,,,,,,,,,,,,,,,,,,,
89.94043750001583,absorbing,R,4,5,1708,1725,17,6,23,10,0,0,0.08279762498568743,0.06233783299103379,0.14513545797672123,0.14621712500229478,75680,59608,128,64,False,False,False,False,59608,64,False,512,0.0006,,1296,0,total_elems,75680,59608,1,1,,,,0.0,64,4,59608,1888,246,62,,,,,,,,,,,,,,,,,,,,,,,,,,,,,,,,,,,,,,,,,
90.2119560840074,absorbing,L,5,5,1708,1725,17,6,23,22,0,0,0.14859820797573775,0.10487229196587577,0.2534704999416135,0.2543349580373615,124448,141208,128,128,False,False,False,False,124448,128,False,512,0.0006,,1296,0,total_elems,124448,141208,1,1,,,,0.0,128,4,124448,2412,246,62,,,,,,,,,,,,,,,,,,,,,,,,,,,,,,,,,,,,,,,,,
90.64073025004473,absorbing,L,6,5,1708,1725,18,6,24,20,1,1,0.21465154201723635,0.19803162495372817,0.4126831669709645,0.413488749996759,290048,317664,128,256,False,False,False,False,290048,128,False,512,0.0006,,1296,0,total_elems,290048,317664,1,1,,,,0.0,128,4,290048,3538,246,62,,,,,,,,,,,,,,,,,,,,,,,,,,,,,,,,,,,,,,,,,
93.69338029203936,unswapping,,,,,,,,,,,,,,,,,,,,,,,,,,,,,,,,,,,,,,,,,128,4,550684,4536,246,62,0,both,0,31,31,6,6,,,,,0,,,,,,,,,,,,,,,,,,,,,,,,,,,,,
96.72470645903377,unswapping,,,,,,,,,,,,,,,,,,,,,,,,,,,,,,,,,,,,,,,,,128,4,457116,4168,246,62,0,both,1,30,30,5,11,,,,,0,,,,,,,,,,,,,,,,,,,,,,,,,,,,,
97.99236929201288,unswapping,,,,,,,,,,,,,,,,,,,,,,,,,,,,,,,,,,,,,,,,,128,4,175456,2790,246,62,0,left,0,31,31,19,30,,,,,38,,,,,,,,,,,,,,,,,,,,,,,,,,,,,
98.38269550004043,unswapping,,,,,,,,,,,,,,,,,,,,,,,,,,,,,,,,,,,,,,,,,64,4,86984,1970,246,62,0,left,1,30,30,18,48,,,,,74,,,,,,,,,,,,,,,,,,,,,,,,,,,,,
98.6319265839993,unswapping,,,,,,,,,,,,,,,,,,,,,,,,,,,,,,,,,,,,,,,,,64,4,80304,1852,246,62,0,right,0,31,31,4,52,,,,,78,,,,,,,,,,,,,,,,,,,,,,,,,,,,,
98.8776309590321,unswapping,,,,,,,,,,,,,,,,,,,,,,,,,,,,,,,,,,,,,,,,,64,4,35472,1512,246,62,0,right,1,30,30,9,61,,,,,94,,,,,,,,,,,,,,,,,,,,,,,,,,,,,
99.06578691705363,unswapping,,,,,,,,,,,,,,,,,,,,,,,,,,,,,,,,,,,,,,,,,32,4,15200,1058,246,62,1,both,0,31,31,14,14,,,,,122,,,,,,,,,,,,,,,,,,,,,,,,,,,,,
99.19960391701898,unswapping,,,,,,,,,,,,,,,,,,,,,,,,,,,,,,,,,,,,,,,,,32,4,9824,892,246,62,1,both,1,30,30,6,20,,,,,136,,,,,,,,,,,,,,,,,,,,,,,,,,,,,
99.26690145902103,unswapping,,,,,,,,,,,,,,,,,,,,,,,,,,,,,,,,,,,,,,,,,16,4,7888,834,246,62,1,left,0,31,31,5,25,,,,,144,,,,,,,,,,,,,,,,,,,,,,,,,,,,,
99.33813675004058,unswapping,,,,,,,,,,,,,,,,,,,,,,,,,,,,,,,,,,,,,,,,,16,4,5120,730,246,62,1,left,1,30,30,11,36,,,,,164,,,,,,,,,,,,,,,,,,,,,,,,,,,,,
99.40135570900748,unswapping,,,,,,,,,,,,,,,,,,,,,,,,,,,,,,,,,,,,,,,,,16,4,3832,648,246,62,1,right,0,31,31,8,44,,,,,164,,,,,,,,,,,,,,,,,,,,,,,,,,,,,
99.45839741703821,unswapping,,,,,,,,,,,,,,,,,,,,,,,,,,,,,,,,,,,,,,,,,16,4,3708,638,246,62,1,right,1,30,30,2,46,,,,,166,,,,,,,,,,,,,,,,,,,,,,,,,,,,,
99.56677299999865,unswapping,,,,,,,,,,,,,,,,,,,,,,,,,,,,,,,,,,,,,,,,,16,4,3204,602,246,62,2,both,0,31,31,6,6,,,,,178,,,,,,,,,,,,,,,,,,,,,,,,,,,,,
99.67090000002645,unswapping,,,,,,,,,,,,,,,,,,,,,,,,,,,,,,,,,,,,,,,,,16,4,2700,564,246,62,2,both,1,30,30,6,12,,,,,186,,,,,,,,,,,,,,,,,,,,,,,,,,,,,
99.73139812500449,unswapping,,,,,,,,,,,,,,,,,,,,,,,,,,,,,,,,,,,,,,,,,16,4,2484,542,246,62,2,left,0,31,31,4,16,,,,,192,,,,,,,,,,,,,,,,,,,,,,,,,,,,,
99.7900960840052,unswapping,,,,,,,,,,,,,,,,,,,,,,,,,,,,,,,,,,,,,,,,,16,4,2436,532,246,62,2,left,1,30,30,2,18,,,,,196,,,,,,,,,,,,,,,,,,,,,,,,,,,,,
99.83551258401712,unswapping,,,,,,,,,,,,,,,,,,,,,,,,,,,,,,,,,,,,,,,,,16,4,2276,524,246,62,2,right,0,31,31,1,19,,,,,196,,,,,,,,,,,,,,,,,,,,,,,,,,,,,
99.88005891704233,unswapping,,,,,,,,,,,,,,,,,,,,,,,,,,,,,,,,,,,,,,,,,16,4,2264,522,246,62,2,right,1,30,30,1,20,,,,,194,,,,,,,,,,,,,,,,,,,,,,,,,,,,,
99.98204079200514,unswapping,,,,,,,,,,,,,,,,,,,,,,,,,,,,,,,,,,,,,,,,,16,4,2212,516,246,62,3,both,0,31,31,2,2,,,,,198,,,,,,,,,,,,,,,,,,,,,,,,,,,,,
100.08397025003796,unswapping,,,,,,,,,,,,,,,,,,,,,,,,,,,,,,,,,,,,,,,,,16,4,1996,504,246,62,3,both,1,30,30,3,5,,,,,196,,,,,,,,,,,,,,,,,,,,,,,,,,,,,
100.10844179202104,unswapping,,,,,,,,,,,,,,,,,,,,,,,,,,,,,,,,,,,,,,,,,16,4,1996,504,246,62,3,left,0,31,31,0,5,,,,,196,,,,,,,,,,,,,,,,,,,,,,,,,,,,,
100.16394800000126,unswapping,,,,,,,,,,,,,,,,,,,,,,,,,,,,,,,,,,,,,,,,,16,4,1960,498,246,62,3,left,1,30,30,1,6,,,,,198,,,,,,,,,,,,,,,,,,,,,,,,,,,,,
100.20831812504912,unswapping,,,,,,,,,,,,,,,,,,,,,,,,,,,,,,,,,,,,,,,,,16,4,1880,496,246,62,3,right,0,31,31,1,7,,,,,198,,,,,,,,,,,,,,,,,,,,,,,,,,,,,
100.26343145902501,unswapping,,,,,,,,,,,,,,,,,,,,,,,,,,,,,,,,,,,,,,,,,8,4,1352,478,246,62,3,right,1,30,30,1,8,,,,,200,,,,,,,,,,,,,,,,,,,,,,,,,,,,,
100.36237916705431,unswapping,,,,,,,,,,,,,,,,,,,,,,,,,,,,,,,,,,,,,,,,,8,4,1016,462,246,62,4,both,0,31,31,2,2,,,,,204,,,,,,,,,,,,,,,,,,,,,,,,,,,,,
100.44846487505129,unswapping,,,,,,,,,,,,,,,,,,,,,,,,,,,,,,,,,,,,,,,,,8,4,1004,460,246,62,4,both,1,30,30,1,3,,,,,206,,,,,,,,,,,,,,,,,,,,,,,,,,,,,
100.4723892500042,unswapping,,,,,,,,,,,,,,,,,,,,,,,,,,,,,,,,,,,,,,,,,8,4,1004,460,246,62,4,left,0,31,31,0,3,,,,,206,,,,,,,,,,,,,,,,,,,,,,,,,,,,,
100.49619804200483,unswapping,,,,,,,,,,,,,,,,,,,,,,,,,,,,,,,,,,,,,,,,,8,4,1004,460,246,62,4,left,1,30,30,0,3,,,,,206,,,,,,,,,,,,,,,,,,,,,,,,,,,,,
100.51959887502016,unswapping,,,,,,,,,,,,,,,,,,,,,,,,,,,,,,,,,,,,,,,,,8,4,1004,460,246,62,4,right,0,31,31,0,3,,,,,206,,,,,,,,,,,,,,,,,,,,,,,,,,,,,
100.57414137502201,unswapping,,,,,,,,,,,,,,,,,,,,,,,,,,,,,,,,,,,,,,,,,8,4,932,454,246,62,4,right,1,30,30,1,4,,,,,208,,,,,,,,,,,,,,,,,,,,,,,,,,,,,
100.67090183403343,unswapping,,,,,,,,,,,,,,,,,,,,,,,,,,,,,,,,,,,,,,,,,8,4,860,450,246,62,5,both,0,31,31,1,1,,,,,208,,,,,,,,,,,,,,,,,,,,,,,,,,,,,
100.75712304201443,unswapping,,,,,,,,,,,,,,,,,,,,,,,,,,,,,,,,,,,,,,,,,4,4,764,442,246,62,5,both,1,30,30,1,2,,,,,210,,,,,,,,,,,,,,,,,,,,,,,,,,,,,
100.7806417090469,unswapping,,,,,,,,,,,,,,,,,,,,,,,,,,,,,,,,,,,,,,,,,4,4,764,442,246,62,5,left,0,31,31,0,2,,,,,210,,,,,,,,,,,,,,,,,,,,,,,,,,,,,
100.80398291704478,unswapping,,,,,,,,,,,,,,,,,,,,,,,,,,,,,,,,,,,,,,,,,4,4,764,442,246,62,5,left,1,30,30,0,2,,,,,210,,,,,,,,,,,,,,,,,,,,,,,,,,,,,
100.84708233404672,unswapping,,,,,,,,,,,,,,,,,,,,,,,,,,,,,,,,,,,,,,,,,4,4,700,438,246,62,5,right,0,31,31,1,3,,,,,212,,,,,,,,,,,,,,,,,,,,,,,,,,,,,
100.86981400003424,unswapping,,,,,,,,,,,,,,,,,,,,,,,,,,,,,,,,,,,,,,,,,4,4,700,438,246,62,5,right,1,30,30,0,3,,,,,212,,,,,,,,,,,,,,,,,,,,,,,,,,,,,
100.91441300004954,unswapping,,,,,,,,,,,,,,,,,,,,,,,,,,,,,,,,,,,,,,,,,4,4,700,438,246,62,6,both,0,31,31,0,0,,,,,212,,,,,,,,,,,,,,,,,,,,,,,,,,,,,
100.95854775002226,unswapping,,,,,,,,,,,,,,,,,,,,,,,,,,,,,,,,,,,,,,,,,4,4,700,438,246,62,6,both,1,30,30,0,0,,,,,212,,,,,,,,,,,,,,,,,,,,,,,,,,,,,
100.98222808400169,unswapping,,,,,,,,,,,,,,,,,,,,,,,,,,,,,,,,,,,,,,,,,4,4,700,438,246,62,6,left,0,31,31,0,0,,,,,212,,,,,,,,,,,,,,,,,,,,,,,,,,,,,
101.00544229202205,unswapping,,,,,,,,,,,,,,,,,,,,,,,,,,,,,,,,,,,,,,,,,4,4,700,438,246,62,6,left,1,30,30,0,0,,,,,212,,,,,,,,,,,,,,,,,,,,,,,,,,,,,
101.02860870904988,unswapping,,,,,,,,,,,,,,,,,,,,,,,,,,,,,,,,,,,,,,,,,4,4,700,438,246,62,6,right,0,31,31,0,0,,,,,212,,,,,,,,,,,,,,,,,,,,,,,,,,,,,
101.05170395900495,unswapping,,,,,,,,,,,,,,,,,,,,,,,,,,,,,,,,,,,,,,,,,4,4,700,438,246,62,6,right,1,30,30,0,0,,,,,212,,,,,,,,,,,,,,,,,,,,,,,,,,,,,
101.59055929200258,unswap_cycle_summary,,,,,,18,6,24,,,,,,,,,,,,,,,,,,,512,0.0006,,,,,,,,,,,,,4,4,700,438,246,62,,,,,,,,,,,,,,,,,,,,6,9.568268041999545,24,2593,2569,1,False,,,,,,,,,,,,,,,
104.07275191700319,rewiring,,,,,,,,,,,,,,,,,,,,,,,,,,,,,,,,,,,,,,,,,,,,,,,,,,,,,,,,,,,,,,,,,,6,,,,,,,left,post_unswap,2.4678445419995114,50,1704,False,False,False,1,1,none,0.0,123,2.4678364159772173,4.6548671670025215
106.25939466705313,rewiring,,,,,,,,,,,,,,,,,,,,,,,,,,,,,,,,,,,,,,,,,,,,,,,,,,,,,,,,,,,,,,,,,,6,,,,,,,right,post_unswap,2.186337999999523,50,1722,False,False,False,1,1,none,0.0,123,2.1863319170079194,4.6548671670025215
106.28836262505502,cycle_progress,,,,,,18,6,24,,,,,,,,,,,,,,,,,,,512,0.0006,,1296,0,,,,,,,,,,4,4,700,438,246,62,,,,,,,,,,,,,,,,,,,,6,,24,2593,2569,1,False,,,,,,,,,,,,,,,4.6548671670025215
106.38414191704942,absorbing,L,1,0,1643,1685,18,6,24,19,0,0,0.03440566698554903,0.03148524998687208,0.06589091697242111,0.07794737501535565,700,1048,4,8,False,False,False,False,700,4,False,512,0.0006,,700,0,total_elems,700,1048,1,1,,,,0.0,4,4,700,438,246,62,,,,,,,,,,,,,,,,,,,,,,,,,,,,,,,,,,,,,,,,,
106.46867395902518,absorbing,R,1,1,1643,1685,18,6,24,9,0,0,0.03414062497904524,0.03193195798667148,0.06607258296571672,0.06688995799049735,1388,1048,8,8,False,False,False,False,1048,8,False,512,0.0006,,700,0,total_elems,1388,1048,1,1,,,,0.0,8,4,1048,494,246,62,,,,,,,,,,,,,,,,,,,,,,,,,,,,,,,,,,,,,,,,,
106.55408495903248,absorbing,R,1,2,1643,1685,18,6,24,9,0,0,0.03350349998800084,0.032393791945651174,0.06589729193365201,0.06668145896401256,1992,1840,8,8,False,False,False,False,1840,8,False,512,0.0006,,700,0,total_elems,1992,1840,1,1,,,,0.0,8,4,1840,552,246,62,,,,,,,,,,,,,,,,,,,,,,,,,,,,,,,,,,,,,,,,,
106.63947141700191,absorbing,L,2,2,1643,1685,18,6,24,23,0,0,0.03361095901345834,0.032225499977357686,0.06583645899081603,0.06663704197853804,2576,3208,8,16,False,False,False,False,2576,8,False,512,0.0006,,700,0,total_elems,2576,3208,1,1,,,,0.0,8,4,2576,642,246,62,,,,,,,,,,,,,,,,,,,,,,,,,,,,,,,,,,,,,,,,,
106.72505287500098,absorbing,R,2,3,1643,1685,18,6,24,10,0,0,0.03390479105291888,0.033394333033356816,0.0672991240862757,0.06813750002766028,5480,4288,16,16,False,False,False,False,4288,16,False,512,0.0006,,700,0,total_elems,5480,4288,1,1,,,,0.0,16,4,4288,726,246,62,,,,,,,,,,,,,,,,,,,,,,,,,,,,,,,,,,,,,,,,,
106.81417683401378,absorbing,R,2,4,1643,1685,18,6,24,8,0,0,0.036511333019007,0.034085999999661,0.070597333018668,0.07144199998583645,8632,7484,16,16,False,False,False,False,7484,16,False,512,0.0006,,700,0,total_elems,8632,7484,1,1,,,,0.0,16,4,7484,840,246,62,,,,,,,,,,,,,,,,,,,,,,,,,,,,,,,,,,,,,,,,,
106.91549816704355,absorbing,L,3,4,1643,1685,18,6,24,21,0,0,0.041275041992776096,0.041329999978188425,0.08260504197096452,0.08346175000770018,14520,15764,16,64,False,False,False,False,14520,16,False,512,0.0006,,700,0,total_elems,14520,15764,1,1,,,,0.0,16,4,14520,1070,246,62,,,,,,,,,,,,,,,,,,,,,,,,,,,,,,,,,,,,,,,,,
107.03546395903686,absorbing,R,3,5,1643,1685,18,6,24,8,0,0,0.057444917038083076,0.04431362502509728,0.10175854206318036,0.10266149998642504,31776,19512,64,48,False,False,False,False,19512,48,False,512,0.0006,,700,0,total_elems,31776,19512,1,1,,,,0.0,48,4,19512,1206,246,62,,,,,,,,,,,,,,,,,,,,,,,,,,,,,,,,,,,,,,,,,
107.15695937501732,absorbing,R,3,6,1643,1685,18,6,24,8,0,0,0.05554462497821078,0.045908416039310396,0.10145304101752117,0.10230862500611693,41056,22744,64,48,False,False,False,False,22744,48,False,512,0.0006,,700,0,total_elems,41056,22744,1,1,,,,0.0,48,4,22744,1266,246,62,,,,,,,,,,,,,,,,,,,,,,,,,,,,,,,,,,,,,,,,,
107.29702900000848,absorbing,R,3,7,1643,1685,18,6,24,10,0,0,0.06496175000211224,0.056624207994900644,0.12158595799701288,0.12244700000155717,46304,29336,64,64,False,False,False,False,29336,64,False,512,0.0006,,700,0,total_elems,46304,29336,1,1,,,,0.0,64,4,29336,1402,246,62,,,,,,,,,,,,,,,,,,,,,,,,,,,,,,,,,,,,,,,,,
107.46440679201623,absorbing,R,3,8,1643,1685,18,6,24,9,0,0,0.08485949999885634,0.06256629101699218,0.14742579101584852,0.1483419580035843,64736,48440,64,64,False,False,False,False,48440,64,False,512,0.0006,,700,0,total_elems,64736,48440,1,1,,,,0.0,64,4,48440,1560,246,62,,,,,,,,,,,,,,,,,,,,,,,,,,,,,,,,,,,,,,,,,
107.6642430840293,absorbing,R,3,9,1643,1685,18,6,24,10,0,0,0.0901474580168724,0.09068641602061689,0.1808338740374893,0.18161591602256522,91712,80280,64,64,False,False,False,False,80280,64,False,512,0.0006,,700,0,total_elems,91712,80280,1,1,,,,0.0,64,4,80280,1854,246,62,,,,,,,,,,,,,,,,,,,,,,,,,,,,,,,,,,,,,,,,,
107.99078395904507,absorbing,R,3,10,1643,1685,18,6,24,10,0,0,0.16924449999351054,0.1389474170282483,0.30819191702175885,0.3090491250040941,142336,93920,64,64,False,False,False,False,93920,64,False,512,0.0006,,700,0,total_elems,142336,93920,1,1,,,,0.0,64,4,93920,2012,246,62,,,,,,,,,,,,,,,,,,,,,,,,,,,,,,,,,,,,,,,,,
108.29665766702965,absorbing,R,3,11,1643,1685,18,7,25,10,1,1,0.1828560410067439,0.10404670902062207,0.286902750027366,0.28847804199904203,275296,129248,256,96,False,False,False,False,129248,96,False,512,0.0006,,700,0,total_elems,275296,129248,1,1,,,,0.0,96,4,129248,2336,246,62,,,,,,,,,,,,,,,,,,,,,,,,,,,,,,,,,,,,,,,,,
108.71418829204049,absorbing,R,3,12,1643,1685,18,7,25,8,0,1,0.22248187504010275,0.17586837499402463,0.3983502500341274,0.40033174998825416,347648,187936,256,128,False,False,False,False,187936,128,False,512,0.0006,,700,0,total_elems,347648,187936,1,1,,,,0.0,128,4,187936,2704,246,62,,,,,,,,,,,,,,,,,,,,,,,,,,,,,,,,,,,,,,,,,
109.14788129203953,absorbing,R,3,13,1643,1685,18,8,26,6,1,2,0.2881886250106618,0.1257913340232335,0.4139799590338953,0.415377291967161,426112,215968,256,128,False,False,False,False,215968,128,False,512,0.0006,,700,0,total_elems,426112,215968,1,1,,,,0.0,128,4,215968,2936,246,62,,,,,,,,,,,,,,,,,,,,,,,,,,,,,,,,,,,,,,,,,
109.67110274999868,absorbing,R,3,14,1643,1685,18,8,26,8,0,2,0.306357332970947,0.1972589999786578,0.5036163329496048,0.5062139999936335,464384,278688,256,128,False,False,False,False,278688,128,False,512,0.0006,,700,0,total_elems,464384,278688,1,1,,,,0.0,128,4,278688,3372,246,62,,,,,,,,,,,,,,,,,,,,,,,,,,,,,,,,,,,,,,,,,
113.85116474999813,unswapping,,,,,,,,,,,,,,,,,,,,,,,,,,,,,,,,,,,,,,,,,256,4,436380,3870,246,62,0,both,0,31,31,6,6,,,,,0,,,,,,,,,,,,,,,,,,,,,,,,,,,,,
115.25837254204089,unswapping,,,,,,,,,,,,,,,,,,,,,,,,,,,,,,,,,,,,,,,,,128,4,255996,2948,246,62,0,both,1,30,30,9,15,,,,,0,,,,,,,,,,,,,,,,,,,,,,,,,,,,,
116.03729616705095,unswapping,,,,,,,,,,,,,,,,,,,,,,,,,,,,,,,,,,,,,,,,,128,4,214916,2666,246,62,0,left,0,31,31,8,23,,,,,16,,,,,,,,,,,,,,,,,,,,,,,,,,,,,
116.58144175005145,unswapping,,,,,,,,,,,,,,,,,,,,,,,,,,,,,,,,,,,,,,,,,96,4,162324,2374,246,62,0,left,1,30,30,11,34,,,,,38,,,,,,,,,,,,,,,,,,,,,,,,,,,,,
117.03050591703504,unswapping,,,,,,,,,,,,,,,,,,,,,,,,,,,,,,,,,,,,,,,,,96,4,138652,2152,246,62,0,right,0,31,31,5,39,,,,,48,,,,,,,,,,,,,,,,,,,,,,,,,,,,,
117.28923395904712,unswapping,,,,,,,,,,,,,,,,,,,,,,,,,,,,,,,,,,,,,,,,,96,4,135228,2080,246,62,0,right,1,30,30,4,43,,,,,56,,,,,,,,,,,,,,,,,,,,,,,,,,,,,
118.4248020000523,unswapping,,,,,,,,,,,,,,,,,,,,,,,,,,,,,,,,,,,,,,,,,95,4,127076,1918,246,62,1,both,0,31,31,9,9,,,,,70,,,,,,,,,,,,,,,,,,,,,,,,,,,,,
119.02791554201394,unswapping,,,,,,,,,,,,,,,,,,,,,,,,,,,,,,,,,,,,,,,,,92,4,58928,1544,246,62,1,both,1,30,30,9,18,,,,,96,,,,,,,,,,,,,,,,,,,,,,,,,,,,,
119.18741316703381,unswapping,,,,,,,,,,,,,,,,,,,,,,,,,,,,,,,,,,,,,,,,,64,4,42504,1380,246,62,1,left,0,31,31,5,23,,,,,104,,,,,,,,,,,,,,,,,,,,,,,,,,,,,
119.29812112502987,unswapping,,,,,,,,,,,,,,,,,,,,,,,,,,,,,,,,,,,,,,,,,64,4,39432,1298,246,62,1,left,1,30,30,4,27,,,,,108,,,,,,,,,,,,,,,,,,,,,,,,,,,,,
119.42795287503395,unswapping,,,,,,,,,,,,,,,,,,,,,,,,,,,,,,,,,,,,,,,,,64,4,37512,1226,246,62,1,right,0,31,31,3,30,,,,,110,,,,,,,,,,,,,,,,,,,,,,,,,,,,,
119.53111637500115,unswapping,,,,,,,,,,,,,,,,,,,,,,,,,,,,,,,,,,,,,,,,,64,4,36528,1198,246,62,1,right,1,30,30,2,32,,,,,114,,,,,,,,,,,,,,,,,,,,,,,,,,,,,
119.78622029203689,unswapping,,,,,,,,,,,,,,,,,,,,,,,,,,,,,,,,,,,,,,,,,64,4,32316,1124,246,62,2,both,0,31,31,5,5,,,,,126,,,,,,,,,,,,,,,,,,,,,,,,,,,,,
119.9751041670097,unswapping,,,,,,,,,,,,,,,,,,,,,,,,,,,,,,,,,,,,,,,,,64,4,28032,1054,246,62,2,both,1,30,30,4,9,,,,,130,,,,,,,,,,,,,,,,,,,,,,,,,,,,,
120.08681979204994,unswapping,,,,,,,,,,,,,,,,,,,,,,,,,,,,,,,,,,,,,,,,,64,4,25440,1008,246,62,2,left,0,31,31,3,12,,,,,134,,,,,,,,,,,,,,,,,,,,,,,,,,,,,
120.17573787504807,unswapping,,,,,,,,,,,,,,,,,,,,,,,,,,,,,,,,,,,,,,,,,64,4,24932,994,246,62,2,left,1,30,30,2,14,,,,,136,,,,,,,,,,,,,,,,,,,,,,,,,,,,,
120.28469458402833,unswapping,,,,,,,,,,,,,,,,,,,,,,,,,,,,,,,,,,,,,,,,,64,4,23860,976,246,62,2,right,0,31,31,2,16,,,,,136,,,,,,,,,,,,,,,,,,,,,,,,,,,,,
120.36233554204227,unswapping,,,,,,,,,,,,,,,,,,,,,,,,,,,,,,,,,,,,,,,,,64,4,23644,970,246,62,2,right,1,30,30,1,17,,,,,138,,,,,,,,,,,,,,,,,,,,,,,,,,,,,
120.55768450000323,unswapping,,,,,,,,,,,,,,,,,,,,,,,,,,,,,,,,,,,,,,,,,64,4,23172,954,246,62,3,both,0,31,31,2,2,,,,,142,,,,,,,,,,,,,,,,,,,,,,,,,,,,,
120.71376479201717,unswapping,,,,,,,,,,,,,,,,,,,,,,,,,,,,,,,,,,,,,,,,,64,4,19968,912,246,62,3,both,1,30,30,3,5,,,,,146,,,,,,,,,,,,,,,,,,,,,,,,,,,,,
120.80982120899716,unswapping,,,,,,,,,,,,,,,,,,,,,,,,,,,,,,,,,,,,,,,,,64,4,14752,872,246,62,3,left,0,31,31,2,7,,,,,148,,,,,,,,,,,,,,,,,,,,,,,,,,,,,
120.88047200004803,unswapping,,,,,,,,,,,,,,,,,,,,,,,,,,,,,,,,,,,,,,,,,16,4,8488,764,246,62,3,left,1,30,30,3,10,,,,,154,,,,,,,,,,,,,,,,,,,,,,,,,,,,,
120.94380929204635,unswapping,,,,,,,,,,,,,,,,,,,,,,,,,,,,,,,,,,,,,,,,,16,4,8340,748,246,62,3,right,0,31,31,3,13,,,,,160,,,,,,,,,,,,,,,,,,,,,,,,,,,,,
121.00579095905414,unswapping,,,,,,,,,,,,,,,,,,,,,,,,,,,,,,,,,,,,,,,,,16,4,8280,742,246,62,3,right,1,30,30,1,14,,,,,162,,,,,,,,,,,,,,,,,,,,,,,,,,,,,
121.12479233404156,unswapping,,,,,,,,,,,,,,,,,,,,,,,,,,,,,,,,,,,,,,,,,16,4,7132,712,246,62,4,both,0,31,31,3,3,,,,,170,,,,,,,,,,,,,,,,,,,,,,,,,,,,,
121.23557758401148,unswapping,,,,,,,,,,,,,,,,,,,,,,,,,,,,,,,,,,,,,,,,,16,4,5804,676,246,62,4,both,1,30,30,3,6,,,,,178,,,,,,,,,,,,,,,,,,,,,,,,,,,,,
121.28536275000079,unswapping,,,,,,,,,,,,,,,,,,,,,,,,,,,,,,,,,,,,,,,,,16,4,5036,660,246,62,4,left,0,31,31,1,7,,,,,178,,,,,,,,,,,,,,,,,,,,,,,,,,,,,
121.34474650002085,unswapping,,,,,,,,,,,,,,,,,,,,,,,,,,,,,,,,,,,,,,,,,16,4,3980,632,246,62,4,left,1,30,30,2,9,,,,,182,,,,,,,,,,,,,,,,,,,,,,,,,,,,,
121.39328604203183,unswapping,,,,,,,,,,,,,,,,,,,,,,,,,,,,,,,,,,,,,,,,,16,4,3944,626,246,62,4,right,0,31,31,1,10,,,,,184,,,,,,,,,,,,,,,,,,,,,,,,,,,,,
121.43964491703082,unswapping,,,,,,,,,,,,,,,,,,,,,,,,,,,,,,,,,,,,,,,,,16,4,3904,622,246,62,4,right,1,30,30,1,11,,,,,186,,,,,,,,,,,,,,,,,,,,,,,,,,,,,
121.54419841704657,unswapping,,,,,,,,,,,,,,,,,,,,,,,,,,,,,,,,,,,,,,,,,16,4,3540,596,246,62,5,both,0,31,31,4,4,,,,,196,,,,,,,,,,,,,,,,,,,,,,,,,,,,,
121.6356176250265,unswapping,,,,,,,,,,,,,,,,,,,,,,,,,,,,,,,,,,,,,,,,,16,4,3516,592,246,62,5,both,1,30,30,2,6,,,,,198,,,,,,,,,,,,,,,,,,,,,,,,,,,,,
121.68421683402266,unswapping,,,,,,,,,,,,,,,,,,,,,,,,,,,,,,,,,,,,,,,,,16,4,3324,584,246,62,5,left,0,31,31,1,7,,,,,200,,,,,,,,,,,,,,,,,,,,,,,,,,,,,
121.7314500840148,unswapping,,,,,,,,,,,,,,,,,,,,,,,,,,,,,,,,,,,,,,,,,16,4,3276,580,246,62,5,left,1,30,30,1,8,,,,,202,,,,,,,,,,,,,,,,,,,,,,,,,,,,,
121.75674791703932,unswapping,,,,,,,,,,,,,,,,,,,,,,,,,,,,,,,,,,,,,,,,,16,4,3276,580,246,62,5,right,0,31,31,0,8,,,,,202,,,,,,,,,,,,,,,,,,,,,,,,,,,,,
121.80147820903221,unswapping,,,,,,,,,,,,,,,,,,,,,,,,,,,,,,,,,,,,,,,,,16,4,3204,574,246,62,5,right,1,30,30,1,9,,,,,204,,,,,,,,,,,,,,,,,,,,,,,,,,,,,
121.90403183404123,unswapping,,,,,,,,,,,,,,,,,,,,,,,,,,,,,,,,,,,,,,,,,16,4,3144,568,246,62,6,both,0,31,31,2,2,,,,,206,,,,,,,,,,,,,,,,,,,,,,,,,,,,,
122.00532500003465,unswapping,,,,,,,,,,,,,,,,,,,,,,,,,,,,,,,,,,,,,,,,,16,4,2940,558,246,62,6,both,1,30,30,2,4,,,,,206,,,,,,,,,,,,,,,,,,,,,,,,,,,,,
122.06277270900318,unswapping,,,,,,,,,,,,,,,,,,,,,,,,,,,,,,,,,,,,,,,,,16,4,2844,550,246,62,6,left,0,31,31,1,5,,,,,208,,,,,,,,,,,,,,,,,,,,,,,,,,,,,
122.11886179202702,unswapping,,,,,,,,,,,,,,,,,,,,,,,,,,,,,,,,,,,,,,,,,16,4,2796,546,246,62,6,left,1,30,30,1,6,,,,,210,,,,,,,,,,,,,,,,,,,,,,,,,,,,,
122.17726462503197,unswapping,,,,,,,,,,,,,,,,,,,,,,,,,,,,,,,,,,,,,,,,,16,4,2652,536,246,62,6,right,0,31,31,2,8,,,,,208,,,,,,,,,,,,,,,,,,,,,,,,,,,,,
122.2221711250022,unswapping,,,,,,,,,,,,,,,,,,,,,,,,,,,,,,,,,,,,,,,,,16,4,2492,528,246,62,6,right,1,30,30,1,9,,,,,208,,,,,,,,,,,,,,,,,,,,,,,,,,,,,
122.32348358404124,unswapping,,,,,,,,,,,,,,,,,,,,,,,,,,,,,,,,,,,,,,,,,16,4,2288,518,246,62,7,both,0,31,31,2,2,,,,,208,,,,,,,,,,,,,,,,,,,,,,,,,,,,,
122.4115267090383,unswapping,,,,,,,,,,,,,,,,,,,,,,,,,,,,,,,,,,,,,,,,,16,4,2048,506,246,62,7,both,1,30,30,2,4,,,,,210,,,,,,,,,,,,,,,,,,,,,,,,,,,,,
122.43630858400138,unswapping,,,,,,,,,,,,,,,,,,,,,,,,,,,,,,,,,,,,,,,,,16,4,2048,506,246,62,7,left,0,31,31,0,4,,,,,210,,,,,,,,,,,,,,,,,,,,,,,,,,,,,
122.46081787504954,unswapping,,,,,,,,,,,,,,,,,,,,,,,,,,,,,,,,,,,,,,,,,16,4,2048,506,246,62,7,left,1,30,30,0,4,,,,,210,,,,,,,,,,,,,,,,,,,,,,,,,,,,,
122.5059425420477,unswapping,,,,,,,,,,,,,,,,,,,,,,,,,,,,,,,,,,,,,,,,,16,4,1728,498,246,62,7,right,0,31,31,1,5,,,,,212,,,,,,,,,,,,,,,,,,,,,,,,,,,,,
122.55023266701028,unswapping,,,,,,,,,,,,,,,,,,,,,,,,,,,,,,,,,,,,,,,,,8,4,1344,482,246,62,7,right,1,30,30,1,6,,,,,214,,,,,,,,,,,,,,,,,,,,,,,,,,,,,
122.65047300001606,unswapping,,,,,,,,,,,,,,,,,,,,,,,,,,,,,,,,,,,,,,,,,8,4,1092,468,246,62,8,both,0,31,31,3,3,,,,,218,,,,,,,,,,,,,,,,,,,,,,,,,,,,,
122.7373191670049,unswapping,,,,,,,,,,,,,,,,,,,,,,,,,,,,,,,,,,,,,,,,,8,4,1080,466,246,62,8,both,1,30,30,1,4,,,,,218,,,,,,,,,,,,,,,,,,,,,,,,,,,,,
122.76128016703296,unswapping,,,,,,,,,,,,,,,,,,,,,,,,,,,,,,,,,,,,,,,,,8,4,1080,466,246,62,8,left,0,31,31,0,4,,,,,218,,,,,,,,,,,,,,,,,,,,,,,,,,,,,
122.78519495902583,unswapping,,,,,,,,,,,,,,,,,,,,,,,,,,,,,,,,,,,,,,,,,8,4,1080,466,246,62,8,left,1,30,30,0,4,,,,,218,,,,,,,,,,,,,,,,,,,,,,,,,,,,,
122.80885345902061,unswapping,,,,,,,,,,,,,,,,,,,,,,,,,,,,,,,,,,,,,,,,,8,4,1080,466,246,62,8,right,0,31,31,0,4,,,,,218,,,,,,,,,,,,,,,,,,,,,,,,,,,,,
122.85247729200637,unswapping,,,,,,,,,,,,,,,,,,,,,,,,,,,,,,,,,,,,,,,,,8,4,1008,460,246,62,8,right,1,30,30,1,5,,,,,220,,,,,,,,,,,,,,,,,,,,,,,,,,,,,
122.93919116701,unswapping,,,,,,,,,,,,,,,,,,,,,,,,,,,,,,,,,,,,,,,,,8,4,936,456,246,62,9,both,0,31,31,1,1,,,,,220,,,,,,,,,,,,,,,,,,,,,,,,,,,,,
123.03215695900144,unswapping,,,,,,,,,,,,,,,,,,,,,,,,,,,,,,,,,,,,,,,,,4,4,840,448,246,62,9,both,1,30,30,1,2,,,,,222,,,,,,,,,,,,,,,,,,,,,,,,,,,,,
123.05617045902181,unswapping,,,,,,,,,,,,,,,,,,,,,,,,,,,,,,,,,,,,,,,,,4,4,840,448,246,62,9,left,0,31,31,0,2,,,,,222,,,,,,,,,,,,,,,,,,,,,,,,,,,,,
123.08017954201205,unswapping,,,,,,,,,,,,,,,,,,,,,,,,,,,,,,,,,,,,,,,,,4,4,840,448,246,62,9,left,1,30,30,0,2,,,,,222,,,,,,,,,,,,,,,,,,,,,,,,,,,,,
123.12366199999815,unswapping,,,,,,,,,,,,,,,,,,,,,,,,,,,,,,,,,,,,,,,,,4,4,776,444,246,62,9,right,0,31,31,1,3,,,,,222,,,,,,,,,,,,,,,,,,,,,,,,,,,,,
123.14705154200783,unswapping,,,,,,,,,,,,,,,,,,,,,,,,,,,,,,,,,,,,,,,,,4,4,776,444,246,62,9,right,1,30,30,0,3,,,,,222,,,,,,,,,,,,,,,,,,,,,,,,,,,,,
123.19236125005409,unswapping,,,,,,,,,,,,,,,,,,,,,,,,,,,,,,,,,,,,,,,,,4,4,776,444,246,62,10,both,0,31,31,0,0,,,,,222,,,,,,,,,,,,,,,,,,,,,,,,,,,,,
123.237845167052,unswapping,,,,,,,,,,,,,,,,,,,,,,,,,,,,,,,,,,,,,,,,,4,4,776,444,246,62,10,both,1,30,30,0,0,,,,,222,,,,,,,,,,,,,,,,,,,,,,,,,,,,,
123.26342645904515,unswapping,,,,,,,,,,,,,,,,,,,,,,,,,,,,,,,,,,,,,,,,,4,4,776,444,246,62,10,left,0,31,31,0,0,,,,,222,,,,,,,,,,,,,,,,,,,,,,,,,,,,,
123.28751500003273,unswapping,,,,,,,,,,,,,,,,,,,,,,,,,,,,,,,,,,,,,,,,,4,4,776,444,246,62,10,left,1,30,30,0,0,,,,,222,,,,,,,,,,,,,,,,,,,,,,,,,,,,,
123.31199979200028,unswapping,,,,,,,,,,,,,,,,,,,,,,,,,,,,,,,,,,,,,,,,,4,4,776,444,246,62,10,right,0,31,31,0,0,,,,,222,,,,,,,,,,,,,,,,,,,,,,,,,,,,,
123.33607304200996,unswapping,,,,,,,,,,,,,,,,,,,,,,,,,,,,,,,,,,,,,,,,,4,4,776,444,246,62,10,right,1,30,30,0,0,,,,,222,,,,,,,,,,,,,,,,,,,,,,,,,,,,,
124.39449666702421,unswap_cycle_summary,,,,,,18,8,26,,,,,,,,,,,,,,,,,,,512,0.0006,,,,,,,,,,,,,4,4,776,444,246,62,,,,,,,,,,,,,,,,,,,,7,12.949749708001036,26,2593,2567,2,False,,,,,,,,,,,,,,,
126.89393837505486,rewiring,,,,,,,,,,,,,,,,,,,,,,,,,,,,,,,,,,,,,,,,,,,,,,,,,,,,,,,,,,,,,,,,,,7,,,,,,,left,post_unswap,2.481110249995254,50,1642,False,False,False,2,1,none,0.0,123,2.4811035830061883,4.039373499981593
128.45183145900955,rewiring,,,,,,,,,,,,,,,,,,,,,,,,,,,,,,,,,,,,,,,,,,,,,,,,,,,,,,,,,,,,,,,,,,7,,,,,,,right,post_unswap,1.557303250010591,50,1673,False,False,False,2,1,none,0.0,123,1.5572927089524455,4.039373499981593
128.49108091701055,cycle_progress,,,,,,18,8,26,,,,,,,,,,,,,,,,,,,512,0.0006,,700,0,,,,,,,,,,4,4,776,444,246,62,,,,,,,,,,,,,,,,,,,,7,,26,2593,2567,2,False,,,,,,,,,,,,,,,4.039373499981593
128.5962588750408,absorbing,L,1,0,1522,1740,18,8,26,15,0,0,0.03571204200852662,0.03600570798153058,0.0717177499900572,0.08321766700828448,776,1184,4,8,False,False,False,False,776,4,False,512,0.0006,,776,0,total_elems,776,1184,1,1,,,,0.0,4,4,776,444,246,62,,,,,,,,,,,,,,,,,,,,,,,,,,,,,,,,,,,,,,,,,
128.68799858400598,absorbing,R,1,1,1522,1740,18,9,27,10,1,1,0.03459095797734335,0.03489270794671029,0.06948366592405364,0.07032133301254362,1332,1184,8,8,False,False,False,False,1184,8,False,512,0.0006,,776,0,total_elems,1332,1184,1,1,,,,0.0,8,4,1184,502,246,62,,,,,,,,,,,,,,,,,,,,,,,,,,,,,,,,,,,,,,,,,
128.78796366701135,absorbing,R,1,2,1522,1740,18,9,27,10,0,1,0.041381999966688454,0.03371987503487617,0.07510187500156462,0.07586575002642348,1936,1704,8,8,False,False,False,False,1704,8,False,512,0.0006,,776,0,total_elems,1936,1704,1,1,,,,0.0,8,4,1704,548,246,62,,,,,,,,,,,,,,,,,,,,,,,,,,,,,,,,,,,,,,,,,
128.87986979202833,absorbing,R,1,3,1522,1740,18,9,27,8,0,1,0.03566608298569918,0.03300075000151992,0.0686668329872191,0.06947266694623977,2524,2376,16,16,False,False,False,False,2376,16,False,512,0.0006,,776,0,total_elems,2524,2376,1,1,,,,0.0,16,4,2376,598,246,62,,,,,,,,,,,,,,,,,,,,,,,,,,,,,,,,,,,,,,,,,
128.97059820900904,absorbing,L,2,3,1522,1740,18,9,27,16,0,1,0.03349920903565362,0.03290737501811236,0.06640658405376598,0.06713095802115276,3232,4084,16,16,False,False,False,False,3232,16,False,512,0.0006,,776,0,total_elems,3232,4084,1,1,,,,0.0,16,4,3232,680,246,62,,,,,,,,,,,,,,,,,,,,,,,,,,,,,,,,,,,,,,,,,
129.0718488340499,absorbing,L,3,3,1522,1740,20,9,29,10,2,3,0.04168112500337884,0.03773058403749019,0.07941170904086903,0.08029454195639119,4324,4996,16,16,False,False,False,False,4324,16,False,512,0.0006,,776,0,total_elems,4324,4996,1,1,,,,0.0,16,4,4324,758,246,62,,,,,,,,,,,,,,,,,,,,,,,,,,,,,,,,,,,,,,,,,
129.16910650004866,absorbing,R,3,4,1522,1740,20,10,30,7,1,4,0.039828832959756255,0.035321334027685225,0.07515016698744148,0.07588816701900214,6808,5852,16,16,False,False,False,False,5852,16,False,512,0.0006,,776,0,total_elems,6808,5852,1,1,,,,0.0,16,4,5852,824,246,62,,,,,,,,,,,,,,,,,,,,,,,,,,,,,,,,,,,,,,,,,
129.2592311250046,absorbing,R,3,5,1522,1740,20,11,31,8,1,5,0.03468979202443734,0.03447691700421274,0.06916670902865008,0.06987025000853464,8576,8520,16,16,False,False,False,False,8520,16,False,512,0.0006,,776,0,total_elems,8576,8520,1,1,,,,0.0,16,4,8520,918,246,62,,,,,,,,,,,,,,,,,,,,,,,,,,,,,,,,,,,,,,,,,
129.34891804202925,absorbing,R,3,6,1522,1740,20,11,31,9,0,5,0.03573300002608448,0.032970208034384996,0.06870320806046948,0.06940583401592448,12744,9896,16,16,False,False,False,False,9896,16,False,512,0.0006,,776,0,total_elems,12744,9896,1,1,,,,0.0,16,4,9896,956,246,62,,,,,,,,,,,,,,,,,,,,,,,,,,,,,,,,,,,,,,,,,
129.43853858404327,absorbing,L,4,6,1522,1740,21,11,32,10,1,6,0.03583408298436552,0.03310983401024714,0.06894391699461266,0.06964374997187406,13160,14828,16,27,False,False,False,False,13160,16,False,512,0.0006,,776,0,total_elems,13160,14828,1,1,,,,0.0,16,4,13160,1040,246,62,,,,,,,,,,,,,,,,,,,,,,,,,,,,,,,,,,,,,,,,,
129.54273083404405,absorbing,R,4,7,1522,1740,21,11,32,11,0,6,0.04817083303350955,0.03432645899010822,0.08249729202361777,0.08325454097939655,28196,18092,64,27,False,False,False,False,18092,27,False,512,0.0006,,776,0,total_elems,28196,18092,1,1,,,,0.0,27,4,18092,1182,246,62,,,,,,,,,,,,,,,,,,,,,,,,,,,,,,,,,,,,,,,,,
129.65033145900816,absorbing,R,4,8,1522,1740,21,11,32,11,0,6,0.046570709033403546,0.03985125001054257,0.08642195904394612,0.08719758299412206,32176,24104,64,26,False,False,False,False,24104,26,False,512,0.0006,,776,0,total_elems,32176,24104,1,1,,,,0.0,26,4,24104,1322,246,62,,,,,,,,,,,,,,,,,,,,,,,,,,,,,,,,,,,,,,,,,
129.77284675004194,absorbing,R,4,9,1522,1740,21,12,33,11,1,7,0.04475337499752641,0.05437820800580084,0.09913158300332725,0.10164908395381644,38360,37248,64,48,False,False,False,False,37248,48,False,512,0.0006,,776,0,total_elems,38360,37248,1,1,,,,0.0,48,4,37248,1586,246,62,,,,,,,,,,,,,,,,,,,,,,,,,,,,,,,,,,,,,,,,,
129.94176712504122,absorbing,L,5,9,1522,1740,21,12,33,12,0,7,0.05713091598590836,0.08982587500941008,0.14695679099531844,0.14770891703665257,52320,88800,64,64,False,False,False,False,52320,64,False,512,0.0006,,776,0,total_elems,52320,88800,1,1,,,,0.0,64,4,52320,1882,246,62,,,,,,,,,,,,,,,,,,,,,,,,,,,,,,,,,,,,,,,,,
130.1595973750227,absorbing,L,6,9,1522,1740,22,12,34,11,1,8,0.07975291699403897,0.11607124999864027,0.19582416699267924,0.1966152919922024,64496,121968,64,64,False,False,False,False,64496,64,False,512,0.0006,,776,0,total_elems,64496,121968,1,1,,,,0.0,64,4,64496,2110,246,62,,,,,,,,,,,,,,,,,,,,,,,,,,,,,,,,,,,,,,,,,
130.41478212503716,absorbing,L,7,9,1522,1740,22,12,34,11,0,8,0.11714220902649686,0.11586779198842123,0.2330100010149181,0.23381474998313934,95016,134424,64,64,False,False,False,False,95016,64,False,512,0.0006,,776,0,total_elems,95016,134424,1,1,,,,0.0,64,4,95016,2496,246,62,,,,,,,,,,,,,,,,,,,,,,,,,,,,,,,,,,,,,,,,,
130.69652475003386,absorbing,L,8,9,1522,1740,22,12,34,13,0,8,0.10886504198424518,0.15034604200627655,0.25921108399052173,0.26004216697765514,155216,171104,64,64,False,False,False,False,155216,64,False,512,0.0006,,776,0,total_elems,155216,171104,1,1,,,,0.0,64,4,155216,3024,246,62,,,,,,,,,,,,,,,,,,,,,,,,,,,,,,,,,,,,,,,,,
131.33895508403657,absorbing,R,8,10,1522,1740,22,12,34,13,0,8,0.42496720905182883,0.1881778750102967,0.6131450840621255,0.614989334018901,476352,266272,256,158,False,False,False,False,266272,158,False,512,0.0006,,776,0,total_elems,476352,266272,1,1,,,,0.0,158,4,266272,3878,246,62,,,,,,,,,,,,,,,,,,,,,,,,,,,,,,,,,,,,,,,,,
133.04269804200158,absorbing,R,8,11,1522,1740,22,13,35,13,1,9,0.4386099590337835,1.2408462919993326,1.6794562510331161,1.6825122499722056,665760,469248,256,156,False,False,True,False,469248,156,False,512,0.0006,,776,0,total_elems,665760,469248,1,1,,,,0.0,156,4,469248,4660,246,62,,,,,,,,,,,,,,,,,,,,,,,,,,,,,,,,,,,,,,,,,
