run_id,phase,stream,observable_positions,threshold,threads,status
pps-validation-1,exact_validation,tiny Qiskit panel,5 cases,0.0,1,PASS
pps-p9-smoke-1,p9_smoke,p9_gate_stream,1;8;16;24;32;40;48;56,0.001,18,NO_GO_ZERO_TERMS
pps-p9-conv-1,p9_convergence,p9_gate_stream,1,0.0001,18,ABORTED_RESOURCE_GROWTH
pps-thread-scaling-1,thread_scaling,p9_gate_stream_prefix_200,1,0.001,1,PASS_DETERMINISTIC
pps-thread-scaling-4,thread_scaling,p9_gate_stream_prefix_200,1,0.001,4,PASS_DETERMINISTIC
pps-thread-scaling-8,thread_scaling,p9_gate_stream_prefix_200,1,0.001,8,PASS_DETERMINISTIC
pps-thread-scaling-18,thread_scaling,p9_gate_stream_prefix_200,1,0.001,18,PASS_DETERMINISTIC
python-health-1,environment,repository_nonhardware_tests,146 tests,,1,PASS
measurement-order-1,exact_validation,Qiskit exporter,2 measurements,,1,PASS
