time,stage,rewire_side,rewire_phase,rewire_time_s,remaining_layers_before_rewire,parallel_rewire,adaptive_parallel_rewire,absorb_side,it_left,it_right,layers_left,layers_right,u_consumed_total_left,u_consumed_total_right,u_consumed_total,swap_consumed,u_consumed,u_consumed_after_unswap,probe_left_time_s,probe_right_time_s,probe_total_time_s,probe_wall_time_s,probe_left_total_elems,probe_right_total_elems,probe_left_max_bond,probe_right_max_bond,probe_left_hit_max_bond,probe_right_hit_max_bond,probe_left_over_unswap_threshold,probe_right_over_unswap_threshold,selected_total_elems,selected_max_bond,selected_hit_max_bond,compression_max_bond_limit,compression_cutoff,unswap_trigger_max_bond,cycle_start_total_elems,no_progress_unswap_cycles,absorb_score_mode,probe_left_score,probe_right_score,absorb_lookahead_depth,absorb_lookahead_depth_used,absorb_lookahead_candidates,absorb_lookahead_choice,absorb_lookahead_score,absorb_lookahead_time_s,max_bond,max_links,total_elems,total_shapes,total_links,num_tensors,iteration,side,parity,candidate_pairs,candidate_pairs_total,new_swaps,total_swaps,pair_lookahead_probes,pair_lookahead_candidates,pair_lookahead_current_score,pair_lookahead_best_score,alignment_score,route_proxy_weight,route_proxy_lookahead,route_proxy_rejected_swaps,route_proxy_added_swaps,alignment_weight,alignment_protect_gain,alignment_tie_loss,unswap_cycle,unswap_cycle_time_s,gates_consumed,total_work_gates,remaining_work_gates,cycle_gates_consumed,hit_max_bond,sabre_trials,adaptive_parallel_rewire_probed,cycle_work_consumed_before_rewire,route_candidates,route_score,route_score_time_s,route_chosen_seed,route_rewire_time_s,rewire_wall_time_s,termination_reason,termination_detail,abort_after_no_progress_unswap_cycles,initial_rewire_time_s,initial_rewire_wall_time_s,post_unswap_rewire_time_s,post_unswap_rewire_wall_time_s,absorb_probe_time_s,absorb_probe_wall_time_s,unswap_time_s,accounted_time_s,accounted_wall_time_s
1.6062712080019992,rewiring,left,initial,1.3760651659977157,1355,False,False,,,,,,,,,,,,,,,,,,,,,,,,,,,,,,,,,,,,,,,,,,,,,,,,,,,,,,,,,,,,,,,,,,,,,,,,,,,,,,,,,,,,,,,,,,,,,
2.8305204159987625,rewiring,right,initial,1.2239448750042357,1561,False,False,,,,,,,,,,,,,,,,,,,,,,,,,,,,,,,,,,,,,,,,,,,,,,,,,,,,,,,,,,,,,,,,,,,,,,,,,,,,,,,,,,,,,,,,,,,,,
4.166102250004769,absorbing,,,,,,,L,1,0,1353,1559,0,0,0,11,0,0,1.2864529590005986,0.027071709002484567,1.3135246680030832,1.3140253329911502,224,512,1,4,False,False,False,False,224,1,False,512,0.0006,128,224,0,total_elems,224,512,1,1,,,,0.0,1,4,224,334,222,56,,,,,,,,,,,,,,,,,,,,,,,,,,,,,,,,,,,,,,,,,,,,,,,
4.221981374997995,absorbing,,,,,,,R,1,1,1353,1559,0,0,0,12,0,0,0.027437125012511387,0.024949458995251916,0.052386584007763304,0.052904457988915965,520,512,4,4,False,False,False,False,512,4,False,512,0.0006,128,224,0,total_elems,520,512,1,1,,,,0.0,4,4,512,406,222,56,,,,,,,,,,,,,,,,,,,,,,,,,,,,,,,,,,,,,,,,,,,,,,,
4.279510249994928,absorbing,,,,,,,L,2,1,1353,1559,1,0,1,11,1,1,0.02707195800030604,0.026405165990581736,0.053477123990887776,0.053980625001713634,844,1168,4,4,False,False,False,False,844,4,False,512,0.0006,128,224,0,total_elems,844,1168,1,1,,,,0.0,4,4,844,450,222,56,,,,,,,,,,,,,,,,,,,,,,,,,,,,,,,,,,,,,,,,,,,,,,,
4.336599332993501,absorbing,,,,,,,R,2,2,1353,1559,1,1,2,10,1,2,0.026393542008008808,0.027108291993499734,0.05350183400150854,0.05399566701089498,1864,1456,16,4,False,False,False,False,1456,4,False,512,0.0006,128,224,0,total_elems,1864,1456,1,1,,,,0.0,4,4,1456,504,222,56,,,,,,,,,,,,,,,,,,,,,,,,,,,,,,,,,,,,,,,,,,,,,,,
4.392702583005303,absorbing,,,,,,,L,3,2,1353,1559,1,1,2,14,0,2,0.026478792002308182,0.025950750001356937,0.05242954200366512,0.052922667004168034,2464,2732,16,16,False,False,False,False,2464,16,False,512,0.0006,128,224,0,total_elems,2464,2732,1,1,,,,0.0,16,4,2464,576,222,56,,,,,,,,,,,,,,,,,,,,,,,,,,,,,,,,,,,,,,,,,,,,,,,
4.45085883300635,absorbing,,,,,,,R,3,3,1353,1559,1,1,2,13,0,2,0.02833941600692924,0.026111416998901404,0.054450833005830646,0.05495195899857208,5280,4316,16,16,False,False,False,False,4316,16,False,512,0.0006,128,224,0,total_elems,5280,4316,1,1,,,,0.0,16,4,4316,700,222,56,,,,,,,,,,,,,,,,,,,,,,,,,,,,,,,,,,,,,,,,,,,,,,,
4.510806499994942,absorbing,,,,,,,R,3,4,1353,1559,1,1,2,13,0,2,0.028667000005953014,0.02754595800070092,0.056212958006653935,0.05672387500817422,10116,9464,16,16,False,False,False,False,9464,16,False,512,0.0006,128,224,0,total_elems,10116,9464,1,1,,,,0.0,16,4,9464,844,222,56,,,,,,,,,,,,,,,,,,,,,,,,,,,,,,,,,,,,,,,,,,,,,,,
4.576158041003509,absorbing,,,,,,,R,3,5,1353,1559,1,1,2,13,0,2,0.032225874994765036,0.028909457992995158,0.061135332987760194,0.06163854199985508,26420,13496,64,16,False,False,False,False,13496,16,False,512,0.0006,128,224,0,total_elems,26420,13496,1,1,,,,0.0,16,4,13496,988,222,56,,,,,,,,,,,,,,,,,,,,,,,,,,,,,,,,,,,,,,,,,,,,,,,
4.642501665992313,absorbing,,,,,,,R,3,6,1353,1559,1,1,2,12,0,2,0.033448875008616596,0.02884137500950601,0.062290250018122606,0.06280525001056958,29108,17516,64,16,False,False,False,False,17516,16,False,512,0.0006,128,224,0,total_elems,29108,17516,1,1,,,,0.0,16,4,17516,1102,222,56,,,,,,,,,,,,,,,,,,,,,,,,,,,,,,,,,,,,,,,,,,,,,,,
4.714154665998649,absorbing,,,,,,,L,4,6,1353,1559,2,1,3,14,1,3,0.03530437499284744,0.03219475000514649,0.06749912499799393,0.06802891701227054,33200,36008,64,64,False,False,False,False,33200,64,False,512,0.0006,128,224,0,total_elems,33200,36008,1,1,,,,0.0,64,4,33200,1360,222,56,,,,,,,,,,,,,,,,,,,,,,,,,,,,,,,,,,,,,,,,,,,,,,,
4.803552208002657,absorbing,,,,,,,R,4,7,1353,1559,2,1,3,12,0,3,0.04772879199299496,0.03746083300211467,0.08518962499510963,0.08572741599346045,62508,50120,64,64,False,False,False,False,50120,64,False,512,0.0006,128,224,0,total_elems,62508,50120,1,1,,,,0.0,64,4,50120,1666,222,56,,,,,,,,,,,,,,,,,,,,,,,,,,,,,,,,,,,,,,,,,,,,,,,
4.914481457992224,absorbing,,,,,,,R,4,8,1353,1559,2,2,4,10,1,4,0.05940133400144987,0.04705979200662114,0.106461126008071,0.1070343339961255,87492,85444,64,64,False,False,False,False,85444,64,False,512,0.0006,128,224,0,total_elems,87492,85444,1,1,,,,0.0,64,4,85444,1968,222,56,,,,,,,,,,,,,,,,,,,,,,,,,,,,,,,,,,,,,,,,,,,,,,,
5.082839124996099,absorbing,,,,,,,L,5,8,1353,1559,3,2,5,13,1,5,0.07708237499173265,0.08667200000490993,0.16375437499664258,0.16434204099641647,124352,225600,64,256,False,False,False,False,124352,64,False,512,0.0006,128,224,0,total_elems,124352,225600,1,1,,,,0.0,64,4,124352,2254,222,56,,,,,,,,,,,,,,,,,,,,,,,,,,,,,,,,,,,,,,,,,,,,,,,
5.292077040998265,absorbing,,,,,,,L,6,8,1353,1559,4,2,6,8,1,6,0.10622895900451113,0.09861262499180157,0.2048415839963127,0.20541845800471492,154672,271712,128,256,False,False,False,False,154672,128,False,512,0.0006,128,224,0,total_elems,154672,271712,1,1,,,,0.0,128,4,154672,2488,222,56,,,,,,,,,,,,,,,,,,,,,,,,,,,,,,,,,,,,,,,,,,,,,,,
5.551925624997239,absorbing,,,,,,,R,6,9,1353,1559,4,3,7,9,1,7,0.1662463749962626,0.08918770799937192,0.2554340829956345,0.2560052079934394,357472,230320,256,128,False,False,False,False,230320,128,False,512,0.0006,128,224,0,total_elems,357472,230320,1,1,,,,0.0,128,4,230320,2992,222,56,,,,,,,,,,,,,,,,,,,,,,,,,,,,,,,,,,,,,,,,,,,,,,,
7.900834999993094,unswapping,,,,,,,,,,,,,,,,,,,,,,,,,,,,,,,,,,,,,,,,,,,,,,,256,4,360032,3340,222,56,0,both,0,28,28,3,3,,,,,0,,,,,,,,,,,,,,,,,,,,,,,,,,,,,,,,,,,
8.814426540993736,unswapping,,,,,,,,,,,,,,,,,,,,,,,,,,,,,,,,,,,,,,,,,,,,,,,64,4,192960,2464,222,56,0,both,1,27,27,11,14,,,,,0,,,,,,,,,,,,,,,,,,,,,,,,,,,,,,,,,,,
9.08170541599975,unswapping,,,,,,,,,,,,,,,,,,,,,,,,,,,,,,,,,,,,,,,,,,,,,,,64,4,189156,2364,222,56,0,left,0,28,28,8,22,,,,,16,,,,,,,,,,,,,,,,,,,,,,,,,,,,,,,,,,,
9.434466040998814,unswapping,,,,,,,,,,,,,,,,,,,,,,,,,,,,,,,,,,,,,,,,,,,,,,,64,4,129196,2044,222,56,0,left,1,27,27,10,32,,,,,36,,,,,,,,,,,,,,,,,,,,,,,,,,,,,,,,,,,
9.630263999992167,unswapping,,,,,,,,,,,,,,,,,,,,,,,,,,,,,,,,,,,,,,,,,,,,,,,64,4,59812,1390,222,56,0,right,0,28,28,10,42,,,,,56,,,,,,,,,,,,,,,,,,,,,,,,,,,,,,,,,,,
9.73250124999322,unswapping,,,,,,,,,,,,,,,,,,,,,,,,,,,,,,,,,,,,,,,,,,,,,,,64,4,40364,1202,222,56,0,right,1,27,27,6,48,,,,,68,,,,,,,,,,,,,,,,,,,,,,,,,,,,,,,,,,,
9.905881250000675,unswapping,,,,,,,,,,,,,,,,,,,,,,,,,,,,,,,,,,,,,,,,,,,,,,,64,4,22856,1036,222,56,1,both,0,28,28,7,7,,,,,82,,,,,,,,,,,,,,,,,,,,,,,,,,,,,,,,,,,
10.032921291000093,unswapping,,,,,,,,,,,,,,,,,,,,,,,,,,,,,,,,,,,,,,,,,,,,,,,32,4,11060,794,222,56,1,both,1,27,27,10,17,,,,,108,,,,,,,,,,,,,,,,,,,,,,,,,,,,,,,,,,,
10.088745165994624,unswapping,,,,,,,,,,,,,,,,,,,,,,,,,,,,,,,,,,,,,,,,,,,,,,,32,4,9908,748,222,56,1,left,0,28,28,5,22,,,,,118,,,,,,,,,,,,,,,,,,,,,,,,,,,,,,,,,,,
10.144563291003578,unswapping,,,,,,,,,,,,,,,,,,,,,,,,,,,,,,,,,,,,,,,,,,,,,,,32,4,9824,738,222,56,1,left,1,27,27,2,24,,,,,122,,,,,,,,,,,,,,,,,,,,,,,,,,,,,,,,,,,
10.199829999997746,unswapping,,,,,,,,,,,,,,,,,,,,,,,,,,,,,,,,,,,,,,,,,,,,,,,32,4,9668,720,222,56,1,right,0,28,28,3,27,,,,,128,,,,,,,,,,,,,,,,,,,,,,,,,,,,,,,,,,,
10.254086540997378,unswapping,,,,,,,,,,,,,,,,,,,,,,,,,,,,,,,,,,,,,,,,,,,,,,,32,4,9608,714,222,56,1,right,1,27,27,1,28,,,,,130,,,,,,,,,,,,,,,,,,,,,,,,,,,,,,,,,,,
10.359518083001603,unswapping,,,,,,,,,,,,,,,,,,,,,,,,,,,,,,,,,,,,,,,,,,,,,,,32,4,4184,586,222,56,2,both,0,28,28,9,9,,,,,146,,,,,,,,,,,,,,,,,,,,,,,,,,,,,,,,,,,
10.450382291004644,unswapping,,,,,,,,,,,,,,,,,,,,,,,,,,,,,,,,,,,,,,,,,,,,,,,8,4,1520,464,222,56,2,both,1,27,27,8,17,,,,,160,,,,,,,,,,,,,,,,,,,,,,,,,,,,,,,,,,,
10.498393707996001,unswapping,,,,,,,,,,,,,,,,,,,,,,,,,,,,,,,,,,,,,,,,,,,,,,,8,4,1256,446,222,56,2,left,0,28,28,2,19,,,,,162,,,,,,,,,,,,,,,,,,,,,,,,,,,,,,,,,,,
10.54682204099663,unswapping,,,,,,,,,,,,,,,,,,,,,,,,,,,,,,,,,,,,,,,,,,,,,,,8,4,1072,432,222,56,2,left,1,27,27,2,21,,,,,166,,,,,,,,,,,,,,,,,,,,,,,,,,,,,,,,,,,
10.59482816599484,unswapping,,,,,,,,,,,,,,,,,,,,,,,,,,,,,,,,,,,,,,,,,,,,,,,4,4,760,408,222,56,2,right,0,28,28,3,24,,,,,172,,,,,,,,,,,,,,,,,,,,,,,,,,,,,,,,,,,
10.641726125002606,unswapping,,,,,,,,,,,,,,,,,,,,,,,,,,,,,,,,,,,,,,,,,,,,,,,4,4,640,396,222,56,2,right,1,27,27,2,26,,,,,174,,,,,,,,,,,,,,,,,,,,,,,,,,,,,,,,,,,
10.724308541000937,unswapping,,,,,,,,,,,,,,,,,,,,,,,,,,,,,,,,,,,,,,,,,,,,,,,4,4,508,382,222,56,3,both,0,28,28,3,3,,,,,178,,,,,,,,,,,,,,,,,,,,,,,,,,,,,,,,,,,
10.807941708000726,unswapping,,,,,,,,,,,,,,,,,,,,,,,,,,,,,,,,,,,,,,,,,,,,,,,4,4,460,374,222,56,3,both,1,27,27,4,7,,,,,184,,,,,,,,,,,,,,,,,,,,,,,,,,,,,,,,,,,
10.827252000002773,unswapping,,,,,,,,,,,,,,,,,,,,,,,,,,,,,,,,,,,,,,,,,,,,,,,4,4,460,374,222,56,3,left,0,28,28,0,7,,,,,184,,,,,,,,,,,,,,,,,,,,,,,,,,,,,,,,,,,
10.873550666001393,unswapping,,,,,,,,,,,,,,,,,,,,,,,,,,,,,,,,,,,,,,,,,,,,,,,4,4,396,364,222,56,3,left,1,27,27,2,9,,,,,188,,,,,,,,,,,,,,,,,,,,,,,,,,,,,,,,,,,
10.918805666005937,unswapping,,,,,,,,,,,,,,,,,,,,,,,,,,,,,,,,,,,,,,,,,,,,,,,4,4,372,360,222,56,3,right,0,28,28,1,10,,,,,190,,,,,,,,,,,,,,,,,,,,,,,,,,,,,,,,,,,
10.937957874994026,unswapping,,,,,,,,,,,,,,,,,,,,,,,,,,,,,,,,,,,,,,,,,,,,,,,4,4,372,360,222,56,3,right,1,27,27,0,10,,,,,190,,,,,,,,,,,,,,,,,,,,,,,,,,,,,,,,,,,
11.020307540995418,unswapping,,,,,,,,,,,,,,,,,,,,,,,,,,,,,,,,,,,,,,,,,,,,,,,4,4,336,354,222,56,4,both,0,28,28,3,3,,,,,192,,,,,,,,,,,,,,,,,,,,,,,,,,,,,,,,,,,
11.056908500002464,unswapping,,,,,,,,,,,,,,,,,,,,,,,,,,,,,,,,,,,,,,,,,,,,,,,4,4,336,354,222,56,4,both,1,27,27,0,3,,,,,192,,,,,,,,,,,,,,,,,,,,,,,,,,,,,,,,,,,
11.076169915992068,unswapping,,,,,,,,,,,,,,,,,,,,,,,,,,,,,,,,,,,,,,,,,,,,,,,4,4,336,354,222,56,4,left,0,28,28,0,3,,,,,192,,,,,,,,,,,,,,,,,,,,,,,,,,,,,,,,,,,
11.095039040999836,unswapping,,,,,,,,,,,,,,,,,,,,,,,,,,,,,,,,,,,,,,,,,,,,,,,4,4,336,354,222,56,4,left,1,27,27,0,3,,,,,192,,,,,,,,,,,,,,,,,,,,,,,,,,,,,,,,,,,
11.114432165995822,unswapping,,,,,,,,,,,,,,,,,,,,,,,,,,,,,,,,,,,,,,,,,,,,,,,4,4,336,354,222,56,4,right,0,28,28,0,3,,,,,192,,,,,,,,,,,,,,,,,,,,,,,,,,,,,,,,,,,
11.133397124998737,unswapping,,,,,,,,,,,,,,,,,,,,,,,,,,,,,,,,,,,,,,,,,,,,,,,4,4,336,354,222,56,4,right,1,27,27,0,3,,,,,192,,,,,,,,,,,,,,,,,,,,,,,,,,,,,,,,,,,
11.170170208002673,unswapping,,,,,,,,,,,,,,,,,,,,,,,,,,,,,,,,,,,,,,,,,,,,,,,4,4,336,354,222,56,5,both,0,28,28,0,0,,,,,192,,,,,,,,,,,,,,,,,,,,,,,,,,,,,,,,,,,
11.206481083005201,unswapping,,,,,,,,,,,,,,,,,,,,,,,,,,,,,,,,,,,,,,,,,,,,,,,4,4,336,354,222,56,5,both,1,27,27,0,0,,,,,192,,,,,,,,,,,,,,,,,,,,,,,,,,,,,,,,,,,
11.225664832993061,unswapping,,,,,,,,,,,,,,,,,,,,,,,,,,,,,,,,,,,,,,,,,,,,,,,4,4,336,354,222,56,5,left,0,28,28,0,0,,,,,192,,,,,,,,,,,,,,,,,,,,,,,,,,,,,,,,,,,
11.244646916005877,unswapping,,,,,,,,,,,,,,,,,,,,,,,,,,,,,,,,,,,,,,,,,,,,,,,4,4,336,354,222,56,5,left,1,27,27,0,0,,,,,192,,,,,,,,,,,,,,,,,,,,,,,,,,,,,,,,,,,
11.263605750005809,unswapping,,,,,,,,,,,,,,,,,,,,,,,,,,,,,,,,,,,,,,,,,,,,,,,4,4,336,354,222,56,5,right,0,28,28,0,0,,,,,192,,,,,,,,,,,,,,,,,,,,,,,,,,,,,,,,,,,
11.282596082994132,unswapping,,,,,,,,,,,,,,,,,,,,,,,,,,,,,,,,,,,,,,,,,,,,,,,4,4,336,354,222,56,5,right,1,27,27,0,0,,,,,192,,,,,,,,,,,,,,,,,,,,,,,,,,,,,,,,,,,
11.365588208005647,unswap_cycle_summary,,,,,,,,,,,,4,3,7,,,,,,,,,,,,,,,,,,,512,0.0006,,,,,,,,,,,,,4,4,336,354,222,56,,,,,,,,,,,,,,,,,,,,1,5.336523167003179,7,1885,1878,7,False,,,,,,,,,,,,,,,,,,,,,
13.03997937499662,rewiring,left,post_unswap,1.67071604100056,1349,False,False,,,,,,,,,,,,,,,,,,,,,,,,,,,,,,,,,,,,,,,,,,,,,,,,,,,,,,,,,,,,,,,,,,1,,,,,,,20,False,7,1,none,0.0,123,1.6707100000057835,3.3011771659948863,,,,,,,,,,,,
14.670061583005008,rewiring,right,post_unswap,1.629747375001898,1552,False,False,,,,,,,,,,,,,,,,,,,,,,,,,,,,,,,,,,,,,,,,,,,,,,,,,,,,,,,,,,,,,,,,,,1,,,,,,,20,False,7,1,none,0.0,123,1.6297396250010934,3.3011771659948863,,,,,,,,,,,,
14.677427874994464,cycle_progress,,,,,,,,,,,,4,3,7,,,,,,,,,,,,,,,,,,,512,0.0006,,224,0,,,,,,,,,,4,4,336,354,222,56,,,,,,,,,,,,,,,,,,,,1,,7,1885,1878,7,False,,,,,,,,,3.3011771659948863,,,,,,,,,,,,
14.73810154099192,absorbing,,,,,,,L,1,0,1577,1548,4,3,7,12,0,0,0.028001874990877695,0.026594291004585102,0.0545961659954628,0.05538325000088662,336,660,4,4,False,False,False,False,336,4,False,512,0.0006,128,336,0,total_elems,336,660,1,1,,,,0.0,4,4,336,354,222,56,,,,,,,,,,,,,,,,,,,,,,,,,,,,,,,,,,,,,,,,,,,,,,,
14.797924165992299,absorbing,,,,,,,L,2,0,1577,1548,4,3,7,12,0,0,0.027445957995951176,0.026205457994365133,0.05365141599031631,0.054189709000638686,628,660,4,4,False,False,False,False,628,4,False,512,0.0006,128,336,0,total_elems,628,660,1,1,,,,0.0,4,4,628,422,222,56,,,,,,,,,,,,,,,,,,,,,,,,,,,,,,,,,,,,,,,,,,,,,,,
14.858477791000041,absorbing,,,,,,,R,2,1,1577,1548,4,3,7,12,0,0,0.02797616700991057,0.02651049999985844,0.05448666700976901,0.05502816700027324,1560,1028,8,4,False,False,False,False,1028,4,False,512,0.0006,128,336,0,total_elems,1560,1028,1,1,,,,0.0,4,4,1028,478,222,56,,,,,,,,,,,,,,,,,,,,,,,,,,,,,,,,,,,,,,,,,,,,,,,
14.919058333005523,absorbing,,,,,,,R,2,2,1577,1548,4,3,7,13,0,0,0.027885041999979876,0.026491000011446886,0.05437604201142676,0.05493154199211858,1868,1756,8,8,False,False,False,False,1756,8,False,512,0.0006,128,336,0,total_elems,1868,1756,1,1,,,,0.0,8,4,1756,542,222,56,,,,,,,,,,,,,,,,,,,,,,,,,,,,,,,,,,,,,,,,,,,,,,,
14.980327750003198,absorbing,,,,,,,L,3,2,1577,1548,5,3,8,12,1,1,0.028712791987345554,0.026333125002565794,0.05504591698991135,0.05558641700190492,2640,3676,8,16,False,False,False,False,2640,8,False,512,0.0006,128,336,0,total_elems,2640,3676,1,1,,,,0.0,8,4,2640,598,222,56,,,,,,,,,,,,,,,,,,,,,,,,,,,,,,,,,,,,,,,,,,,,,,,
14.985289582997211,termination,,,,,,,,,,,,5,3,8,,,,,,,,,,,,,,,,,,,512,0.0006,,,0,,,,,,,,,,8,4,2640,598,222,56,,,,,,,,,,,,,,,,,,,,1,,8,1885,1877,,False,,,,,,,,,,max_work_gates,consumed 8 work gates; target was 8,40,,,,,,,,,
14.985640750004677,timing_summary,,,5.900473457004409,,,,,,,,,,,,,,,,,,,,,,,,,,,,,,,,,,,,,,,,,,,0.0,,,,,,,,,,,,,,,,,,,,,,,,,,,,,,,,,,,,,,,,,5.901780082989717,,,,2.6000100410019513,2.6006029169948306,3.300463416002458,3.3011771659948863,3.3063235440058634,3.3177831260109087,5.336523167003179,14.554779750018497,14.556086376003805
